Workbook

Sheet Read Me
A1: CoQ Analysis Master — v25
A2: What it is | B2: Built 11.09.2026 on the owner's CoQ_Analysis_Master. Which certificate is credited to which parameter is the owner's; results, dates and laboratories are the desk's record: the release register, the page reads and the two-read extraction of every certificate in eCOA_DB. Nothing is invented; a value the reads disagreed on is held until a person rules on the page.
A4: SHEETS
A5: Read Me | B5: This sheet.
A6: Batch Coverage | B6: One row per lot: ✓/✗/○ for each of the 12 parameters, the missing list, and two pairs of document columns — the certificates the tracker actually cites with their laboratories, and separately the documents on file from the 09.09.2026 pass that the desk has not recorded. Both pairs are derived here from the tracker rather than carried forward, which is what let them drift apart. ○ counts as missing: nothing can be cited until the desk records the document. A grey ✓ is covered by the in-house iCoA.
A7: Delivery T1–T3 | B7: The 78 cultivation batches delivered in the three tranches of 31.07, 14.08 and 28.08.2026, each against its row on Batch Coverage: the P lot, the CoQ status, what is missing, and the potency the batch was delivered under beside the potency its own certificate reports.
A8: ImB Register | B8: The customer's certificate register, scanned 04.09.2026: 43 certificates for the earliest production, each against its desk lot — the strain as printed and as ruled, the manufacturing and retest dates, and the four lots the register skips inside the span it covers.
A9: Reconciliation 09.09 | B9: The owner's 09.09.2026 pass over the 387 certificates in eCoA_DATABASE against the desk, cell by cell: the parameters it closed on Batch Coverage, the cells the two records disagree about, and why the identity determinations stay blank on almost every lot — the iCoA that carries them has not been issued, and the in-house documents that do exist print no microscopy and no foreign-matter percentage.
A10: CoQ Parameter Tracker v25 | B10: One lot per block of two rows per testing instance: the result of each determination on the top row, the certificate that reports it (code, date, laboratory) beneath; acceptance criteria in row 3 and enforced; out-of-specification results in red and named in STATUS; the in-house iCoA cells cite the iCoA Register by key.
A11: Credit Audit | B11: Certificates credited on the owner's tracker that the desk holds no value from, with the reason.
A12: Credit Corrections | B12: The two corrections applied to the owner's credits (the Farmahem pair, CNP identification B), one row each; nothing written back to the owner's workbook.
A13: Work Order | B13: What a person must do next: certificates to ingest, values to read on the page, lots to record.
A14: Open Items | B14: The standing register of what the desk cannot decide: every finding raised and left to the owner, with what was found, what the desk did with it, the decision being asked for, and the evidence behind it. STATE is open (waiting, nothing printed), marked (the certificate prints the field bracketed in red and unticked) or ruled (kept for the record with the ruling). Built from open_items.py, which also writes OPEN_ITEMS.md.
A15: iCoA Issuance | B15: One row per P lot and series (initial release, retest): what its iCoA carries, the CNP references, the cannabinoid-assay eCoA that covers identification C, the codes and planned dates looked up on the registers.
A16: Batch Dates | B16: The Head of QC's harvest and packaging dates per batch (04.09.2026), as dates; the registers look their packaging dates up here.
... A20: Summary Dashboard | B20: Counts recomputed from Batch Coverage: lots, documents, complete / partial / incomplete, missing-parameter frequency.
A22: LEGEND (tracker and coverage)
A23: ✓ green | B23: A certificate is on file and its value is on the desk: an outsourced certificate (eCoA) or the in-house iCoA.
A24: ✓ grey | B24: Covered by the in-house iCoA only (identification A, identification B, foreign matter, tested at Purely Plant at packaging): coverage for the release CoQ (Head of QC, 04.09.2026).
A25: ✓ orange | B25: Stability-timepoint certificate — its value is not a release result.
A26: ✗ amber | B26: Certificate credited on the tracker, but the desk holds no value for this determination from it — the determination is not on that certificate, or the certificate never entered the record.
A27: ✗ red | B27: No certificate credited for the parameter.
A28: • | B28: A document on file that is not credited for the parameter (an old in-house Report of Analysis, an NGP form, the QCCoA 001 certificate): shown, not coverage.
A29: Conforms (ImB spec.) | B29: Identification C: conforms to the ImB specification on the certificate that carries the cannabinoid assay; the CoQ cites that eCoA (Head of QC, 04.09.2026).
A30: Red result | B30: Out of specification against the global acceptance criterion (row 3). Orange: undetermined (a Ph. Eur. band the result sits in).
A32: CONVENTIONS
A33: Batch names | B33: CU batch as the owner names it; a sub-lot digit belongs to the batch (FB012601_1), never to the certificate code; an asterisk (JD112501＊) marks a lot of its own. The laboratory prints the zero of a P-number as a letter O (PO60052); it is folded to P060052.
A34: Certificate codes | B34: As printed on the certificate (Cyrillic ППК codes kept). [Lab]: CNP (Faculty of Pharmacy, Center for Natural Products), IJZ-MB / IPH (Institute of Public Health), FHM-K / FHM-M (Farmahem), PP (Purely Plant, in-house).
A35: Dates | B35: DD.MM.YYYY. The Batch Dates and register sheets hold real dates; the tracker prints them as text inside the reference.
A36: Results | B36: Numeric results with the certificate's printed precision; qualitative results as text (Conforms, absent, <LOQ, ND). A microbiological range (< 10³ и > 10²) is judged by its upper bound.
A37: OOS check | B37: A result is flagged only when it provably exceeds its criterion; ND, <LOQ, <10 and absent pass; a value that cannot be parsed is never flagged.
A38: Formulas | B38: On the two registers the number, the code and the dates are formulas, and the iCoA Issuance sheet and the tracker's in-house cells look the registers up by key: insert a row and every code beneath moves by one.
A39: Print | B39: Every sheet: landscape, A3, one page wide, the header rows repeated; panes frozen under the header.
A40: Do not | B40: read counts from the eCOA_DB text layer. On five of six certificates checked it read the exponent or a digit too low, every time in the direction of a conforming result.
A42: RULINGS IN FORCE (Head of QC)
A43: 04.09.2026 · iCoA | B43: Identification A and B are tested at Purely Plant together with foreign matter at packaging (the first day, when the sample is taken before primary packaging), and ONE iCoA per P lot carries the three results for the release CoQ. Where a CNP certificate reports one of them, the CNP document code is the reference; where CNP reports all three, no iCoA is needed.
A44: 04.09.2026 · Ident C | B44: Identification C is 'Conforms', referenced to the eCoA that covers Total THC (the cannabinoid assay); for a Farmahem lot the K certificate.
A45: 04.09.2026 · decisions | B45: The two bile-tolerant gram-negative rows the reads disagreed on: P060262 < 10³ и > 10² CFU/g, P060432 < 10² и > 10 CFU/g (decisions_2026-09-04.tsv).
A46: 05.09.2026 · issuance | B46: Legacy lots (packed before the SOP floor of 11.05.2026, or holding an old in-house QCCoA 001 certificate): iCoAs issued together on 15.05.2026, CoQs (CoQ-PP_26-nnn, superseding the old certificate) on 27.05.2026, both in chronological order of packaging. Post-SOP lots: the iCoA on the first working day 5 days after packaging, the CoQ on the first working day 7 days after the latest eCoA it cites, never before 27.05.2026. Codes iCoA-PP_26-nnn and CoQ-PP_26-nnn, one series each for the year of issue.
A47: 05.09.2026 · retest | B47: The QP's retest campaign, sampled by tranche from July 2026: identification A, B and foreign matter in-house on every bag of the representative sample (one iCoA), cannabinoids with identification C and mycotoxins at Farmahem, microbiology at IJZ-MB; the reissued CoQ carries those results and the initial certificates for the rest. A retest certificate never certifies the initial CoQ; the IJZ-MB delivery of 25/26.08.2026 is campaign sampling for every lot.
A48: 05.09.2026 · missing | B48: A production lot whose initial certificate for a determination is not on file keeps its planned CoQ and number: the initial testing exists at CNP (microbiology: IJZ) and the certificate is to be located (Work Order).
A49: 09.09.2026 · reconciliation | B49: The owner's own pass over the 387 certificates in eCoA_DATABASE (CoQ_Analysis_Master_v20.xlsx) is taken in as the base for everything after it. cell_resolution.py refuses more than it accepts when filling a cell from it: no citable document code, an unissued certificate, or an unlabelled list of analyte values are each left blank rather than guessed.
A50: 10.09.2026 · release vs retest | B50: "The first value of a parameter obtained is counted as initial quality control testing; every other point of testing for any parameter from a batch is a retest." A result's round is its own position in its own parameter's history, never the certificate series it happens to sit in — one campaign can certify cannabinoids one day, microbiology another and metals a third, and that is still one testing period, not several (testing_series.py).
A51: 10.09.2026 · issuance dates | B51: Specification SOP approved 01.06.2026; nothing it governs is dated earlier. Internal CoA: tested and issued the first day of packaging (release) or the round's sampling date (retest), or 03.06.2026 where that day is before the SOP. Certificate of quality: 5–10 days after the last external certificate it cites (LAG_DAYS = 7) and never before its own internal CoA; anything that would land before the SOP issues on the blanket date 06.06.2026 — a Saturday, kept as given and flagged, because the owner's date outranks the desk's own working-day convention (issuance_schedule.py).
A52: 10.09.2026 · internal CoA scope | B52: One internal certificate per testing round, covering identification A, identification B and foreign matter ALWAYS — performed in house at packaging or sampling whatever an external laboratory also reports — plus any determination whose only result that round is in-house. In-house results are never referenced on a certificate of quality; they sit behind the internal certificate, which the CoQ cites. The register is standing: every internal certificate that exists or ever will, not only the ones a drafted lot needs (icoa_register.py).
A53: 10.09.2026 · untested analytes | B53: An analyte the laboratory never tested does not enter the certificate of quality at all — printed, not left blank, not marked ND. Where the initial mycotoxin testing ran only the total-aflatoxins method, Aflatoxin B₁ and Ochratoxin A are absent from that certificate; the retest date, once all three are tested, shows all three.
A54: 10.09.2026 · conformity wording | B54: 'Conforms | Одговара', in the same ENG/MK formatting convention as the rest of the certificate's bilingual text; every conformity result is printed bilingually, with no other Macedonian rendering of 'conforms' surviving on a certificate (result_vocabulary.py).
A55: 11.09.2026 · packaging date | B55: A batch packaged over more than one day is tested — and its internal certificate dated — on the FIRST day of that window, not the day packaging completed.
A57: VERSION HISTORY
A58: v7 | B58: The two-row block tracker: one lot per block, certificates stacked in date order, sub-determinations in their own columns, acceptance criteria in row 3 and enforced, out-of-specification results in red and named in STATUS.
A59: v9 | B59: Verified and slimmed to live in Drive: every decision-bearing value checked against the filed page (review/V8_TRUTH_CHECK_2026-09-02.md); three sheets of v8 (a flat results register, a flat tracker, a document index) were retired to the repository.
A60: v10 | B60: The 30 IJZ-MB certificates of 31.08 and 01.09.2026 as testing instances credited to #9; the iCoA rule; the Head of QC's harvest and packaging dates (Batch Dates); one iCoA per P lot; the iCoA Issuance sheet.
A61: v11 | B61: The iCoA Register and the CoQ Register (formula-driven); the ruling of 05.09.2026 on the legacy and post-SOP series; the retest campaign kept off the initial CoQs; the owner's edits to the Drive copies (row 4, result sizes, lot borders); one coverage row per lot.
A62: v12 | B62: The Delivery T1–T3 sheet: the 78 cultivation batches delivered in the three tranches of 31.07, 14.08 and 28.08.2026, each against its row on Batch Coverage.
A63: v13 | B63: The strain ruling (Cap Junky, Head of QC 07.09.2026) and the ImB Register: the customer's own certificate register, scanned 04.09.2026, 43 entries against their desk lots.
A64: v20 | B64: The owner's own workbook, built outside this pipeline and vendored in as the base for everything after it — not a version this desk produced.
A65: v21 | B65: The owner's v20 pass reconciled in: 387 certificates, all 600 determinations of Tranches 1 and 2 resolved through cell_resolution.py; 69 cells filled, 0 non-blank cells overwritten.
A66: v22 | B66: The rulings of 10.09.2026 written into the workbook's own live Excel formulas: release-versus-retest by position, the issuance dates, the internal-CoA register.
A67: v23 | B67: One controlled spelling per result (result_vocabulary.py): 175 non-canonical not-detected spellings to 0, the 'Одговара'/'Не одговара' confusion that read a laboratory's non-conformity as a pass (FB032601) corrected, untested analytes removed from certificates entirely, every conformity result made bilingual, the A4 page fit measured with the fonts it prints in and repaired (5 of 22 losing content → 0).
A68: v24 | B68: The internal-CoA number and the internal-CoA register unified on one definition: icoa_register.py is the standing series (a certificate a person can look up by code), and both the number and the row set on the iCoA Register sheet are taken from it rather than computed from a row's position — 95 of 95 series codes now on the sheet, up from 60.
A69: v25 | B69: The Read Me sheet's own version history and rulings-in-force brought forward from v11 / 05.09.2026 to this build — nine versions and six days of rulings that were built and verified but never written down here. Two findings promoted from doc prose that had never reached the standing register: OI-30 (the Loss on Drying method line is uniform across every lot and the desk holds no per-certificate method text to check it against) and OI-31 (six batches silently filed under one strain name, 'Gorilla Glue', where the delivery sheet keeps 'GG4' apart — never ruled, never tracked).

Sheet Batch Coverage
A1: CU Batch | B1: P Batch | C1: Strain | D1: Status | E1: 1 Identification A — Appearance | F1: 2 Identification B — Microscopy | G1: 3 Identification C — HPLC | H1: 4 Assay — Total Δ⁹-THC | I1: 5 Assay — Total CBD | J1: 6 Total CBN | K1: 7 Foreign Matter | L1: 8 Loss on Drying | M1: 9 Microbiological Purity | N1: 10 Mycotoxins | O1: 11 Heavy Metals | P1: 12 Pesticide Residues | Q1: Missing (n) | R1: Missing parameters | S1: Certificates (n) | T1: Labs present | U1: On file, not recorded (n) | V1: Labs on file, not recorded
A2: BG1024 | B2: — not assigned — | C2: Blue Gelato | D2: ✓ COMPLETE | E2: ✓ | F2: ✓ | G2: ✓ | H2: ✓ | I2: ✓ | J2: ✓ | K2: ✓ | L2: ✓ | M2: ✓ | N2: ✓ | O2: ✓ | P2: ✓ | Q2: 0 | R2: — | S2: 6 | T2: [CNP] 1; [FHM-K] 1; [FHM-M] 1; [IJZ] 1; [IJZ-MB] 1; [PP] 1 | U2: 0 | V2: —
A3: BSS1024 | B3: — not assigned — | C3: Blue Sunset Sherbet | D3: ✓ COMPLETE | E3: ✓ | F3: ✓ | G3: ✓ | H3: ✓ | I3: ✓ | J3: ✓ | K3: ✓ | L3: ✓ | M3: ✓ | N3: ✓ | O3: ✓ | P3: ✓ | Q3: 0 | R3: — | S3: 6 | T3: [CNP] 1; [FHM-K] 1; [FHM-M] 1; [IJZ] 1; [IJZ-MB] 1; [PP] 1 | U3: 0 | V3: —
A4: CC112501 | B4: P060272 | C4: CashCow | D4: ✓ COMPLETE | E4: ✓ | F4: ✓ | G4: ✓ | H4: ✓ | I4: ✓ | J4: ✓ | K4: ✓ | L4: ✓ | M4: ✓ | N4: ✓ | O4: ✓ | P4: ✓ | Q4: 0 | R4: — | S4: 5 | T4: [CNP] 1; [IJZ] 1; [IJZ-MB] 2; [PP] 1 | U4: 0 | V4: —
A5: CJ1024 | B5: — not assigned — | C5: Cap Junky | D5: ✓ COMPLETE | E5: ✓ | F5: ✓ | G5: ✓ | H5: ✓ | I5: ✓ | J5: ✓ | K5: ✓ | L5: ✓ | M5: ✓ | N5: ✓ | O5: ✓ | P5: ✓ | Q5: 0 | R5: — | S5: 5 | T5: [CNP] 1; [IJZ] 1; [IJZ-MB] 2; [PP] 1 | U5: 0 | V5: —
A6: FB012601_1 | B6: P060322 | C6: Fat Bastard | D6: ✓ COMPLETE | E6: ✓ | F6: ✓ | G6: ✓ | H6: ✓ | I6: ✓ | J6: ✓ | K6: ✓ | L6: ✓ | M6: ✓ | N6: ✓ | O6: ✓ | P6: ✓ | Q6: 0 | R6: — | S6: 4 | T6: [CNP] 1; [IJZ] 1; [IJZ-MB] 1; [PP] 1 | U6: 0 | V6: —
A7: FB012603 | B7: P060432 | C7: Fat Bastard | D7: ○ 3 ON FILE, NOT RECORDED | E7: ✓ | F7: ✓ | G7: ✓ | H7: ✓ | I7: ✓ | J7: ✓ | K7: ✓ | L7: ✓ | M7: ✓ | N7: ○ | O7: ○ | P7: ○ | Q7: 3 | R7: #10 Mycotoxins (on file 09.09, not recorded); #11 Heavy metals (on file 09.09, not recorded); #12 Pesticides (on file 09.09, not recorded) | S7: 2 | T7: [CNP] 1; [IJZ-MB] 1 | U7: 1 | V7: [IJZ] 1
A8: FB012603V | B8: P060392 | C8: Fat Bastard | D8: ○ 3 ON FILE, NOT RECORDED | E8: ✓ | F8: ✓ | G8: ✓ | H8: ✓ | I8: ✓ | J8: ✓ | K8: ✓ | L8: ✓ | M8: ✓ | N8: ○ | O8: ○ | P8: ○ | Q8: 3 | R8: #10 Mycotoxins (on file 09.09, not recorded); #11 Heavy metals (on file 09.09, not recorded); #12 Pesticides (on file 09.09, not recorded) | S8: 2 | T8: [CNP] 1; [IJZ-MB] 1 | U8: 1 | V8: [IJZ] 1
A9: FB032601 | B9: P060452 | C9: Fat Bastard | D9: ○ 4 ON FILE, NOT RECORDED | E9: ✓ | F9: ✓ | G9: ✓ | H9: ✓ | I9: ✓ | J9: ✓ | K9: ✓ | L9: ✓ | M9: ○ | N9: ○ | O9: ○ | P9: ○ | Q9: 4 | R9: #9 Microbiology (on file 09.09, not recorded); #10 Mycotoxins (on file 09.09, not recorded); #11 Heavy metals (on file 09.09, not recorded); #12 Pesticides (on file 09.09, not recorded) | S9: 1 | T9: [CNP] 1 | U9: 2 | V9: [IJZ] 1; [IJZ-MB] 1
A10: FB112501 | B10: P060292 | C10: Fat Bastard | D10: ✓ COMPLETE | E10: ✓ | F10: ✓ | G10: ✓ | H10: ✓ | I10: ✓ | J10: ✓ | K10: ✓ | L10: ✓ | M10: ✓ | N10: ✓ | O10: ✓ | P10: ✓ | Q10: 0 | R10: — | S10: 5 | T10: [CNP] 1; [IJZ] 1; [IJZ-MB] 2; [PP] 1 | U10: 0 | V10: —
A11: GG012601＊ | B11: P060302 | C11: Gorilla Glue | D11: ✓ COMPLETE | E11: ✓ | F11: ✓ | G11: ✓ | H11: ✓ | I11: ✓ | J11: ✓ | K11: ✓ | L11: ✓ | M11: ✓ | N11: ✓ | O11: ✓ | P11: ✓ | Q11: 0 | R11: — | S11: 5 | T11: [CNP] 1; [IJZ] 1; [IJZ-MB] 2; [PP] 1 | U11: 0 | V11: —
A12: GG012603 | B12: P060402 | C12: Gorilla Glue | D12: ○ 3 ON FILE, NOT RECORDED | E12: ✓ | F12: ✓ | G12: ✓ | H12: ✓ | I12: ✓ | J12: ✓ | K12: ✓ | L12: ✓ | M12: ○ | N12: ✓ | O12: ○ | P12: ○ | Q12: 3 | R12: #9 Microbiology (on file 09.09, not recorded); #11 Heavy metals (on file 09.09, not recorded); #12 Pesticides (on file 09.09, not recorded) | S12: 3 | T12: [CNP] 1; [FHM-K] 1; [FHM-M] 1 | U12: 2 | V12: [IJZ] 1; [IJZ-MB] 1
A13: GG032601 | B13: P060462 | C13: Gorilla Glue | D13: ❌ 4 MISSING | E13: ✓ | F13: ✓ | G13: ✓ | H13: ✓ | I13: ✓ | J13: ✓ | K13: ✓ | L13: ✓ | M13: ✗ | N13: ○ | O13: ✗ | P13: ○ | Q13: 4 | R13: #9 Microbiology; #10 Mycotoxins (on file 09.09, not recorded); #11 Heavy metals; #12 Pesticides (on file 09.09, not recorded) | S13: 1 | T13: [CNP] 1 | U13: 1 | V13: [IJZ] 1
... A15: GG112501 | B15: P060252 | C15: Gorilla Glue | D15: ✓ COMPLETE | E15: ✓ | F15: ✓ | G15: ✓ | H15: ✓ | I15: ✓ | J15: ✓ | K15: ✓ | L15: ✓ | M15: ✓ | N15: ✓ | O15: ✓ | P15: ✓ | Q15: 0 | R15: — | S15: 5 | T15: [CNP] 1; [IJZ] 1; [IJZ-MB] 2; [PP] 1 | U15: 0 | V15: —
A16: GRC102501 | B16: P060142 / P060182 | D16: ⚠ 3 MISSING | E16: ✓ | F16: ✓ | G16: ✓ | H16: ✓ | I16: ✓ | J16: ✓ | K16: ✓ | L16: ✓ | M16: ✓ | N16: ✗ | O16: ○ | P16: ○ | Q16: 3 | R16: #10 Mycotoxins; #11 Heavy metals (on file 09.09, not recorded); #12 Pesticides (on file 09.09, not recorded) | S16: 5 | T16: [FHM-K] 2; [IJZ-MB] 1; [PP] 2 | U16: 1 | V16: [IJZ] 1
A17: HPA1024 | B17: — not assigned — | C17: High Pro Amnesia | D17: ❌ 4 MISSING | E17: ✓ | F17: ✓ | G17: ✓ | H17: ✓ | I17: ✓ | J17: ✓ | K17: ✓ | L17: ✗ | M17: ✗ | N17: ✓ | O17: ✗ | P17: ✗ | Q17: 4 | R17: #8 LoD; #9 Microbiology; #11 Heavy metals; #12 Pesticides | S17: 4 | T17: [FHM-K] 1; [FHM-M] 1; [PP] 2 | U17: 0 | V17: —
A18: J31102501 | B18: P060152 | C18: Jokerz 31 | D18: ○ 3 ON FILE, NOT RECORDED | E18: ✓ | F18: ✓ | G18: ✓ | H18: ✓ | I18: ✓ | J18: ✓ | K18: ✓ | L18: ✓ | M18: ○ | N18: ✓ | O18: ○ | P18: ○ | Q18: 3 | R18: #9 Microbiology (on file 09.09, not recorded); #11 Heavy metals (on file 09.09, not recorded); #12 Pesticides (on file 09.09, not recorded) | S18: 5 | T18: [FHM-K] 3; [FHM-M] 1; [PP] 1 | U18: 2 | V18: [IJZ] 1; [IJZ-MB] 1
A19: J31112501 | B19: P060202 | C19: Jokerz 31 | D19: ○ 3 ON FILE, NOT RECORDED | E19: ✓ | F19: ✓ | G19: ✓ | H19: ✓ | I19: ✓ | J19: ✓ | K19: ✓ | L19: ✓ | M19: ✓ | N19: ○ | O19: ○ | P19: ○ | Q19: 3 | R19: #10 Mycotoxins (on file 09.09, not recorded); #11 Heavy metals (on file 09.09, not recorded); #12 Pesticides (on file 09.09, not recorded) | S19: 8 | T19: [FHM-K] 6; [IJZ-MB] 1; [PP] 1 | U19: 1 | V19: [IJZ] 1
A20: J31122501 | B20: P060262 | C20: Jokerz 31 | D20: ⚠ 1 MISSING | E20: ✓ | F20: ✓ | G20: ✓ | H20: ✓ | I20: ✓ | J20: ✓ | K20: ✓ | L20: ✗ | M20: ✓ | N20: ✓ | O20: ✓ | P20: ✓ | Q20: 1 | R20: #8 LoD | S20: 8 | T20: [FHM-K] 2; [IJZ] 2; [IJZ-MB] 3; [PP] 1 | U20: 0 | V20: —
A21: JD012601＊ | B21: P060312 | C21: Jelly Donutz | D21: ✓ COMPLETE | E21: ✓ | F21: ✓ | G21: ✓ | H21: ✓ | I21: ✓ | J21: ✓ | K21: ✓ | L21: ✓ | M21: ✓ | N21: ✓ | O21: ✓ | P21: ✓ | Q21: 0 | R21: — | S21: 5 | T21: [CNP] 1; [IJZ] 1; [IJZ-MB] 2; [PP] 1 | U21: 0 | V21: —
A22: JD012603 | B22: P060362 / P060412 / P060422 | D22: ○ 4 ON FILE, NOT RECORDED | E22: ✓ | F22: ✓ | G22: ✓ | H22: ✓ | I22: ✓ | J22: ✓ | K22: ✓ | L22: ✓ | M22: ○ | N22: ○ | O22: ○ | P22: ○ | Q22: 4 | R22: #9 Microbiology (on file 09.09, not recorded); #10 Mycotoxins (on file 09.09, not recorded); #11 Heavy metals (on file 09.09, not recorded); #12 Pesticides (on file 09.09, not recorded) | S22: 2 | T22: [CNP] 2 | U22: 5 | V22: [IJZ] 2; [IJZ-MB] 3
A23: JD022601 | B23: P060482 | C23: JellyDonutz | D23: ○ 4 ON FILE, NOT RECORDED | E23: ✓ | F23: ✓ | G23: ✓ | H23: ✓ | I23: ✓ | J23: ✓ | K23: ✓ | L23: ✓ | M23: ○ | N23: ○ | O23: ○ | P23: ○ | Q23: 4 | R23: #9 Microbiology (on file 09.09, not recorded); #10 Mycotoxins (on file 09.09, not recorded); #11 Heavy metals (on file 09.09, not recorded); #12 Pesticides (on file 09.09, not recorded) | S23: 1 | T23: [CNP] 1 | U23: 2 | V23: [IJZ] 1; [IJZ-MB] 1
A24: JD112501 | B24: P060212 | C24: Jelly Donutz | D24: ✓ COMPLETE | E24: ✓ | F24: ✓ | G24: ✓ | H24: ✓ | I24: ✓ | J24: ✓ | K24: ✓ | L24: ✓ | M24: ✓ | N24: ✓ | O24: ✓ | P24: ✓ | Q24: 0 | R24: — | S24: 6 | T24: [CNP] 1; [FHM-K] 1; [FHM-M] 1; [IJZ] 1; [IJZ-MB] 1; [PP] 1 | U24: 0 | V24: —
A25: JD112501＊ | B25: — not assigned — | C25: Jelly Donutz | D25: ✓ COMPLETE | E25: ✓ | F25: ✓ | G25: ✓ | H25: ✓ | I25: ✓ | J25: ✓ | K25: ✓ | L25: ✓ | M25: ✓ | N25: ✓ | O25: ✓ | P25: ✓ | Q25: 0 | R25: — | S25: 4 | T25: [CNP] 1; [IJZ] 1; [IJZ-MB] 1; [PP] 1 | U25: 0 | V25: —
A26: KC102501 | B26: P060172 | C26: Kush Crasher | D26: ○ 4 ON FILE, NOT RECORDED | E26: ✓ | F26: ✓ | G26: ✓ | H26: ✓ | I26: ✓ | J26: ✓ | K26: ✓ | L26: ✓ | M26: ○ | N26: ○ | O26: ○ | P26: ○ | Q26: 4 | R26: #9 Microbiology (on file 09.09, not recorded); #10 Mycotoxins (on file 09.09, not recorded); #11 Heavy metals (on file 09.09, not recorded); #12 Pesticides (on file 09.09, not recorded) | S26: 3 | T26: [FHM-K] 2; [PP] 1 | U26: 2 | V26: [IJZ] 1; [IJZ-MB] 1
A27: OPM1024 | B27: — not assigned — | C27: Orange Punch Mimosa | D27: ❌ 4 MISSING | E27: ✓ | F27: ✓ | G27: ✓ | H27: ✓ | I27: ✓ | J27: ✓ | K27: ✓ | L27: ✗ | M27: ✗ | N27: ✓ | O27: ✗ | P27: ✗ | Q27: 4 | R27: #8 LoD; #9 Microbiology; #11 Heavy metals; #12 Pesticides | S27: 4 | T27: [FHM-K] 1; [FHM-M] 1; [PP] 2 | U27: 0 | V27: —
A28: OPM112501 | B28: P060222 | C28: Orange Punch Mimosa | D28: ❌ 4 MISSING | E28: ✓ | F28: ✓ | G28: ✓ | H28: ✓ | I28: ✓ | J28: ✗ | K28: ✓ | L28: ✓ | M28: ✓ | N28: ✗ | O28: ○ | P28: ○ | Q28: 4 | R28: #6 CBN; #10 Mycotoxins; #11 Heavy metals (on file 09.09, not recorded); #12 Pesticides (on file 09.09, not recorded) | S28: 3 | T28: [CNP] 1; [IJZ-MB] 1; [PP] 1 | U28: 1 | V28: [IJZ] 1
A29: OPM122501 | B29: P060242 | C29: Orange Punch Mimosa | D29: ✓ COMPLETE | E29: ✓ | F29: ✓ | G29: ✓ | H29: ✓ | I29: ✓ | J29: ✓ | K29: ✓ | L29: ✓ | M29: ✓ | N29: ✓ | O29: ✓ | P29: ✓ | Q29: 0 | R29: — | S29: 7 | T29: [FHM-K] 3; [FHM-M] 1; [IJZ] 1; [IJZ-MB] 1; [PP] 1 | U29: 0 | V29: —
A30: GG1024_02 | B30: P050012 | C30: Gorilla Glue | D30: ✓ COMPLETE | E30: ✓ | F30: ✓ | G30: ✓ | H30: ✓ | I30: ✓ | J30: ✓ | K30: ✓ | L30: ✓ | M30: ✓ | N30: ✓ | O30: ✓ | P30: ✓ | Q30: 0 | R30: — | S30: 5 | T30: [CNP] 1; [IJZ] 1; [IJZ-MB] 2; [PP] 1 | U30: 0 | V30: —
A31: GP0824_02 | B31: P050022 | C31: Grape Pie | D31: ✓ COMPLETE | E31: ✓ | F31: ✓ | G31: ✓ | H31: ✓ | I31: ✓ | J31: ✓ | K31: ✓ | L31: ✓ | M31: ✓ | N31: ✓ | O31: ✓ | P31: ✓ | Q31: 0 | R31: — | S31: 12 | T31: [CNP] 5; [FHM-K] 1; [FHM-M] 1; [IJZ] 2; [IJZ-MB] 2; [PP] 1 | U31: 0 | V31: —
A32: MB0824_04 | B32: P050032 | C32: Motor Breath | D32: ⚠ 1 MISSING | E32: ✓ | F32: ✓ | G32: ✓ | H32: ✓ | I32: ✓ | J32: ✗ | K32: ✓ | L32: ✓ | M32: ✓ | N32: ✓ | O32: ✓ | P32: ✓ | Q32: 1 | R32: #6 CBN | S32: 5 | T32: [CNP] 1; [IJZ] 1; [IJZ-MB] 2; [PP] 1 | U32: 0 | V32: —
A33: OMP1024_01 | B33: P050042 | C33: Orange Punch Mimosa | D33: ✓ COMPLETE | E33: ✓ | F33: ✓ | G33: ✓ | H33: ✓ | I33: ✓ | J33: ✓ | K33: ✓ | L33: ✓ | M33: ✓ | N33: ✓ | O33: ✓ | P33: ✓ | Q33: 0 | R33: — | S33: 4 | T33: [CNP] 1; [IJZ] 1; [IJZ-MB] 1; [PP] 1 | U33: 0 | V33: —
A34: HPA1024_01 | B34: P050052 | C34: High Pro Amnesia | D34: ✓ COMPLETE | E34: ✓ | F34: ✓ | G34: ✓ | H34: ✓ | I34: ✓ | J34: ✓ | K34: ✓ | L34: ✓ | M34: ✓ | N34: ✓ | O34: ✓ | P34: ✓ | Q34: 0 | R34: — | S34: 6 | T34: [CNP] 1; [FHM-K] 1; [FHM-M] 1; [IJZ] 1; [IJZ-MB] 1; [PP] 1 | U34: 0 | V34: —
... A67: GP092501 | B67: P060092 | C67: Grape Pie | D67: ✓ COMPLETE | E67: ✓ | F67: ✓ | G67: ✓ | H67: ✓ | I67: ✓ | J67: ✓ | K67: ✓ | L67: ✓ | M67: ✓ | N67: ✓ | O67: ✓ | P67: ✓ | Q67: 0 | R67: — | S67: 4 | T67: [CNP] 1; [IJZ] 1; [IJZ-MB] 1; [PP] 1 | U67: 0 | V67: —
A68: CC012601/1 | B68: P060332 | D68: ❌ 4 MISSING | E68: ✓ | F68: ✓ | G68: ✓ | H68: ✓ | I68: ✓ | J68: ✓ | K68: ✓ | L68: ✗ | M68: ○ | N68: ✓ | O68: ✗ | P68: ✗ | Q68: 4 | R68: #8 LoD; #9 Microbiology (on file 09.09, not recorded); #11 Heavy metals; #12 Pesticides | S68: 3 | T68: [FHM-K] 1; [FHM-M] 1; [PP] 1 | U68: 1 | V68: [IJZ-MB] 1
A69: FB012602* | B69: P060352 | C69: Fat Bastard | D69: ❌ 4 MISSING | E69: ✓ | F69: ✓ | G69: ✓ | H69: ✓ | I69: ✓ | J69: ✓ | K69: ✓ | L69: ✗ | M69: ○ | N69: ✓ | O69: ✗ | P69: ✗ | Q69: 4 | R69: #8 LoD; #9 Microbiology (on file 09.09, not recorded); #11 Heavy metals; #12 Pesticides | S69: 3 | T69: [FHM-K] 1; [FHM-M] 1; [PP] 1 | U69: 1 | V69: [IJZ-MB] 1
A70: SCR012603 | B70: P060382 | C70: Scrambler | D70: ❌ 4 MISSING | E70: ✓ | F70: ✓ | G70: ✓ | H70: ✓ | I70: ✓ | J70: ✓ | K70: ✓ | L70: ✗ | M70: ○ | N70: ✓ | O70: ✗ | P70: ✗ | Q70: 4 | R70: #8 LoD; #9 Microbiology (on file 09.09, not recorded); #11 Heavy metals; #12 Pesticides | S70: 3 | T70: [FHM-K] 1; [FHM-M] 1; [PP] 1 | U70: 1 | V70: [IJZ-MB] 1
A71: — not recorded — (P160012) | B71: P160012 | D71: ○ 4 ON FILE, NOT RECORDED | E71: ✓ | F71: ✓ | G71: ✓ | H71: ✓ | I71: ✓ | J71: ✓ | K71: ✓ | L71: ✓ | M71: ○ | N71: ○ | O71: ○ | P71: ○ | Q71: 4 | R71: #9 Microbiology (on file 09.09, not recorded); #10 Mycotoxins (on file 09.09, not recorded); #11 Heavy metals (on file 09.09, not recorded); #12 Pesticides (on file 09.09, not recorded) | S71: 1 | T71: [CNP] 1 | U71: 2 | V71: [IJZ] 1; [IJZ-MB] 1
A72: — not recorded — (P160022) | B72: P160022 | D72: ○ 4 ON FILE, NOT RECORDED | E72: ✓ | F72: ✓ | G72: ✓ | H72: ✓ | I72: ✓ | J72: ✓ | K72: ✓ | L72: ✓ | M72: ○ | N72: ○ | O72: ○ | P72: ○ | Q72: 4 | R72: #9 Microbiology (on file 09.09, not recorded); #10 Mycotoxins (on file 09.09, not recorded); #11 Heavy metals (on file 09.09, not recorded); #12 Pesticides (on file 09.09, not recorded) | S72: 1 | T72: [CNP] 1 | U72: 2 | V72: [IJZ] 1; [IJZ-MB] 1
A73: — not recorded — (P160032) | B73: P160032 | D73: ○ 4 ON FILE, NOT RECORDED | E73: ✓ | F73: ✓ | G73: ✓ | H73: ✓ | I73: ✓ | J73: ✓ | K73: ✓ | L73: ✓ | M73: ○ | N73: ○ | O73: ○ | P73: ○ | Q73: 4 | R73: #9 Microbiology (on file 09.09, not recorded); #10 Mycotoxins (on file 09.09, not recorded); #11 Heavy metals (on file 09.09, not recorded); #12 Pesticides (on file 09.09, not recorded) | S73: 1 | T73: [CNP] 1 | U73: 2 | V73: [IJZ] 1; [IJZ-MB] 1
A74: PM112501 | B74: P060232 | C74: Permanent Market | D74: ❌ 4 MISSING | E74: ✓ | F74: ✓ | G74: ✓ | H74: ✓ | I74: ✓ | J74: ✓ | K74: ✓ | L74: ✓ | M74: ○ | N74: ✗ | O74: ○ | P74: ○ | Q74: 4 | R74: #9 Microbiology (on file 09.09, not recorded); #10 Mycotoxins; #11 Heavy metals (on file 09.09, not recorded); #12 Pesticides (on file 09.09, not recorded) | S74: 2 | T74: [CNP] 1; [PP] 1 | U74: 2 | V74: [IJZ] 1; [IJZ-MB] 1
A75: SCR022601 | B75: P060442 | C75: Scrambler | D75: ○ 3 ON FILE, NOT RECORDED | E75: ✓ | F75: ✓ | G75: ✓ | H75: ✓ | I75: ✓ | J75: ✓ | K75: ✓ | L75: ✓ | M75: ✓ | N75: ○ | O75: ○ | P75: ○ | Q75: 3 | R75: #10 Mycotoxins (on file 09.09, not recorded); #11 Heavy metals (on file 09.09, not recorded); #12 Pesticides (on file 09.09, not recorded) | S75: 2 | T75: [CNP] 1; [IJZ-MB] 1 | U75: 1 | V75: [IJZ] 1
A76: SCR112501 | B76: P060282 | C76: Scrambler | D76: ✓ COMPLETE | E76: ✓ | F76: ✓ | G76: ✓ | H76: ✓ | I76: ✓ | J76: ✓ | K76: ✓ | L76: ✓ | M76: ✓ | N76: ✓ | O76: ✓ | P76: ✓ | Q76: 0 | R76: — | S76: 4 | T76: [CNP] 1; [IJZ] 1; [IJZ-MB] 1; [PP] 1 | U76: 0 | V76: —
A77: SJ102501 | B77: P060162 | C77: Sleepy Joy | D77: ⚠ 3 MISSING | E77: ✓ | F77: ✓ | G77: ✓ | H77: ✓ | I77: ✓ | J77: ✓ | K77: ✓ | L77: ✓ | M77: ✓ | N77: ✗ | O77: ✗ | P77: ○ | Q77: 3 | R77: #10 Mycotoxins; #11 Heavy metals; #12 Pesticides (on file 09.09, not recorded) | S77: 4 | T77: [FHM-K] 2; [IJZ-MB] 1; [PP] 1 | U77: 1 | V77: [IJZ] 1
A78: SJ112501 | B78: P060192 | C78: Sleepy Joy | D78: ○ 4 ON FILE, NOT RECORDED | E78: ✓ | F78: ✓ | G78: ✓ | H78: ✓ | I78: ✓ | J78: ✓ | K78: ✓ | L78: ✓ | M78: ○ | N78: ○ | O78: ○ | P78: ○ | Q78: 4 | R78: #9 Microbiology (on file 09.09, not recorded); #10 Mycotoxins (on file 09.09, not recorded); #11 Heavy metals (on file 09.09, not recorded); #12 Pesticides (on file 09.09, not recorded) | S78: 3 | T78: [FHM-K] 2; [PP] 1 | U78: 2 | V78: [IJZ] 1; [IJZ-MB] 1
A79: BSS1024_01/2 | B79: P050142 | C79: Blue Sunset Sherbet | D79: ❌ 8 MISSING | E79: ✓ | F79: ✓ | G79: ✗ | H79: ✗ | I79: ✗ | J79: ✗ | K79: ✓ | L79: ✗ | M79: ✓ | N79: ✗ | O79: ✗ | P79: ✗ | Q79: 8 | R79: #3 Ident. C; #4 Δ⁹-THC; #5 CBD; #6 CBN; #8 LoD; #10 Mycotoxins; #11 Heavy metals; #12 Pesticides | S79: 2 | T79: [IJZ-MB] 1; [PP] 1 | U79: 0 | V79: —
A80: WED102501 | B80: P060102 | C80: Wedding Cake | D80: ○ 8 ON FILE, NOT RECORDED | E80: ✓ | F80: ✓ | G80: ○ | H80: ○ | I80: ○ | J80: ○ | K80: ✓ | L80: ○ | M80: ✓ | N80: ○ | O80: ○ | P80: ○ | Q80: 8 | R80: #3 Ident. C (on file 09.09, not recorded); #4 Δ⁹-THC (on file 09.09, not recorded); #5 CBD (on file 09.09, not recorded); #6 CBN (on file 09.09, not recorded); #8 LoD (on file 09.09, not recorded); #10 Mycotoxins (on file 09.09, not recorded); #11 Heavy metals (on file 09.09, not recorded); #12 Pesticides (on file 09.09, not recorded) | S80: 2 | T80: [IJZ-MB] 1; [PP] 1 | U80: 3 | V80: [FHM] 2; [IJZ] 1
A81: SCR012601* | B81: P060342 | C81: Scrambler | D81: ❌ 8 MISSING | E81: ✓ | F81: ✓ | G81: ✗ | H81: ✗ | I81: ✗ | J81: ✗ | K81: ✓ | L81: ✗ | M81: ✓ | N81: ✗ | O81: ✗ | P81: ✗ | Q81: 8 | R81: #3 Ident. C; #4 Δ⁹-THC; #5 CBD; #6 CBN; #8 LoD; #10 Mycotoxins; #11 Heavy metals; #12 Pesticides | S81: 2 | T81: [IJZ-MB] 1; [PP] 1 | U81: 0 | V81: —

Sheet Delivery T1–T3
A1: Tranche | B1: Delivered | C1: Batch (as delivered) | D1: Strain | E1: kg | F1: Bracket | G1: Declared | H1: P lot | I1: Desk lot | J1: CoQ status | K1: Missing | L1: Total THC on the eCoA | M1: Certificate | N1: Δ | O1: Ready to issue
A2: 1 | B2: 31.07.2026 | C2: BG1024 | D2: Blue Gelato | E2: 43.87 | F2: 19–22% | G2: 0.218 | H2: — | I2: BG1024 | J2: ✓ COMPLETE | K2: — | L2: 0.218 | M2: ППК25050 | N2: 0 | O2: yes — all 12 determinations covered
A3: 1 | B3: 31.07.2026 | C3: BSS1024 | D3: Blue Sunset Sherbet | E3: 50.2 | F3: 19–22% | G3: 0.21 | H3: — | I3: BSS1024 | J3: ✓ COMPLETE | K3: — | L3: 0.2103 | M3: ППК25051 | N3: 0.0003 | O3: yes — all 12 determinations covered
A4: 1 | B4: 31.07.2026 | C4: CC012601/1 | D4: CashCow | E4: 9.15 | F4: 13–16% | G4: 0.1563 | H4: P060332 | I4: CC012601/1 | J4: ❌ 4 MISSING | K4: #8 LoD; #9 Microbiology (on file 09.09, not recorded); #11 Heavy metals; #12 Pesticides | L4: — none on the desk — | M4: — | N4: — | O4: no — 4 missing
A5: 1 | B5: 31.07.2026 | C5: CJ052501/01 | D5: Cap Junky | E5: 64.53 | F5: 19–22% | G5: 0.2029 | H5: P050162 | I5: CJ052501/01 | J5: ✓ COMPLETE | K5: — | L5: 0.2029 | M5: None | N5: 0 | O5: yes — all 12 determinations covered
A6: 1 | B6: 31.07.2026 | C6: CJ062501/2 | D6: Cap Junky | E6: 146.52 | F6: 16–19% | G6: 0.1656 | H6: P050212 | I6: CJ062501/2 | J6: ✓ COMPLETE | K6: — | L6: 0.1656 | M6: ППК25322 | N6: 0 | O6: yes — all 12 determinations covered
A7: 1 | B7: 31.07.2026 | C7: CJ082501/2 | D7: Cap Junky | E7: 14.75 | F7: 19–22% | G7: 0.2084 | H7: P060032 | I7: CJ082501/2 | J7: ✓ COMPLETE | K7: — | L7: 0.2084 | M7: ППК26003 | N7: 0 | O7: yes — all 12 determinations covered
A8: 1 | B8: 31.07.2026 | C8: FB012602 | D8: Fat Bastard | E8: 75.92 | F8: 19–22% | G8: 0.1977 | H8: P060352 | I8: FB012602* (the desk writes it FB012602*) | J8: ❌ 4 MISSING | K8: #8 LoD; #9 Microbiology (on file 09.09, not recorded); #11 Heavy metals; #12 Pesticides | L8: — none on the desk — | M8: — | N8: — | O8: no — 4 missing
A9: 1 | B9: 31.07.2026 | C9: GG012603 | D9: GG4 | E9: 40 | F9: 13–16% | G9: 0.1559 | H9: P060402 | I9: GG012603 | J9: ○ 3 ON FILE, NOT RECORDED | K9: #9 Microbiology (on file 09.09, not recorded); #11 Heavy metals (on file 09.09, not recorded); #12 Pesticides (on file 09.09, not recorded) | L9: 0.1759 | M9: ППК26114 | N9: 0.02 | O9: no — 3 on file, not recorded | POTENCY: the certificate reads 17.59 %, outside the 13–16% it was delivered under
A10: 1 | B10: 31.07.2026 | C10: GG1024_01 | D10: Gorilla Glue | E10: 0.87 | F10: 16–19% | G10: 0.17 | H10: P050092 | I10: GG1024_01 | J10: ✓ COMPLETE | K10: — | L10: 0.1722 | M10: ППК25104 | N10: 0.0022 | O10: yes — all 12 determinations covered
A11: 1 | B11: 31.07.2026 | C11: GP052501 | D11: Grape Pie | E11: 151.14 | F11: 16–19% | G11: 0.1898 | H11: P050152 | I11: GP052501 | J11: ✓ COMPLETE | K11: — | L11: 0.1898 | M11: ППК25279 | N11: 0 | O11: yes — all 12 determinations covered
A12: 1 | B12: 31.07.2026 | C12: GP0824_02 | D12: Grape Pie | E12: 208.46 | F12: 22–25% | G12: 0.2379 | H12: P050022 | I12: GP0824_02 | J12: ✓ COMPLETE | K12: — | L12: 0.2379 | M12: ППК25139 | N12: 0 | O12: yes — all 12 determinations covered
A13: 1 | B13: 31.07.2026 | C13: GP082501/2 | D13: Grape Pie | E13: 22.84 | F13: 13–16% | G13: 0.1483 | H13: P050322 | I13: GP082501/2 | J13: ✓ COMPLETE | K13: — | L13: 0.1483 | M13: ППК25381 | N13: 0 | O13: yes — all 12 determinations covered
A14: 1 | B14: 31.07.2026 | C14: HPA1024 | D14: High Pro Amnesia | E14: 40.83 | F14: 13–16% | G14: 0.1497 | H14: — | I14: HPA1024 | J14: ❌ 4 MISSING | K14: #8 LoD; #9 Microbiology; #11 Heavy metals; #12 Pesticides | L14: 0.1497 | M14: None | N14: 0 | O14: no — 4 missing
A15: 1 | B15: 31.07.2026 | C15: HPA1024_01 | D15: High Pro Amnesia | E15: 140.5 | F15: 22–25% | G15: 0.2243 | H15: P050052 | I15: HPA1024_01 | J15: ✓ COMPLETE | K15: — | L15: 0.2243 | M15: None | N15: 0 | O15: yes — all 12 determinations covered
A16: 1 | B16: 31.07.2026 | C16: J31102501 | D16: Jokerz 31 | E16: 23.64 | F16: 19–22% | G16: 0.1914 | H16: P060152 | I16: J31102501 | J16: ○ 3 ON FILE, NOT RECORDED | K16: #9 Microbiology (on file 09.09, not recorded); #11 Heavy metals (on file 09.09, not recorded); #12 Pesticides (on file 09.09, not recorded) | L16: 0.1914 | M16: 051-1-К/26 | N16: 0 | O16: no — 3 on file, not recorded
A17: 1 | B17: 31.07.2026 | C17: JD112501 | D17: Jelly Donuts | E17: 41.54 | F17: 19–22% | G17: 0.1964 | H17: P060212 | I17: JD112501 | J17: ✓ COMPLETE | K17: — | L17: 0.1964 | M17: ППК26063 | N17: 0 | O17: yes — all 12 determinations covered
A18: 1 | B18: 31.07.2026 | C18: OPM1024 | D18: Orange Punch Mimosa | E18: 45.46 | F18: 19–22% | G18: 0.1996 | H18: — | I18: OPM1024 | J18: ❌ 4 MISSING | K18: #8 LoD; #9 Microbiology; #11 Heavy metals; #12 Pesticides | L18: 0.1996 | M18: None | N18: 0 | O18: no — 4 missing
A19: 1 | B19: 31.07.2026 | C19: OPM1024_02 | D19: Orange Punch Mimosa | E19: 156.14 | F19: 16–19% | G19: 0.1827 | H19: P050062 | I19: OPM1024_02 | J19: ✓ COMPLETE | K19: — | L19: 0.1827 | M19: ППК25154 | N19: 0 | O19: yes — all 12 determinations covered
A20: 1 | B20: 31.07.2026 | C20: OPM122501 | D20: Orange Punch Mimosa | E20: 104.26 | F20: 10–13% | G20: 0.11 | H20: P060242 | I20: OPM122501 | J20: ✓ COMPLETE | K20: — | L20: 0.0809 | M20: 100-4-К/26 | N20: -0.0291 | O20: yes — all 12 determinations covered | POTENCY: the certificate reads 8.09 %, outside the 10–13% it was delivered under
A21: 1 | B21: 31.07.2026 | C21: PM092501 | D21: Permanent Marker | E21: 20.23 | F21: 13–16% | G21: 0.1406 | H21: P060062 | I21: PM092501 | J21: ✓ COMPLETE | K21: — | L21: — none on the desk — | M21: — | N21: — | O21: yes — all 12 determinations covered
A22: 1 | B22: 31.07.2026 | C22: SCR012603 | D22: Scrambler | E22: 79.81 | F22: 16–19% | G22: 0.17 | H22: P060382 | I22: SCR012603 | J22: ❌ 4 MISSING | K22: #8 LoD; #9 Microbiology (on file 09.09, not recorded); #11 Heavy metals; #12 Pesticides | L22: — none on the desk — | M22: — | N22: — | O22: no — 4 missing
A23: 2 | B23: 14.08.2026 | C23: ACC102501 | D23: Amnesia Core Cut | E23: 38.88 | F23: 10–13% | G23: 0.1291 | H23: P060122 | I23: — | J23: — CERTIFICATES ON FILE, NO TRACKER ROW — | K23: no lot on the tracker for this batch; certificates found on 09.09.2026 cover #3 Identification C; #4 Total Δ⁹-THC; #5 Total CBD; #6 Total CBN; #8 Loss on drying; #9 Microbiological purity; #10 Mycotoxins; #11 Heavy metals; #12 Pesticide residues — see Reconciliation 09.09 | L23: — none on the desk — | M23: — | N23: — | O23: NO — certificates are on file but the batch is on no tracker lot; add the lot, then re-run
A24: 2 | B24: 14.08.2026 | C24: BSS052501 | D24: Blue Sunset Sherbet | E24: 345.71 | F24: 19–22% | G24: 0.2047 | H24: P050192 | I24: BSS052501 | J24: ⚠ 2 MISSING | K24: #6 CBN; #8 LoD | L24: 0.2039 | M24: 2025/ | N24: -0.0008 | O24: no — 2 missing
A25: 2 | B25: 14.08.2026 | C25: CC012603 | D25: CashCow | E25: 56.18 | F25: 10–13% | G25: 0.1232 | H25: P060372 | I25: — | J25: — CERTIFICATES ON FILE, NO TRACKER ROW — | K25: no lot on the tracker for this batch; certificates found on 09.09.2026 cover #9 Microbiological purity — see Reconciliation 09.09 | L25: — none on the desk — | M25: — | N25: — | O25: NO — certificates are on file but the batch is on no tracker lot; add the lot, then re-run
A26: 2 | B26: 14.08.2026 | C26: CF102501 | D26: Chem Flyer | E26: 48.35 | F26: 7–10% | G26: 0.0983 | H26: P060132 | I26: — | J26: — CERTIFICATES ON FILE, NO TRACKER ROW — | K26: no lot on the tracker for this batch; certificates found on 09.09.2026 cover #3 Identification C; #4 Total Δ⁹-THC; #5 Total CBD; #6 Total CBN; #8 Loss on drying; #9 Microbiological purity; #10 Mycotoxins; #11 Heavy metals; #12 Pesticide residues — see Reconciliation 09.09 | L26: — none on the desk — | M26: — | N26: — | O26: NO — certificates are on file but the batch is on no tracker lot; add the lot, then re-run
A27: 2 | B27: 14.08.2026 | C27: CJ062501/1 | D27: Cap Junky | E27: 77.72 | F27: 19–22% | G27: 0.2151 | H27: P050222 | I27: CJ062501/1 | J27: ✓ COMPLETE | K27: — | L27: 0.2151 | M27: ППК25321 | N27: 0 | O27: yes — all 12 determinations covered
A28: 2 | B28: 14.08.2026 | C28: CJ082501/1 | D28: Cap Junky | E28: 115.6 | F28: 22–25% | G28: 0.2496 | H28: P060022 | I28: CJ082501/1 | J28: ✓ COMPLETE | K28: — | L28: 0.2496 | M28: ППК26002 | N28: 0 | O28: yes — all 12 determinations covered
A29: 2 | B29: 14.08.2026 | C29: CJ092501 | D29: Cap Junky | E29: 28.38 | F29: 22–25% | G29: 0.223 | H29: P060072 | I29: CJ092501 | J29: ✓ COMPLETE | K29: — | L29: 0.223 | M29: ППК26007 | N29: 0 | O29: yes — all 12 determinations covered
A30: 2 | B30: 14.08.2026 | C30: CLE072501 | D30: Clemosa | E30: 27.07 | F30: 7–10% | G30: 0.0802 | H30: P050282 | I30: CLE072501 | J30: ✓ COMPLETE | K30: — | L30: 0.0802 | M30: ППК25370 | N30: 0 | O30: yes — all 12 determinations covered
A31: 2 | B31: 14.08.2026 | C31: FB012601/1 | D31: Fat Bastard | E31: 8.85 | F31: 13–16% | G31: 0.1468 | H31: P060322 | I31: FB012601_1 | J31: ✓ COMPLETE | K31: — | L31: 0.1468 | M31: ППК26067 | N31: 0 | O31: yes — all 12 determinations covered
A32: 2 | B32: 14.08.2026 | C32: GG1024 | D32: Gorilla Glue | E32: 44.84 | F32: 13–16% | G32: 0.1334 | H32: — | I32: GG1024 | J32: ❌ 9 MISSING | K32: #3 Ident. C (on file 09.09, not recorded); #4 Δ⁹-THC (on file 09.09, not recorded); #5 CBD (on file 09.09, not recorded); #6 CBN; #8 LoD (on file 09.09, not recorded); #9 Microbiology (on file 09.09, not recorded); #10 Mycotoxins (on file 09.09, not recorded); #11 Heavy metals (on file 09.09, not recorded); #12 Pesticides (on file 09.09, not recorded) | L32: 0.1334 | M32: None | N32: 0 | O32: no — 9 missing
A33: 2 | B33: 14.08.2026 | C33: GP072501/2 | D33: Grape Pie | E33: 13.63 | F33: 19–22% | G33: 0.1981 | H33: P050302 | I33: GP072501/2 | J33: ✓ COMPLETE | K33: — | L33: 0.1981 | M33: ППК25379 | N33: 0 | O33: yes — all 12 determinations covered
A34: 2 | B34: 14.08.2026 | C34: GP0824_03 | D34: Grape Pie | E34: 237.67 | F34: ≥ 25% | G34: 0.2545 | H34: P050072 | I34: GP0824_03 | J34: ✓ COMPLETE | K34: — | L34: 0.2545 | M34: ППК25175 | N34: 0 | O34: yes — all 12 determinations covered
A35: 2 | B35: 14.08.2026 | C35: GP082501/1 | D35: Grape Pie | E35: 200.42 | F35: 19–22% | G35: 0.2129 | H35: P050312 | I35: GP082501/1 | J35: ✓ COMPLETE | K35: — | L35: 0.2129 | M35: ППК25380 | N35: 0 | O35: yes — all 12 determinations covered
A36: 2 | B36: 14.08.2026 | C36: GP092501 | D36: Grape Pie | E36: 171.03 | F36: ≥ 25% | G36: 0.2573 | H36: P060092 | I36: GP092501 | J36: ✓ COMPLETE | K36: — | L36: 0.2573 | M36: ППК26009 | N36: 0 | O36: yes — all 12 determinations covered
A37: 2 | B37: 14.08.2026 | C37: GRC102501/2 | D37: Grapes and Cream | E37: 20.17 | F37: 10–13% | G37: 0.1153 | H37: P060182 | I37: GRC102501 (through its P lot; the desk row is the roll-up GRC102501) | J37: ⚠ 3 MISSING | K37: #10 Mycotoxins; #11 Heavy metals (on file 09.09, not recorded); #12 Pesticides (on file 09.09, not recorded) | L37: 0.1153 | M37: None | N37: 0 | O37: no — 3 missing
A38: 2 | B38: 14.08.2026 | C38: HPA052501 | D38: High Pro Amnesia | E38: 249.95 | F38: 19–22% | G38: 0.2039 | H38: P050182 | I38: HPA052501 | J38: ✓ COMPLETE | K38: — | L38: 0.2039 | M38: ППК25278 | N38: 0 | O38: yes — all 12 determinations covered
A39: 2 | B39: 14.08.2026 | C39: JD012603/01 | D39: Jelly Donuts | E39: 12 | F39: 16–19% | G39: 0.1671 | H39: P060362 | I39: JD012603 (through its P lot; the desk row is the roll-up JD012603) | J39: ○ 4 ON FILE, NOT RECORDED | K39: #9 Microbiology (on file 09.09, not recorded); #10 Mycotoxins (on file 09.09, not recorded); #11 Heavy metals (on file 09.09, not recorded); #12 Pesticides (on file 09.09, not recorded) | L39: — none on the desk — | M39: — | N39: — | O39: no — 4 on file, not recorded
A40: 2 | B40: 14.08.2026 | C40: JD012603/02 | D40: Jelly Donuts | E40: 46 | F40: 13–16% | G40: 0.133 | H40: P060412 | I40: JD012603 (through its P lot; the desk row is the roll-up JD012603) | J40: ○ 4 ON FILE, NOT RECORDED | K40: #9 Microbiology (on file 09.09, not recorded); #10 Mycotoxins (on file 09.09, not recorded); #11 Heavy metals (on file 09.09, not recorded); #12 Pesticides (on file 09.09, not recorded) | L40: 0.2054 | M40: ППК26113 | N40: 0.0724 | O40: no — 4 on file, not recorded | POTENCY: the certificate reads 20.54 %, outside the 13–16% it was delivered under
A41: 2 | B41: 14.08.2026 | C41: JD012603/02V | D41: Jelly Donuts | E41: 11 | F41: 13–16% | G41: 0.1497 | H41: P060422 | I41: JD012603 (through its P lot; the desk row is the roll-up JD012603) | J41: ○ 4 ON FILE, NOT RECORDED | K41: #9 Microbiology (on file 09.09, not recorded); #10 Mycotoxins (on file 09.09, not recorded); #11 Heavy metals (on file 09.09, not recorded); #12 Pesticides (on file 09.09, not recorded) | L41: 0.1516 | M41: ППК26111 | N41: 0.0019 | O41: no — 4 on file, not recorded
A42: 2 | B42: 14.08.2026 | C42: KC102501 | D42: Kush Crasher | E42: 21.67 | F42: 16–19% | G42: 0.174 | H42: P060172 | I42: KC102501 | J42: ○ 4 ON FILE, NOT RECORDED | K42: #9 Microbiology (on file 09.09, not recorded); #10 Mycotoxins (on file 09.09, not recorded); #11 Heavy metals (on file 09.09, not recorded); #12 Pesticides (on file 09.09, not recorded) | L42: 0.1704 | M42: 051-4-К/26 | N42: -0.0036 | O42: no — 4 on file, not recorded
A43: 2 | B43: 14.08.2026 | C43: MB0824_05 | D43: Motor Breath | E43: 244.06 | F43: 16–19% | G43: 0.1682 | H43: P050112 | I43: MB0824_05 | J43: ✓ COMPLETE | K43: — | L43: 0.1682 | M43: None | N43: 0 | O43: yes — all 12 determinations covered
A44: 2 | B44: 14.08.2026 | C44: OMP1024_01 | D44: Orange Punch Mimosa | E44: 213.59 | F44: 13–16% | G44: 0.1538 | H44: P050042 | I44: OMP1024_01 | J44: ✓ COMPLETE | K44: — | L44: — none on the desk — | M44: — | N44: — | O44: yes — all 12 determinations covered
A45: 2 | B45: 14.08.2026 | C45: OPM092501 | D45: Orange Punch Mimosa | E45: 14.76 | F45: 7–10% | G45: 0.0943 | H45: P060042 | I45: OPM092501 | J45: ✓ COMPLETE | K45: — | L45: 0.0943 | M45: ППК26008 | N45: 0 | O45: yes — all 12 determinations covered
A46: 2 | B46: 14.08.2026 | C46: OPM1024_03 | D46: Orange Punch Mimosa | E46: 267.59 | F46: 16–19% | G46: 0.1655 | H46: P050082 | I46: OPM1024_03 | J46: ✓ COMPLETE | K46: — | L46: 0.1655 | M46: ППК25210 | N46: 0 | O46: yes — all 12 determinations covered
A47: 2 | B47: 14.08.2026 | C47: PM112501 | D47: Permanent Marker | E47: 48.09 | F47: 13–16% | G47: 0.13 | H47: P060232 | I47: PM112501 | J47: ❌ 4 MISSING | K47: #9 Microbiology (on file 09.09, not recorded); #10 Mycotoxins; #11 Heavy metals (on file 09.09, not recorded); #12 Pesticides (on file 09.09, not recorded) | L47: 0.1333 | M47: ППК26030 | N47: 0.0033 | O47: no — 4 missing
A48: 2 | B48: 14.08.2026 | C48: PUM102501 | D48: Pure Michigen | E48: 49.91 | F48: 13–16% | G48: 0.1563 | H48: P060112 | I48: — | J48: — CERTIFICATES ON FILE, NO TRACKER ROW — | K48: no lot on the tracker for this batch; certificates found on 09.09.2026 cover #3 Identification C; #4 Total Δ⁹-THC; #5 Total CBD; #6 Total CBN; #8 Loss on drying; #9 Microbiological purity; #10 Mycotoxins; #11 Heavy metals; #12 Pesticide residues — see Reconciliation 09.09 | L48: — none on the desk — | M48: — | N48: — | O48: NO — certificates are on file but the batch is on no tracker lot; add the lot, then re-run
A49: 2 | B49: 14.08.2026 | C49: SCR112501 | D49: Scrambler | E49: 23.44 | F49: 16–19% | G49: 0.1713 | H49: P060282 | I49: SCR112501 | J49: ✓ COMPLETE | K49: — | L49: 0.1713 | M49: ППК26069 | N49: 0 | O49: yes — all 12 determinations covered
A50: 2 | B50: 14.08.2026 | C50: SJ092501 | D50: Sleepy Joe | E50: 28.68 | F50: 10–13% | G50: 0.1096 | H50: — | I50: SJ0925021 (through the certificates that print this batch (85/2026, 9/0012/26, ППК26006); the desk names the lot SJ0925021) | J50: ✓ COMPLETE | K50: — | L50: 0.1096 | M50: ППК26006 | N50: 0 | O50: yes — all 12 determinations covered
A51: 2 | B51: 14.08.2026 | C51: WC082501 | D51: Wedding Crusher | E51: 82.63 | F51: 19–22% | G51: 0.2167 | H51: P060012 | I51: WC082501 | J51: ✓ COMPLETE | K51: — | L51: 0.2167 | M51: ППК26001 | N51: 0 | O51: yes — all 12 determinations covered
A52: 3 | B52: 28.08.2026 | C52: AB092501 | D52: Appels & Bananas | E52: 24.37 | F52: 16–19% | G52: 0.1693 | H52: P060052 | I52: AB092501 | J52: ✓ COMPLETE | K52: — | L52: 0.1693 | M52: ППК26005 | N52: 0 | O52: yes — all 12 determinations covered
A53: 3 | B53: 28.08.2026 | C53: BSS1024_01/1 | D53: Blue Sunset Sherbet | E53: 251.02 | F53: 22–25% | G53: 0.2342 | H53: P050122 | I53: BSS1024_01/1 | J53: ✓ COMPLETE | K53: — | L53: — none on the desk — | M53: — | N53: — | O53: yes — all 12 determinations covered
A54: 3 | B54: 28.08.2026 | C54: CC112501 | D54: CashCow | E54: 13.94 | F54: 13–16% | G54: 0.1335 | H54: P060272 | I54: CC112501 | J54: ✓ COMPLETE | K54: — | L54: 0.1335 | M54: ППК26068 | N54: 0 | O54: yes — all 12 determinations covered
A55: 3 | B55: 28.08.2026 | C55: CJ052501/02 | D55: Cap Junky | E55: 43.95 | F55: 13–16% | G55: 0.1449 | H55: P050172 | I55: CJ052501/02 | J55: ✓ COMPLETE | K55: — | L55: 0.1493 | M55: ППК25281 | N55: 0.0044 | O55: yes — all 12 determinations covered
A56: 3 | B56: 28.08.2026 | C56: CJ072501 | D56: Cap Junky | E56: 39.72 | F56: 22–25% | G56: 0.237 | H56: P050252 | I56: CJ072501 | J56: ✓ COMPLETE | K56: — | L56: 0.237 | M56: ППК25367 | N56: 0 | O56: yes — all 12 determinations covered
A57: 3 | B57: 28.08.2026 | C57: CJ1024 | D57: Cap Junky | E57: 21.21 | F57: 22–25% | G57: 0.23 | H57: — | I57: CJ1024 | J57: ✓ COMPLETE | K57: — | L57: 0.23 | M57: ППК25052 | N57: 0 | O57: yes — all 12 determinations covered
A58: 3 | B58: 28.08.2026 | C58: FB012603 | D58: Fat Bastard | E58: 75 | F58: 13–16% | G58: 0.1465 | H58: P060432 | I58: FB012603 | J58: ○ 3 ON FILE, NOT RECORDED | K58: #10 Mycotoxins (on file 09.09, not recorded); #11 Heavy metals (on file 09.09, not recorded); #12 Pesticides (on file 09.09, not recorded) | L58: 0.2083 | M58: ППК26112 | N58: 0.0618 | O58: no — 3 on file, not recorded | POTENCY: the certificate reads 20.83 %, outside the 13–16% it was delivered under
A59: 3 | B59: 28.08.2026 | C59: FB012603V | D59: Fat Bastard | E59: 16 | F59: 13–16% | G59: 0.156 | H59: P060392 | I59: FB012603V | J59: ○ 3 ON FILE, NOT RECORDED | K59: #10 Mycotoxins (on file 09.09, not recorded); #11 Heavy metals (on file 09.09, not recorded); #12 Pesticides (on file 09.09, not recorded) | L59: 0.1829 | M59: ППК26110 | N59: 0.0269 | O59: no — 3 on file, not recorded | POTENCY: the certificate reads 18.29 %, outside the 13–16% it was delivered under
A60: 3 | B60: 28.08.2026 | C60: FB112501 | D60: Fat Bastard | E60: 42.1 | F60: 16–19% | G60: 0.1669 | H60: P060292 | I60: FB112501 | J60: ✓ COMPLETE | K60: — | L60: 0.1669 | M60: ППК26066 | N60: 0 | O60: yes — all 12 determinations covered
A61: 3 | B61: 28.08.2026 | C61: GG012601 | D61: GG4 | E61: 77.85 | F61: 13–16% | G61: 0.1535 | H61: P060302 | I61: GG012601＊ (the desk writes it GG012601*) | J61: ✓ COMPLETE | K61: — | L61: 0.1535 | M61: ППК26062 | N61: 0 | O61: yes — all 12 determinations covered
A62: 3 | B62: 28.08.2026 | C62: GG1024_02 | D62: Gorilla Glue | E62: 184.89 | F62: 13–16% | G62: 0.1595 | H62: P050012 | I62: GG1024_02 | J62: ✓ COMPLETE | K62: — | L62: 0.1595 | M62: ППК25140 | N62: 0 | O62: yes — all 12 determinations covered
A63: 3 | B63: 28.08.2026 | C63: GG112501 | D63: GG4 | E63: 56.19 | F63: 16–19% | G63: 0.1794 | H63: P060252 | I63: GG112501 | J63: ✓ COMPLETE | K63: — | L63: 0.1794 | M63: ППК26061 | N63: 0 | O63: yes — all 12 determinations covered
A64: 3 | B64: 28.08.2026 | C64: GP062501 | D64: Grape Pie | E64: 303.41 | F64: 22–25% | G64: 0.2289 | H64: P050202 | I64: GP062501 | J64: ⚠ 1 MISSING | K64: #6 CBN | L64: 0.2489 | M64: NGP/QCG/SOP-024-Ver02 F3-Ver.02 | N64: 0.02 | O64: no — 1 missing
A65: 3 | B65: 28.08.2026 | C65: GP072501/1 | D65: Grape Pie | E65: 229.79 | F65: 19–22% | G65: 0.2136 | H65: P050292 | I65: GP072501/1 | J65: ✓ COMPLETE | K65: — | L65: 0.2136 | M65: ППК25378 | N65: 0 | O65: yes — all 12 determinations covered
A66: 3 | B66: 28.08.2026 | C66: GRC102501/1 | D66: Grapes and Cream | E66: 10.69 | F66: 7–10% | G66: 0.0705 | H66: P060142 | I66: GRC102501 (through its P lot; the desk row is the roll-up GRC102501) | J66: ⚠ 3 MISSING | K66: #10 Mycotoxins; #11 Heavy metals (on file 09.09, not recorded); #12 Pesticides (on file 09.09, not recorded) | L66: — none on the desk — | M66: — | N66: — | O66: no — 3 missing
A67: 3 | B67: 28.08.2026 | C67: J31112501 | D67: Jokerz 31 | E67: 86.38 | F67: ≥ 25% | G67: 0.25 | H67: P060202 | I67: J31112501 | J67: ○ 3 ON FILE, NOT RECORDED | K67: #10 Mycotoxins (on file 09.09, not recorded); #11 Heavy metals (on file 09.09, not recorded); #12 Pesticides (on file 09.09, not recorded) | L67: 0.2527 | M67: None | N67: 0.0027 | O67: no — 3 on file, not recorded
A68: 3 | B68: 28.08.2026 | C68: J31122501 | D68: Jokerz 31 | E68: 136.64 | F68: 19–22% | G68: 0.2177 | H68: P060262 | I68: J31122501 | J68: ⚠ 1 MISSING | K68: #8 LoD | L68: — none on the desk — | M68: — | N68: — | O68: no — 1 missing
A69: 3 | B69: 28.08.2026 | C69: JD012601 | D69: Jelly Donuts | E69: 78.93 | F69: 16–19% | G69: 0.1816 | H69: P060312 | I69: JD012601＊ (the desk writes it JD012601*) | J69: ✓ COMPLETE | K69: — | L69: 0.1816 | M69: ППК26064 | N69: 0 | O69: yes — all 12 determinations covered
A70: 3 | B70: 28.08.2026 | C70: MB0824_04 | D70: Motor Breath | E70: 175.22 | F70: 16–19% | G70: 0.1867 | H70: P050032 | I70: MB0824_04 | J70: ⚠ 1 MISSING | K70: #6 CBN | L70: — none on the desk — | M70: — | N70: — | O70: no — 1 missing
A71: 3 | B71: 28.08.2026 | C71: OPM052501 | D71: Orange Punch Mimosa | E71: 292.95 | F71: 13–16% | G71: 0.1416 | H71: P050132 | I71: OPM052501 | J71: ⚠ 1 MISSING | K71: #6 CBN | L71: — none on the desk — | M71: — | N71: — | O71: no — 1 missing
A72: 3 | B72: 28.08.2026 | C72: OPM112501 | D72: Orange Punch Mimosa | E72: 39.37 | F72: 7–10% | G72: 0.08 | H72: P060222 | I72: OPM112501 | J72: ❌ 4 MISSING | K72: #6 CBN; #10 Mycotoxins; #11 Heavy metals (on file 09.09, not recorded); #12 Pesticides (on file 09.09, not recorded) | L72: — none on the desk — | M72: — | N72: — | O72: no — 4 missing
A73: 3 | B73: 28.08.2026 | C73: PM072501 | D73: Permanent Marker | E73: 26.78 | F73: 10–13% | G73: 0.1001 | H73: P050272 | I73: PM072501 | J73: ⚠ 1 MISSING | K73: #6 CBN | L73: — none on the desk — | M73: — | N73: — | O73: no — 1 missing
A74: 3 | B74: 28.08.2026 | C74: SCR012601 | D74: Scrambler | E74: 90 | F74: 16–19% | G74: 0.1807 | H74: P060342 | I74: SCR012601* (the desk writes it SCR012601*) | J74: ❌ 8 MISSING | K74: #3 Ident. C; #4 Δ⁹-THC; #5 CBD; #6 CBN; #8 LoD; #10 Mycotoxins; #11 Heavy metals; #12 Pesticides | L74: — none on the desk — | M74: — | N74: — | O74: no — 8 missing
A75: 3 | B75: 28.08.2026 | C75: SCR022601 | D75: Scrambler | E75: 210 | F75: 16–19% | G75: 0.16 | H75: P060442 | I75: SCR022601 | J75: ○ 3 ON FILE, NOT RECORDED | K75: #10 Mycotoxins (on file 09.09, not recorded); #11 Heavy metals (on file 09.09, not recorded); #12 Pesticides (on file 09.09, not recorded) | L75: — none on the desk — | M75: — | N75: — | O75: no — 3 on file, not recorded
A76: 3 | B76: 28.08.2026 | C76: SJ102501 | D76: Sleepy Joe | E76: 66.37 | F76: 10–13% | G76: 0.112 | H76: P060162 | I76: SJ102501 | J76: ⚠ 3 MISSING | K76: #10 Mycotoxins; #11 Heavy metals; #12 Pesticides (on file 09.09, not recorded) | L76: 0.112 | M76: 051-3-К/26 | N76: 0 | O76: no — 3 missing
A77: 3 | B77: 28.08.2026 | C77: SJ112501 | D77: Sleepy Joe | E77: 48.6 | F77: 7–10% | G77: 0.09 | H77: P060192 | I77: SJ112501 | J77: ○ 4 ON FILE, NOT RECORDED | K77: #9 Microbiology (on file 09.09, not recorded); #10 Mycotoxins (on file 09.09, not recorded); #11 Heavy metals (on file 09.09, not recorded); #12 Pesticides (on file 09.09, not recorded) | L77: — none on the desk — | M77: — | N77: — | O77: no — 4 on file, not recorded
A78: 3 | B78: 28.08.2026 | C78: WC072501 | D78: Wedding Crusher | E78: 29.95 | F78: 22–25% | G78: 0.2211 | H78: P050262 | I78: WC072501 | J78: ✓ COMPLETE | K78: — | L78: 0.2211 | M78: ППК25369 | N78: 0 | O78: yes — all 12 determinations covered
A79: 3 | B79: 28.08.2026 | C79: WED102501 | D79: Wedding Cake | E79: 34.41 | F79: 22–25% | G79: 0.2205 | H79: P060102 | I79: WED102501 | J79: ○ 8 ON FILE, NOT RECORDED | K79: #3 Ident. C (on file 09.09, not recorded); #4 Δ⁹-THC (on file 09.09, not recorded); #5 CBD (on file 09.09, not recorded); #6 CBN (on file 09.09, not recorded); #8 LoD (on file 09.09, not recorded); #10 Mycotoxins (on file 09.09, not recorded); #11 Heavy metals (on file 09.09, not recorded); #12 Pesticides (on file 09.09, not recorded) | L79: — none on the desk — | M79: — | N79: — | O79: no — 8 on file, not recorded
A81: The three deliveries of 31.07, 14.08 and 28.08.2026 (Tranches Overview, the owner's sheet), verbatim in tranches_raw_2026-09-07.csv and reconciled against its own ВКУПНО totals. 'Desk lot' is the row on Batch Coverage this batch resolves to: directly, through the asterisk the delivery list drops, or through the P lot the Head of QC's list gives it. A roll-up in that column means the desk holds ONE row for several delivered sub-lots, so its coverage is not a statement about this sub-lot alone. 'Total THC on the eCoA' is the desk's record of the certificate for that batch, not a recalculation. A red potency line is not a desk error: the batch was delivered in a bracket its own certificate contradicts, and only the QP can settle which is right. Ready to issue: 44 of 78; short of coverage: 30; nothing on file: 4; potency contradicted: 5.

Sheet ImB Register
A1: Cert No | B1: Strain (as printed) | C1: Strain (ruled) | D1: Batch | E1: Manufactured | F1: Retest | G1: Desk lot | H1: CoQ status | I1: Note
A2: 041 | B2: Cap Junky | C2: Cap Junky | D2: P060022 | E2: December 2025 | F2: July 2026 | G2: CJ082501/1 | H2: ✓ COMPLETE
A3: 040 | B3: Orange Punch Mimosa | C3: Orange Punch Mimosa | D3: P060042 | E3: December 2026 | F3: July 2026 | G3: OPM092501 | H3: ✓ COMPLETE
A4: 039 | B4: Cap Junky | C4: Cap Junky | D4: P060072 | E4: December 2026 | F4: July 2026 | G4: CJ092501 | H4: ✓ COMPLETE
A5: 038 | B5: Sleepy Joy | C5: Sleepy Joy | D5: P060082 | E5: December 2025 | F5: July 2026 | G5: SJ0925021 | H5: ✓ COMPLETE | I5: strain unresolved: Sleepy Joe (delivery sheet) vs Sleepy Joy (certificate register, P060082)
A6: 037 | B6: Apple and Banana | C6: Apple and Banana | D6: P060052 | E6: December 2025 | F6: July 2026 | G6: AB092501 | H6: ✓ COMPLETE | I6: strain unresolved: Appels & Bananas (delivery sheet) vs Apple and Banana (certificate register, P060052)
A7: 036 | B7: Permanent Market | C7: Permanent Market | D7: P060062 | E7: December 2026 | F7: July 2026 | G7: PM092501 | H7: ✓ COMPLETE | I7: strain unresolved: Permanent Marker (delivery sheet) vs Permanent Market (certificate register, P060062 and P050272)
A8: 035 | B8: Wedding Crasher | C8: Wedding Crasher | D8: P060012 | E8: December 2026 | F8: July 2026 | G8: WC082501 | H8: ✓ COMPLETE | I8: strain unresolved: Wedding Crusher (delivery sheet) vs Wedding Crasher (certificate register, P060012 and P050262)
A9: 034 | B9: Cap Junky | C9: Cap Junky | D9: P060032 | E9: December 2025 | F9: July 2026 | G9: CJ082501/2 | H9: ✓ COMPLETE
A10: 033 | B10: Grape Pie | C10: Grape Pie | D10: P060092 | E10: December 2025 | F10: July 2026 | G10: GP092501 | H10: ✓ COMPLETE
A11: 032 | B11: Cap Junky | C11: Cap Junky | D11: P050222 | E11: September 2025 | F11: April 2026 | G11: CJ062501/1 | H11: ✓ COMPLETE
A12: 031 | B12: Cap Junky | C12: Cap Junky | D12: P050252 | E12: October 2025 | F12: May 2026 | G12: CJ072501 | H12: ✓ COMPLETE
A13: 030 | B13: Wedding Crasher | C13: Wedding Crasher | D13: P050262 | E13: October 2025 | F13: May 2026 | G13: WC072501 | H13: ✓ COMPLETE | I13: strain unresolved: Wedding Crusher (delivery sheet) vs Wedding Crasher (certificate register, P060012 and P050262)
A14: 029 | B14: Grape Pie | C14: Grape Pie | D14: P050152 | E14: August 2025 | F14: March 2026 | G14: GP052501 | H14: ✓ COMPLETE
A15: 028 | B15: Cap Junkie | C15: Cap Junky | D15: P050212 | E15: September 2025 | F15: April 2026 | G15: CJ062501/2 | H15: ✓ COMPLETE | I15: strain ruled Cap Junky; the register prints Cap Junkie
A16: 027 | B16: Clemosa a Bud | C16: Clemosa a Bud | D16: P050282 | E16: October 2025 | F16: May 2026 | G16: CLE072501 | H16: ✓ COMPLETE | I16: strain unresolved: Clemosa (delivery sheet) vs Clemosa a Bud (certificate register, P050282)
A17: 026 | B17: Permanent Market | C17: Permanent Market | D17: P050272 | E17: October 2025 | F17: May 2026 | G17: PM072501 | H17: ⚠ 1 MISSING | I17: strain unresolved: Permanent Marker (delivery sheet) vs Permanent Market (certificate register, P060062 and P050272)
A18: 025 | B18: Motor Breath | C18: Motor Breath | D18: P050112 | E18: July 2025 | F18: February 2025 | G18: MB0824_05 | H18: ✓ COMPLETE
A19: 024 | B19: Orange Punch Mimosa | C19: Orange Punch Mimosa | D19: P050132 | E19: August 2025 | F19: March 2026 | G19: OPM052501 | H19: ⚠ 1 MISSING
A20: 023 | B20: Orange Punch Mimosa | C20: Orange Punch Mimosa | D20: P050082 | E20: June 2025 | F20: January 2026 | G20: OPM1024_03 | H20: ✓ COMPLETE
A21: 022 | B21: Cap Junky | C21: Cap Junky | D21: P050172 | E21: August 2025 | F21: March 2026 | G21: CJ052501/02 | H21: ✓ COMPLETE
A22: 020 | B22: Grape Pie | C22: Grape Pie | D22: P050312 | E22: November 2025 | F22: June 2026 | G22: GP082501/1 | H22: ✓ COMPLETE
A23: 021 | B23: Grape Pie | C23: Grape Pie | D23: P050322 | E23: November 2025 | F23: June 2026 | G23: GP082501/2 | H23: ✓ COMPLETE
A24: 019 | B24: Grape Pie | C24: Grape Pie | D24: P050302 | E24: November 2025 | F24: June 2026 | G24: GP072501/2 | H24: ✓ COMPLETE
A25: 018 | B25: Grape Pie | C25: Grape Pie | D25: P050292 | E25: November 2025 | F25: June 2026 | G25: GP072501/1 | H25: ✓ COMPLETE
A26: 017 | B26: Blue Sunset Sherbet | C26: Blue Sunset Sherbet | D26: P050192 | E26: August 2025 | F26: — none printed — | G26: BSS052501 | H26: ⚠ 2 MISSING
A27: — not read — | B27: Cup Junkie | C27: Cap Junky | D27: P050162 | E27: August 2025 | F27: — none printed — | G27: CJ052501/01 | H27: ✓ COMPLETE | I27: strain ruled Cap Junky; the register prints Cup Junkie
A28: — not read — | B28: High Pro Amnesia | C28: High Pro Amnesia | D28: P050182 | E28: August 2025 | F28: — none printed — | G28: HPA052501 | H28: ✓ COMPLETE
A29: — not read — | B29: Blue Sunset Sherbet | C29: Blue Sunset Sherbet | D29: P050122 | E29: June 2025 | F29: — none printed — | G29: BSS1024_01/1 | H29: ✓ COMPLETE
A30: — not read — | B30: Gorilla Glue | C30: Gorilla Glue | D30: P050092 | E30: March 2025 | F30: — none printed — | G30: GG1024_01 | H30: ✓ COMPLETE
A31: — not read — | B31: Grape Pie | C31: Grape Pie | D31: P050102 | E31: March 2025 | F31: October 2025 | G31: GP0824_01 | H31: ✓ COMPLETE
A32: — not read — | B32: Grape Pie | C32: Grape Pie | D32: P050072 | E32: June 2025 | F32: January 2026 | G32: GP0824_03 | H32: ✓ COMPLETE
A33: — not read — | B33: Orange Punch Mimosa | C33: Orange Punch Mimosa | D33: P050062 | E33: May 2025 | F33: December 2025 | G33: OPM1024_02 | H33: ✓ COMPLETE
A34: — not read — | B34: High Pro Amnesia | C34: High Pro Amnesia | D34: P050052 | E34: May 2025 | F34: December 2025 | G34: HPA1024_01 | H34: ✓ COMPLETE
A35: — not read — | B35: Grape Pie | C35: Grape Pie | D35: P050022 | E35: May 2025 | F35: December 2025 | G35: GP0824_02 | H35: ✓ COMPLETE
A36: — not read — | B36: Orange Punch Mimosa | C36: Orange Punch Mimosa | D36: P050042 | E36: March 2025 | F36: November 2025 | G36: OMP1024_01 | H36: ✓ COMPLETE
A37: — not read — | B37: Motor Breath | C37: Motor Breath | D37: P050032 | E37: April 2025 | F37: November 2025 | G37: MB0824_04 | H37: ⚠ 1 MISSING
A38: — not read — | B38: Gorilla Glue | C38: Gorilla Glue | D38: P050012 | E38: April 2025 | F38: November 2025 | G38: GG1024_02 | H38: ✓ COMPLETE
A39: — not read — | B39: Blue Gelato | C39: Blue Gelato | D39: BG1024 | E39: January 2025 | F39: June 2025 | G39: BG1024 | H39: ✓ COMPLETE
... A44: — not read — | B44: High Pro Amnesia | C44: High Pro Amnesia | D44: HPA1024 | E44: January 2025 | F44: — none printed — | G44: HPA1024 | H44: ❌ 4 MISSING
A46: The ImB certificate register, scanned 04.09.2026 (Emailing Scan - 2026-09-04 06_15_05.pdf), read through the Drive text extraction: the file is 12.3 MB and the connector will not download over 10 MB, so the PAGES have not been read here — a batch found is firm, a batch absent is well supported but not proven on the page. 43 entries; the certificate numbers below 017 did not survive the extraction and read '— not read —'. The register covers the earliest production only: the six 2024 lots, P050012–P050322 and P060012–P060092, contiguous except for P050142, P050202, P050232, P050242 — which the Head of QC's list names BSS1024_01/2, GP062501, GOG062501 and SC062501. Everything from P060102 onward is outside this register entirely.

Sheet Reconciliation 09.09
A1: THE PASS THIS BUILD READ
A3: Source | B3: CoQ_Analysis_Master_v20_owner.xlsx | D3: the owner's workbook of 09.09.2026, vendored beside this one; the three sheets it was read from are Cell Resolution 09.09, Coverage Update 09.09 and Identity Problem 09.09
A4: Certificates it read | B4: 387 | D4: eCoA_DATABASE, name for name
A5: Determinations it resolved | B5: 600 | D5: 50 lots of Tranches 1 and 2 x 12
A7: WHAT IT CLOSED ON BATCH COVERAGE
A9: Parameters closed | B9: 84 | D9: a certificate on file that this sheet still marked missing
A10: Lots affected | B10: 24
A11: Closures not applied | B11: 13 | D11: already covered, or the lot has no row on Batch Coverage — listed below
A13: WHAT THE TWO RECORDS SAY ABOUT THE SAME 600 CELLS
A15: agree | B15: 147 | D15: both hold a value and it is the same value
A16: values | B16: 202 | D16: both hold a value and the values differ — a finding
A17: order | B17: 3 | D17: the same values against different analytes — a finding
A18: fill | B18: 14 | D18: the desk held nothing and the pass holds a printable result
A19: blocked | B19: 10 | D19: the only document is an in-house iCoA that has not been issued
A20: ambiguous | B20: 51 | D20: the pass holds a list of values it does not label
A21: basis note | B21: 25 | D21: the pass names where identity comes from, not a result
A22: none | B22: 39 | D22: neither record holds anything
A23: not comparable | B23: 86 | D23: the two records hold different numbers of lines
A24: no desk lot | B24: 23 | D24: the desk carries no initial-release CoQ for the batch
A26: THE DISAGREEMENTS
A28: Batch | B28: Determination | C28: Kind | D28: The desk holds | E28: The 09.09 pass reads
A29: BG1024 | B29: #1 | C29: different values | D29: Conforms | Одговара | E29: Conforms
A30: BG1024 | B30: #2 | C30: different values | D30: Conforms | Одговара | E30: Conforms
A31: BG1024 | B31: #7 | C31: different values | D31: Conforms | Одговара | E31: Conforms
A32: BG1024 | B32: #9 | C32: different values | D32: 1.6 × 10⁴; 1 × 10⁴; < 10² and > 10; Absent | Отсутна; Absent | Отсутна | E32: 1,6 x 10⁴ CFU/g; 1 x 10⁴ CFU/g; < 10² и > 10 CFU/g; Одговара; Одговара
A33: BSS1024 | B33: #1 | C33: different values | D33: Conforms | Одговара | E33: Conforms
A34: BSS1024 | B34: #2 | C34: different values | D34: Conforms | Одговара | E34: Conforms
A35: BSS1024 | B35: #7 | C35: different values | D35: Conforms | Одговара | E35: Conforms
A36: BSS1024 | B36: #9 | C36: different values | D36: 1.5 × 10⁴; 2.2 × 10³; < 10² and > 10; Absent | Отсутна; Absent | Отсутна | E36: 1,5 x 10⁴ CFU/g; 2,2 x 10³ CFU/g; < 10² и > 10 CFU/g; Одговара; Одговара
A37: BSS1024 | B37: #11 | C37: same values, other order | D37: 0.071; 0.014; 0.081; 0.014 | E37: 0,081 mg/kg(l); 0,071 mg/kg(l); 0,014 mg/kg(l); 0,014 mg/kg(l)
A38: CJ052501/01 | B38: #1 | C38: different values | D38: Conforms | Одговара | E38: Conforms
A39: CJ052501/01 | B39: #2 | C39: different values | D39: Conforms | Одговара | E39: Conforms
... A233: WC082501 | B233: #12 | C233: different values | D233: ND | E233: ≤ LOQ (all 29 compounds)
A235: THE IDENTITY DETERMINATIONS ARE NOT A TRANSCRIPTION PROBLEM
A237: Identification A, Identification B and foreign matter are blank on almost every lot in both tranches, and the reason is not that nobody transcribed them. 118 of the 600 cells cite an in-house iCoA-PP_26-nnn whose issue date is PLANNED, on 40 of the 50 batches: the certificate that carries the result has not been issued, so there is nothing to cite. What the in-house documents that DO exist carry is worse than missing. Appearance is the single word “Confirms” with no description. Foreign matter is “Confirms” against a < 2.0 % specification with NO PERCENTAGE PRINTED — Ph. Eur. 2.8.2 is gravimetric and EudraLex Vol. 4 Ch. 6 §6.7 requires the result. Microscopy was NOT PERFORMED on any of the five documents read. Three Report of Analysis documents carry no document code, no version and no report number (EudraLex Vol. 4 Ch. 4 §4.9), and this build refuses to cite them. Issuing the iCoAs does not by itself fix this: the microscopy has to be done and the foreign-matter percentage has to be printed.
A245: CLOSURES THAT FOUND NO ROW
A247: CU batch | B247: P batch | D247: Parameters now covered | E247: From
A248: CC012603 | B248: P060372 | D248: #9 Microbiological purity | E248: 363/0693/26 (01.06.2026) [IJZ-MB]
A249: JD032601 | B249: — not assigned — | D249: #9 Microbiological purity; #10 Mycotoxins; #11 Heavy metals; #12 Pesticide residues | E249: 4374/2026 (11.08.2026) [IJZ]; 477/0929/26 (04.08.2026) [IJZ-MB]
A250: CF102501 | B250: P060132 | D250: #3 Identification C; #4 Total Δ⁹-THC; #5 Total CBD; #6 Total CBN; #8 Loss on drying; #9 Microbiological purity; #10 Mycotoxins; #11 Heavy metals; #12 Pesticide residues | E250: 031-4-K/26 (10.02.2026) [FHM]; 031-4-LoD/26 (12.02.2026) [FHM]; 330/2026 (11.02.2026) [IJZ]; 73/0116/26 (09.02.2026) [IJZ-MB]
A251: PUM102501 | B251: P060112 | D251: #3 Identification C; #4 Total Δ⁹-THC; #5 Total CBD; #6 Total CBN; #8 Loss on drying; #9 Microbiological purity; #10 Mycotoxins; #11 Heavy metals; #12 Pesticide residues | E251: 031-2-K/26 (10.02.2026) [FHM]; 031-2-LoD/26 (11.02.2026) [FHM]; 327/2026 (11.02.2026) [IJZ]; 74/0117/26 (09.02.2026) [IJZ-MB]
A252: ACC102501 | B252: P060122 | D252: #3 Identification C; #4 Total Δ⁹-THC; #5 Total CBD; #6 Total CBN; #8 Loss on drying; #9 Microbiological purity; #10 Mycotoxins; #11 Heavy metals; #12 Pesticide residues | E252: 031-5-K/26 (10.02.2026) [FHM]; 031-5-LoD/26 (12.02.2026) [FHM]; 326/2026 (11.02.2026) [IJZ]; 77/0120/26 (09.02.2026) [IJZ-MB]
A253: These lots have certificates on file and no row on Batch Coverage, so the closure had nowhere to land. Four of them — ACC102501, CF102501, PUM102501 and CC012603 — are the batches the delivery reconciliation of 07.09.2026 reported as delivered with nothing on file anywhere. That finding is now out of date for them: something IS on file. A row cannot be invented here, because a Batch Coverage row is a tracker lot and these are not on the owner's tracker; they have to be added there first.

Sheet CoQ Parameter Tracker v25
A1: BATCH IDENTIFICATION | D1: IDENTIFICATION 1–3 | M1: CANNABINOID ASSAY 4–6 | V1: PHYSICAL 7–8 | AB1: MICROBIOLOGY 9 | AH1: CONTAMINANTS 10–12
A2: CU Batch | B2: P Batch | C2: STATUS | D2: #1 Identification A Appearance · Ph. Eur. mon. 3028 | G2: #2 Identification B Microscopy · Ph. Eur. 2.8.23 | J2: #3 Identification C HPLC · Ph. Eur. 2.2.29 | M2: #4 Assay — Total Δ⁹-THC* Ph. Eur. 2.2.29 (HPLC) | P2: #5 Assay — Total CBD Ph. Eur. 2.2.29 · CBD + CBDA×0.877 | S2: #6 Total CBN Ph. Eur. 2.2.29 · CBN + CBNA×0.876 | V2: #7 Foreign Matter Ph. Eur. 2.8.2 / in-house | Y2: #8 Loss on Drying Ph. Eur. 2.2.32 · 40 °C, 24 h, 15–25 mbar | AB2: #9 Microbiological Purity Ph. Eur. 2.6.12 / 2.6.13 / 2.6.31 · cat. C | AH2: #10 Mycotoxins Ph. Eur. 2.8.18 / 2.8.22 (HPLC-FLD) | AL2: #11 Heavy Metals Ph. Eur. 2.4.27 (ICP-MS) | AQ2: #12 Pesticide Residues Ph. Eur. 2.8.13 (LC-MS/MS) · CUMCS equivalency
D3: A.C.: Conforms to Ph. Eur. monograph 3028 (Cannabis flos) | G3: A.C.: Conforms to Ph. Eur. monograph 3028 (Cannabis flos) | J3: A.C.: Conforms to Ph. Eur. monograph 3028 (Cannabis flos) | M3: A.C.: Per target grade (CoQ §01) | P3: A.C.: ≤ 1.0 % w/w | S3: A.C.: ≤ 1.0 % w/w | V3: A.C.: ≤ 2.0 % (25–50 g); leaves < 1 cm; no seeds | Y3: A.C.: ≤ 12.0 % | AB3: A.C.: ≤ 10⁵ CFU/g | AC3: A.C.: ≤ 10⁴ CFU/g | AD3: A.C.: ≤ 10⁴ CFU/g | AE3: A.C.: Absence / 25 g | AF3: A.C.: Absence / 1 g | AH3: A.C.: ≤ 2 µg/kg | AI3: A.C.: ≤ 4 µg/kg | AJ3: A.C.: ≤ 20 µg/kg | AL3: A.C.: ≤ 0.5 mg/kg | AM3: A.C.: ≤ 0.3 mg/kg | AN3: A.C.: ≤ 0.2 mg/kg | AO3: A.C.: ≤ 0.1 mg/kg | AQ3: A.C.: ≤ LOQ (Ph. Eur. 2.8.13 / CUMCS equivalency)
D4: Result | E4: [eCOA code],[date],[Lab] | F4: ✓ ✗ | G4: Result | H4: [eCOA code],[date],[Lab] | I4: ✓ ✗ | J4: Result | K4: [eCOA code],[date],[Lab] | L4: ✓ ✗ | M4: Result | N4: [eCOA code],[date],[Lab] | O4: ✓ ✗ | P4: Result | Q4: [eCOA code],[date],[Lab] | R4: ✓ ✗ | S4: Result | T4: [eCOA code],[date],[Lab] | U4: ✓ ✗ | V4: Result | W4: [eCOA code],[date],[Lab] | X4: ✓ ✗ | Y4: Result | Z4: [eCOA code],[date],[Lab] | AA4: ✓ ✗ | AB4: TAMC | AC4: TYMC | AD4: GNB | AE4: Salm. | AF4: E. coli | AG4: ✓ ✗ | AH4: AfB₁ | AI4: ΣAf | AJ4: OTA | AK4: ✓ ✗ | AL4: Pb | AM4: Cd | AN4: As | AO4: Hg | AP4: ✓ ✗ | AQ4: Result | AR4: [eCOA code],[date],[Lab] | AS4: ✓ ✗
A5: BG1024 | B5: N/A — no P batch assigned | C5: ✓ COMPLETE 2 testing instances • 2 document(s) on file, not credited | D5: Conforms | E5: =IFERROR(INDEX('iCoA Register'!$B:$B,MATCH("BG1024|I",'iCoA Register'!$P:$P,0)),"iCoA — at issue")&", (07.03.2025) [PP]" | F5: ✓ | G5: not on this certificate | H5: ППК25050, (26.02.2025) [CNP] · on file, not credited | I5: • | J5: Conforms (ImB spec.) | K5: ППК25050, (26.02.2025) [CNP] | L5: ✓ | M5: 21.80 | N5: ППК25050, (26.02.2025) [CNP] | O5: ✓ | P5: 0.04 | Q5: ППК25050, (26.02.2025) [CNP] | R5: ✓ | S5: 0.02 ᴰ | T5: ППК25050, (26.02.2025) [CNP] | U5: ✓ | V5: Conforms | W5: =IFERROR(INDEX('iCoA Register'!$B:$B,MATCH("BG1024|I",'iCoA Register'!$P:$P,0)),"iCoA — at issue")&", (07.03.2025) [PP]" | X5: ✓ | Y5: 5.73 | Z5: ППК25050, (26.02.2025) [CNP] | AA5: ✓ | AB5: 1.6 × 10⁴ | AC5: 1 × 10⁴ | AD5: < 10² and > 10 | AE5: Absent | AF5: Absent | AG5: ✓ | AH5: ND | AI5: < 2 | AJ5: ND | AK5: ✓ | AL5: 0.01 | AM5: 0.016 | AN5: 0.014 | AO5: 0.005 | AP5: ✓ | AQ5: ≤ LOQ (all 29 compounds) | AR5: 752-2025, (27.02.2025) [IJZ] | AS5: ✓
AB6: 163-0271-25, (24.02.2025) [IJZ-MB] | AH6: 752-2025, (27.02.2025) [IJZ] | AL6: 752-2025, (27.02.2025) [IJZ]
G7: Conforms | H7: =IFERROR(INDEX('iCoA Register'!$B:$B,MATCH("BG1024|I",'iCoA Register'!$P:$P,0)),"iCoA — at issue")&", (07.03.2025) [PP]" | I7: ✓ | J7: Conforms (ImB spec.) ᴿ | K7: 197-1-K-26, (07.08.2026) [FHM-K] | L7: ✓ | M7: 26.14 | N7: 197-1-K-26, (07.08.2026) [FHM-K] | O7: ✓ | P7: < LOQ | Q7: 197-1-K-26, (07.08.2026) [FHM-K] | R7: ✓ | S7: 0.28 | T7: 197-1-K-26, (07.08.2026) [FHM-K] | U7: ✓ | Y7: not on this certificate | Z7: 197-1-K-26, (07.08.2026) [FHM-K] · on file, not credited | AA7: • | AH7: ND | AI7: ND | AJ7: ND | AK7: ✓
AH8: 197-1-M-26, (10.08.2026) [FHM-M]
A9: BSS1024 | B9: N/A — no P batch assigned | C9: ✓ COMPLETE 2 testing instances • 2 document(s) on file, not credited | D9: Conforms | E9: =IFERROR(INDEX('iCoA Register'!$B:$B,MATCH("BSS1024|I",'iCoA Register'!$P:$P,0)),"iCoA — at issue")&", (04.03.2025) [PP]" | F9: ✓ | G9: not on this certificate | H9: ППК25051, (26.02.2025) [CNP] · on file, not credited | I9: • | J9: Conforms (ImB spec.) | K9: ППК25051, (26.02.2025) [CNP] | L9: ✓ | M9: 21.03 | N9: ППК25051, (26.02.2025) [CNP] | O9: ✓ | P9: 0.04 | Q9: ППК25051, (26.02.2025) [CNP] | R9: ✓ | S9: 0.02 ᴰ | T9: ППК25051, (26.02.2025) [CNP] | U9: ✓ | V9: Conforms | W9: =IFERROR(INDEX('iCoA Register'!$B:$B,MATCH("BSS1024|I",'iCoA Register'!$P:$P,0)),"iCoA — at issue")&", (04.03.2025) [PP]" | X9: ✓ | Y9: 5.99 | Z9: ППК25051, (26.02.2025) [CNP] | AA9: ✓ | AB9: 1.5 × 10⁴ | AC9: 2.2 × 10³ | AD9: < 10² and > 10 | AE9: Absent | AF9: Absent | AG9: ✓ | AH9: ND | AI9: < 2 | AJ9: ND | AK9: ✓ | AL9: 0.071 | AM9: 0.014 | AN9: 0.081 | AO9: 0.014 | AP9: ✓ | AQ9: ≤ LOQ (all 29 compounds) | AR9: 751-2025, (27.02.2025) [IJZ] | AS9: ✓
AB10: 161-0269-25, (24.02.2025) [IJZ-MB] | AH10: 751-2025, (27.02.2025) [IJZ] | AL10: 751-2025, (27.02.2025) [IJZ]
G11: Conforms | H11: =IFERROR(INDEX('iCoA Register'!$B:$B,MATCH("BSS1024|I",'iCoA Register'!$P:$P,0)),"iCoA — at issue")&", (04.03.2025) [PP]" | I11: ✓ | J11: Conforms (ImB spec.) | K11: 197-2-K-26, (07.08.2026) [FHM-K] | L11: ✓ | M11: 25.01 | N11: 197-2-K-26, (07.08.2026) [FHM-K] | O11: ✓ | P11: < LOQ | Q11: 197-2-K-26, (07.08.2026) [FHM-K] | R11: ✓ | S11: < LOQ | T11: 197-2-K-26, (07.08.2026) [FHM-K] | U11: ✓ | Y11: not on this certificate | Z11: 197-2-K-26, (07.08.2026) [FHM-K] · on file, not credited | AA11: • | AH11: ND | AI11: ND | AJ11: ND | AK11: ✓
AH12: 197-2-M-26, (10.08.2026) [FHM-M]
A13: CC112501 | B13: P060272 | C13: ✓ COMPLETE 2 testing instances • 1 document(s) on file, not credited | D13: Conforms | E13: =IFERROR(INDEX('iCoA Register'!$B:$B,MATCH("P060272|I",'iCoA Register'!$P:$P,0)),"iCoA — at issue")&", (18.05.2026) [PP]" | F13: ✓ | G13: not on this certificate | H13: ППК26068, (11.05.2026) [CNP] · on file, not credited | I13: • | J13: Conforms (ImB spec.) | K13: ППК26068, (11.05.2026) [CNP] | L13: ✓ | M13: 13.35 | N13: ППК26068, (11.05.2026) [CNP] | O13: ✓ | P13: 0.04 | Q13: ППК26068, (11.05.2026) [CNP] | R13: ✓ | S13: < LOQ ᴰ | T13: ППК26068, (11.05.2026) [CNP] | U13: ✓ | V13: Conforms | W13: =IFERROR(INDEX('iCoA Register'!$B:$B,MATCH("P060272|I",'iCoA Register'!$P:$P,0)),"iCoA — at issue")&", (18.05.2026) [PP]" | X13: ✓ | Y13: 7.39 | Z13: ППК26068, (11.05.2026) [CNP] | AA13: ✓ | AB13: 3.8 × 10³ | AC13: 2.7 × 10³ | AD13: < 10³ and > 10² | AE13: Absent | AF13: Absent | AG13: ✓ | AH13: ND | AI13: < 2 | AJ13: ND | AK13: ✓ | AL13: 0.0289 | AM13: 0.0119 | AN13: 0.016 | AO13: 0.0102 | AP13: ✓ | AQ13: ≤ LOQ (all 29 compounds) | AR13: 2359-2026, (29.04.2026) [IJZ] | AS13: ✓
AB14: 311-0555-26, (28.04.2026) [IJZ-MB] | AH14: 2359-2026, (29.04.2026) [IJZ] | AL14: 2359-2026, (29.04.2026) [IJZ]
G15: Conforms | H15: =IFERROR(INDEX('iCoA Register'!$B:$B,MATCH("P060272|I",'iCoA Register'!$P:$P,0)),"iCoA — at issue")&", (18.05.2026) [PP]" | I15: ✓ | AB15: 1.6 × 10³ | AC15: 1 × 10³ | AD15: < 10³ and > 10² | AE15: Absent | AF15: Absent | AG15: ✓
AB16: 543-1074-26, (31.08.2026) [IJZ-MB]
A17: CJ1024 | B17: N/A — no P batch assigned | C17: ✓ COMPLETE 2 testing instances • 1 document(s) on file, not credited | D17: Conforms | E17: =IFERROR(INDEX('iCoA Register'!$B:$B,MATCH("CJ1024|I",'iCoA Register'!$P:$P,0)),"iCoA — at issue")&", (03.03.2025) [PP]" | F17: ✓ | G17: not on this certificate | H17: ППК25052, (26.02.2025) [CNP] · on file, not credited | I17: • | J17: Conforms (ImB spec.) | K17: ППК25052, (26.02.2025) [CNP] | L17: ✓ | M17: 23.00 | N17: ППК25052, (26.02.2025) [CNP] | O17: ✓ | P17: 0.05 | Q17: ППК25052, (26.02.2025) [CNP] | R17: ✓ | S17: 0.02 ᴰ | T17: ППК25052, (26.02.2025) [CNP] | U17: ✓ | V17: Conforms | W17: =IFERROR(INDEX('iCoA Register'!$B:$B,MATCH("CJ1024|I",'iCoA Register'!$P:$P,0)),"iCoA — at issue")&", (03.03.2025) [PP]" | X17: ✓ | Y17: 5.91 | Z17: ППК25052, (26.02.2025) [CNP] | AA17: ✓ | AB17: 8.4 × 10³ | AC17: < 10 | AD17: < 10 | AE17: Absent | AF17: Absent | AG17: ✓ | AH17: ND | AI17: < 2 | AJ17: ND | AK17: ✓ | AL17: 0.036 | AM17: 0.013 | AN17: 0.063 | AO17: 0.006 | AP17: ✓ | AQ17: ≤ LOQ (all 29 compounds) | AR17: 750-2025, (27.02.2025) [IJZ] | AS17: ✓
AB18: 164-0272-25, (24.02.2025) [IJZ-MB] | AH18: 750-2025, (27.02.2025) [IJZ] | AL18: 750-2025, (27.02.2025) [IJZ]
G19: Conforms | H19: =IFERROR(INDEX('iCoA Register'!$B:$B,MATCH("CJ1024|I",'iCoA Register'!$P:$P,0)),"iCoA — at issue")&", (03.03.2025) [PP]" | I19: ✓ | AB19: < 10 | AC19: 10 | AD19: < 10 | AE19: Absent | AF19: Absent | AG19: ✓
AB20: 565-1096-26, (01.09.2026) [IJZ-MB]
A21: FB012601_1 | B21: P060322 | C21: ✓ COMPLETE 2 testing instances • 1 document(s) on file, not credited | D21: Conforms | E21: =IFERROR(INDEX('iCoA Register'!$B:$B,MATCH("P060322|I",'iCoA Register'!$P:$P,0)),"iCoA — at issue")&", (22.05.2026) [PP]" | F21: ✓ | G21: not on this certificate | H21: ППК26067, (11.05.2026) [CNP] · on file, not credited | I21: • | J21: Conforms (ImB spec.) | K21: ППК26067, (11.05.2026) [CNP] | L21: ✓ | M21: 14.68 | N21: ППК26067, (11.05.2026) [CNP] | O21: ✓ | P21: 0.04 | Q21: ППК26067, (11.05.2026) [CNP] | R21: ✓ | S21: < LOQ ᴰ | T21: ППК26067, (11.05.2026) [CNP] | U21: ✓ | V21: Conforms | W21: =IFERROR(INDEX('iCoA Register'!$B:$B,MATCH("P060322|I",'iCoA Register'!$P:$P,0)),"iCoA — at issue")&", (22.05.2026) [PP]" | X21: ✓ | Y21: 7.67 | Z21: ППК26067, (11.05.2026) [CNP] | AA21: ✓ | AB21: 2 × 10³ | AC21: 2.1 × 10³ | AD21: < 10 | AE21: Absent | AF21: Absent | AG21: ✓ | AH21: ND | AI21: < 2 | AJ21: ND | AK21: ✓ | AL21: 0.0114 | AM21: 0.017 | AN21: 0.0144 | AO21: 0.0155 | AP21: ✓ | AQ21: ≤ LOQ (all 26 compounds) | AR21: 2362-2026, (30.04.2026) [IJZ] | AS21: ✓
AB22: 308-0552-26, (28.04.2026) [IJZ-MB] | AH22: 2362-2026, (30.04.2026) [IJZ] | AL22: 2362-2026, (30.04.2026) [IJZ]
G23: Conforms | H23: =IFERROR(INDEX('iCoA Register'!$B:$B,MATCH("P060322|I",'iCoA Register'!$P:$P,0)),"iCoA — at issue")&", (22.05.2026) [PP]" | I23: ✓
A25: FB012603 | B25: P060432 | C25: ⚠ 3 NO RESULT (3 no cert / 0 cert w/o result) | D25: Conforms | E25: ППК26112, (30.06.2026) [CNP] | F25: ✓ | G25: Conforms | H25: ППК26112, (30.06.2026) [CNP] | I25: ✓ | J25: Conforms (ImB spec.) | K25: ППК26112, (30.06.2026) [CNP] | L25: ✓ | M25: 20.83 | N25: ППК26112, (30.06.2026) [CNP] | O25: ✓ | P25: 0.21 | Q25: ППК26112, (30.06.2026) [CNP] | R25: ✓ | S25: 0.06 | T25: ППК26112, (30.06.2026) [CNP] | U25: ✓ | V25: Conforms (no value printed) | W25: ППК26112, (30.06.2026) [CNP] | X25: ✓ | Y25: 7.04 | Z25: ППК26112, (30.06.2026) [CNP] | AA25: ✓ | AB25: 9.8 × 10³ | AC25: 2.5 × 10³ | AD25: < 10² and > 10 | AE25: Absent | AF25: Absent | AG25: ✓ | AH25: — MISSING — | AI25: — MISSING — | AJ25: — MISSING — | AK25: ✗ | AL25: — MISSING — | AM25: — MISSING — | AN25: — MISSING — | AO25: — MISSING — | AP25: ✗ | AQ25: — MISSING — | AR25: — no certificate — | AS25: ✗
AB26: 537-1068-26, (31.08.2026) [IJZ-MB] | AH26: — no certificate — | AL26: — no certificate —
A27: FB012603V | B27: P060392 | C27: ⚠ 3 NO RESULT (3 no cert / 0 cert w/o result) | D27: Conforms | E27: ППК26110, (30.06.2026) [CNP] | F27: ✓ | G27: Conforms | H27: ППК26110, (30.06.2026) [CNP] | I27: ✓ | J27: Conforms (ImB spec.) | K27: ППК26110, (30.06.2026) [CNP] | L27: ✓ | M27: 18.29 | N27: ППК26110, (30.06.2026) [CNP] | O27: ✓ | P27: 0.16 | Q27: ППК26110, (30.06.2026) [CNP] | R27: ✓ | S27: 0.06 | T27: ППК26110, (30.06.2026) [CNP] | U27: ✓ | V27: Conforms (no value printed) | W27: ППК26110, (30.06.2026) [CNP] | X27: ✓ | Y27: 6.36 | Z27: ППК26110, (30.06.2026) [CNP] | AA27: ✓ | AB27: 2.9 × 10³ | AC27: 2.5 × 10³ | AD27: < 10 | AE27: Absent | AF27: Absent | AG27: ✓ | AH27: — MISSING — | AI27: — MISSING — | AJ27: — MISSING — | AK27: ✗ | AL27: — MISSING — | AM27: — MISSING — | AN27: — MISSING — | AO27: — MISSING — | AP27: ✗ | AQ27: — MISSING — | AR27: — no certificate — | AS27: ✗
AB28: 538-1069-26, (31.08.2026) [IJZ-MB] | AH28: — no certificate — | AL28: — no certificate —
A29: FB032601 | B29: P060452 | C29: ✗ 4 NO RESULT (4 no cert / 0 cert w/o result) ✗ OUT OF SPECIFICATION: #7 | D29: Conforms | E29: ППК26127, (21.07.2026) [CNP] | F29: ✓ | G29: Conforms | H29: ППК26127, (21.07.2026) [CNP] | I29: ✓ | J29: Conforms (ImB spec.) | K29: ППК26127, (21.07.2026) [CNP] | L29: ✓ | M29: 12.39 | N29: ППК26127, (21.07.2026) [CNP] | O29: ✓ | P29: 0.06 | Q29: ППК26127, (21.07.2026) [CNP] | R29: ✓ | S29: 0.04 | T29: ППК26127, (21.07.2026) [CNP] | U29: ✓ | V29: 0.08 % (Does not conform) | W29: ППК26127, (21.07.2026) [CNP] | X29: ✓ | Y29: 7.77 | Z29: ППК26127, (21.07.2026) [CNP] | AA29: ✓ | AB29: — MISSING — | AC29: — MISSING — | AD29: — MISSING — | AE29: — MISSING — | AF29: — MISSING — | AG29: ✗ | AH29: — MISSING — | AI29: — MISSING — | AJ29: — MISSING — | AK29: ✗ | AL29: — MISSING — | AM29: — MISSING — | AN29: — MISSING — | AO29: — MISSING — | AP29: ✗ | AQ29: — MISSING — | AR29: — no certificate — | AS29: ✗
AB30: — no certificate — | AH30: — no certificate — | AL30: — no certificate —
A31: FB112501 | B31: P060292 | C31: ✓ COMPLETE 2 testing instances • 1 document(s) on file, not credited | D31: Conforms | E31: =IFERROR(INDEX('iCoA Register'!$B:$B,MATCH("P060292|I",'iCoA Register'!$P:$P,0)),"iCoA — at issue")&", (19.05.2026) [PP]" | F31: ✓ | G31: not on this certificate | H31: ППК26066, (11.05.2026) [CNP] · on file, not credited | I31: • | J31: Conforms (ImB spec.) | K31: ППК26066, (11.05.2026) [CNP] | L31: ✓ | M31: 16.69 | N31: ППК26066, (11.05.2026) [CNP] | O31: ✓ | P31: 0.05 | Q31: ППК26066, (11.05.2026) [CNP] | R31: ✓ | S31: < LOQ ᴰ | T31: ППК26066, (11.05.2026) [CNP] | U31: ✓ | V31: Conforms | W31: =IFERROR(INDEX('iCoA Register'!$B:$B,MATCH("P060292|I",'iCoA Register'!$P:$P,0)),"iCoA — at issue")&", (19.05.2026) [PP]" | X31: ✓ | Y31: 6.09 | Z31: ППК26066, (11.05.2026) [CNP] | AA31: ✓ | AB31: 3.9 × 10³ | AC31: 2.4 × 10³ | AD31: < 10 | AE31: Absent | AF31: Absent | AG31: ✓ | AH31: ND | AI31: < 2 | AJ31: ND | AK31: ✓ | AL31: 0.0215 | AM31: 0.0108 | AN31: 0.0199 | AO31: 0.0078 | AP31: ✓ | AQ31: ≤ LOQ (all 29 compounds) | AR31: 2357-2026, (29.04.2026) [IJZ] | AS31: ✓
AB32: 312-0556-26, (28.04.2026) [IJZ-MB] | AH32: 2357-2026, (29.04.2026) [IJZ] | AL32: 2357-2026, (29.04.2026) [IJZ]
G33: Conforms | H33: =IFERROR(INDEX('iCoA Register'!$B:$B,MATCH("P060292|I",'iCoA Register'!$P:$P,0)),"iCoA — at issue")&", (19.05.2026) [PP]" | I33: ✓ | AB33: 3 × 10³ | AC33: 5.2 × 10² | AD33: < 10² and > 10 | AE33: Absent | AF33: Absent | AG33: ✓
AB34: 542-1073-26, (31.08.2026) [IJZ-MB]
A35: GG012601＊ | B35: P060302 | C35: ✓ COMPLETE 2 testing instances • 1 document(s) on file, not credited | D35: Conforms | E35: =IFERROR(INDEX('iCoA Register'!$B:$B,MATCH("P060342|I",'iCoA Register'!$P:$P,0)),"iCoA — at issue")&", (20.05.2026) [PP]" | F35: ✓ | G35: not on this certificate | H35: ППК26062, (11.05.2026) [CNP] · on file, not credited | I35: • | J35: Conforms (ImB spec.) | K35: ППК26062, (11.05.2026) [CNP] | L35: ✓ | M35: 15.35 | N35: ППК26062, (11.05.2026) [CNP] | O35: ✓ | P35: 0.06 | Q35: ППК26062, (11.05.2026) [CNP] | R35: ✓ | S35: < LOQ ᴰ | T35: ППК26062, (11.05.2026) [CNP] | U35: ✓ | V35: Conforms | W35: =IFERROR(INDEX('iCoA Register'!$B:$B,MATCH("P060342|I",'iCoA Register'!$P:$P,0)),"iCoA — at issue")&", (20.05.2026) [PP]" | X35: ✓ | Y35: 6.13 | Z35: ППК26062, (11.05.2026) [CNP] | AA35: ✓ | AB35: 1 × 10⁴ | AC35: 1 × 10⁴ | AD35: < 10 | AE35: Absent | AF35: Absent | AG35: ✓ | AH35: ND | AI35: < 2 | AJ35: ND | AK35: ✓ | AL35: 0.0227 | AM35: 0.0179 | AN35: 0.0163 | AO35: 0.031 | AP35: ✓ | AQ35: ≤ LOQ (all 29 compounds) | AR35: 2364-2026, (30.04.2026) [IJZ] | AS35: ✓
AB36: 310-0554-26, (28.04.2026) [IJZ-MB] | AH36: 2364-2026, (30.04.2026) [IJZ] | AL36: 2364-2026, (30.04.2026) [IJZ]
G37: Conforms | H37: =IFERROR(INDEX('iCoA Register'!$B:$B,MATCH("P060342|I",'iCoA Register'!$P:$P,0)),"iCoA — at issue")&", (20.05.2026) [PP]" | I37: ✓ | AB37: 2.2 × 10³ | AC37: 2.1 × 10³ | AD37: < 10 | AE37: Absent | AF37: Absent | AG37: ✓
AB38: 541-1072-26, (31.08.2026) [IJZ-MB]
A39: GG012603 | B39: P060402 | C39: ⚠ 3 NO RESULT (3 no cert / 0 cert w/o result) 2 testing instances • 1 document(s) on file, not credited | D39: Conforms | E39: ППК26114, (30.06.2026) [CNP] | F39: ✓ | G39: Conforms | H39: ППК26114, (30.06.2026) [CNP] | I39: ✓ | J39: Conforms (ImB spec.) | K39: ППК26114, (30.06.2026) [CNP] | L39: ✓ | M39: 17.59 | N39: ППК26114, (30.06.2026) [CNP] | O39: ✓ | P39: 0.05 | Q39: ППК26114, (30.06.2026) [CNP] | R39: ✓ | S39: 0.15 | T39: ППК26114, (30.06.2026) [CNP] | U39: ✓ | V39: 0.09 % (Conforms) | W39: ППК26114, (30.06.2026) [CNP] | X39: ✓ | Y39: 6.48 | Z39: ППК26114, (30.06.2026) [CNP] | AA39: ✓ | AB39: — MISSING — | AC39: — MISSING — | AD39: — MISSING — | AE39: — MISSING — | AF39: — MISSING — | AG39: ✗ | AH39: ND | AI39: ND | AJ39: ND | AK39: ✓ | AL39: — MISSING — | AM39: — MISSING — | AN39: — MISSING — | AO39: — MISSING — | AP39: ✗ | AQ39: — MISSING — | AR39: — no certificate — | AS39: ✗
AB40: — no certificate — | AH40: 197-8-M-26, (10.08.2026) [FHM-M] | AL40: — no certificate —
J41: Conforms (ImB spec.) ᴿ | K41: 197-8-K-26, (07.08.2026) [FHM-K] | L41: ✓ | M41: 16.70 | N41: 197-8-K-26, (07.08.2026) [FHM-K] | O41: ✓ | P41: < LOQ | Q41: 197-8-K-26, (07.08.2026) [FHM-K] | R41: ✓ | S41: < LOQ | T41: 197-8-K-26, (07.08.2026) [FHM-K] | U41: ✓ | Y41: not on this certificate | Z41: 197-8-K-26, (07.08.2026) [FHM-K] · on file, not credited | AA41: •
A43: GG032601 | B43: P060462 | C43: ✗ 4 NO RESULT (4 no cert / 0 cert w/o result) | D43: Conforms | E43: ППК26128, (21.07.2026) [CNP] | F43: ✓ | G43: Conforms | H43: ППК26128, (21.07.2026) [CNP] | I43: ✓ | J43: Conforms (ImB spec.) | K43: ППК26128, (21.07.2026) [CNP] | L43: ✓ | M43: 18.98 | N43: ППК26128, (21.07.2026) [CNP] | O43: ✓ | P43: 0.25 | Q43: ППК26128, (21.07.2026) [CNP] | R43: ✓ | S43: 0.04 | T43: ППК26128, (21.07.2026) [CNP] | U43: ✓ | V43: Conforms (no value printed) | W43: ППК26128, (21.07.2026) [CNP] | X43: ✓ | Y43: 7.88 | Z43: ППК26128, (21.07.2026) [CNP] | AA43: ✓ | AB43: — MISSING — | AC43: — MISSING — | AD43: — MISSING — | AE43: — MISSING — | AF43: — MISSING — | AG43: ✗ | AH43: — MISSING — | AI43: — MISSING — | AJ43: — MISSING — | AK43: ✗ | AL43: — MISSING — | AM43: — MISSING — | AN43: — MISSING — | AO43: — MISSING — | AP43: ✗ | AQ43: — MISSING — | AR43: — no certificate — | AS43: ✗
AB44: — no certificate — | AH44: — no certificate — | AL44: — no certificate —
A45: GG1024 | B45: N/A — no P batch assigned | C45: ✗ 9 NO RESULT (9 no cert / 0 cert w/o result) 2 testing instances | D45: Conforms | E45: =IFERROR(INDEX('iCoA Register'!$B:$B,MATCH("P060342|I",'iCoA Register'!$P:$P,0)),"iCoA — at issue")&", (11.03.2025) [PP]" | F45: ✓ | G45: Conforms | H45: =IFERROR(INDEX('iCoA Register'!$B:$B,MATCH("P060342|I",'iCoA Register'!$P:$P,0)),"iCoA — at issue")&", (11.03.2025) [PP]" | I45: ✓ | J45: — MISSING — | K45: — no certificate — | L45: ✗ | M45: — MISSING — | N45: — no certificate — | O45: ✗ | P45: — MISSING — | Q45: — no certificate — | R45: ✗ | S45: — MISSING — | T45: — no certificate — | U45: ✗ | V45: Conforms | W45: =IFERROR(INDEX('iCoA Register'!$B:$B,MATCH("P060342|I",'iCoA Register'!$P:$P,0)),"iCoA — at issue")&", (11.03.2025) [PP]" | X45: ✓ | Y45: — MISSING — | Z45: — no certificate — | AA45: ✗ | AB45: — MISSING — | AC45: — MISSING — | AD45: — MISSING — | AE45: — MISSING — | AF45: — MISSING — | AG45: ✗ | AH45: — MISSING — | AI45: — MISSING — | AJ45: — MISSING — | AK45: ✗ | AL45: — MISSING — | AM45: — MISSING — | AN45: — MISSING — | AO45: — MISSING — | AP45: ✗ | AQ45: — MISSING — | AR45: — no certificate — | AS45: ✗
AB46: — no certificate — | AH46: — no certificate — | AL46: — no certificate —
D47: Conforms | E47: iCoA — at issue (GG1024), (23.04.2025) [PP] | F47: ✓ | V47: Conforms | W47: iCoA — at issue (GG1024), (23.04.2025) [PP] | X47: ✓
A49: GG112501 | B49: P060252 | C49: ✓ COMPLETE 2 testing instances • 1 document(s) on file, not credited | D49: Conforms | E49: =IFERROR(INDEX('iCoA Register'!$B:$B,MATCH("P060252|I",'iCoA Register'!$P:$P,0)),"iCoA — at issue")&", (05.05.2026) [PP]" | F49: ✓ | G49: Conforms | H49: =IFERROR(INDEX('iCoA Register'!$B:$B,MATCH("P060252|I",'iCoA Register'!$P:$P,0)),"iCoA — at issue")&", (05.05.2026) [PP]" | I49: ✓ | J49: Conforms (ImB spec.) | K49: ППК26061, (11.05.2026) [CNP] | L49: ✓ | M49: 17.94 | N49: ППК26061, (11.05.2026) [CNP] | O49: ✓ | P49: 0.08 | Q49: ППК26061, (11.05.2026) [CNP] | R49: ✓ | S49: < LOQ ᴰ | T49: ППК26061, (11.05.2026) [CNP] | U49: ✓ | V49: Conforms | W49: =IFERROR(INDEX('iCoA Register'!$B:$B,MATCH("P060252|I",'iCoA Register'!$P:$P,0)),"iCoA — at issue")&", (05.05.2026) [PP]" | X49: ✓ | Y49: 6.31 | Z49: ППК26061, (11.05.2026) [CNP] | AA49: ✓ | AB49: 5.1 × 10³ | AC49: 4.5 × 10³ | AD49: < 10² | AE49: Absent | AF49: Absent | AG49: ✓ | AH49: ND | AI49: < 2 | AJ49: ND | AK49: ✓ | AL49: 0.033 | AM49: 0.0154 | AN49: 0.0272 | AO49: 0.0146 | AP49: ✓ | AQ49: ≤ LOQ (all 26 compounds) | AR49: 2358-2026, (29.04.2026) [IJZ] | AS49: ✓
AB50: 304-0548-26, (28.04.2026) [IJZ-MB] | AH50: 2358-2026, (29.04.2026) [IJZ] | AL50: 2358-2026, (29.04.2026) [IJZ]
G51: not on this certificate | H51: ППК26061, (11.05.2026) [CNP] · on file, not credited | I51: • | AB51: 5 × 10³ | AC51: 1.1 × 10³ | AD51: < 10³ and > 10² | AE51: Absent | AF51: Absent | AG51: ✓
AB52: 545-1076-26, (31.08.2026) [IJZ-MB]
A53: GRC102501 | B53: P060142 / P060182 | C53: ⚠ 3 NO RESULT (3 no cert / 0 cert w/o result) 2 testing instances • 2 document(s) on file, not credited | D53: Conforms | E53: =IFERROR(INDEX('iCoA Register'!$B:$B,MATCH("P060342|I",'iCoA Register'!$P:$P,0)),"iCoA — at issue")&", (23.02.2026) [PP]" | F53: ✓ | G53: Conforms | H53: =IFERROR(INDEX('iCoA Register'!$B:$B,MATCH("P060342|I",'iCoA Register'!$P:$P,0)),"iCoA — at issue")&", (23.02.2026) [PP]" | I53: ✓ | J53: not on this certificate | K53: 051-6-LoD-26, (02.03.2026) [FHM-K] · on file, not credited | L53: • | M53: not on this certificate | N53: 051-6-LoD-26, (02.03.2026) [FHM-K] · on file, not credited | O53: • | P53: not on this certificate | Q53: 051-6-LoD-26, (02.03.2026) [FHM-K] · on file, not credited | R53: • | S53: not on this certificate | T53: 051-6-LoD-26, (02.03.2026) [FHM-K] · on file, not credited | U53: • | V53: Conforms | W53: =IFERROR(INDEX('iCoA Register'!$B:$B,MATCH("P060342|I",'iCoA Register'!$P:$P,0)),"iCoA — at issue")&", (23.02.2026) [PP]" | X53: ✓ | Y53: 7.7 | Z53: 051-6-LoD-26, (02.03.2026) [FHM-K] | AA53: ✓ | AB53: 10 | AC53: < 10 | AD53: < 10 | AE53: Absent | AF53: Absent | AG53: ✓ | AH53: — MISSING — | AI53: — MISSING — | AJ53: — MISSING — | AK53: ✗ | AL53: — MISSING — | AM53: — MISSING — | AN53: — MISSING — | AO53: — MISSING — | AP53: ✗ | AQ53: — MISSING — | AR53: — no certificate — | AS53: ✗
AB54: 550-1081-26, (01.09.2026) [IJZ-MB] | AH54: — no certificate — | AL54: — no certificate —
D55: Conforms | E55: =IFERROR(INDEX('iCoA Register'!$B:$B,MATCH("P060182|I",'iCoA Register'!$P:$P,0)),"iCoA — at issue")&", (14.03.2026) [PP]" | F55: ✓ | G55: Conforms | H55: =IFERROR(INDEX('iCoA Register'!$B:$B,MATCH("P060182|I",'iCoA Register'!$P:$P,0)),"iCoA — at issue")&", (14.03.2026) [PP]" | I55: ✓ | J55: Conforms (ImB spec.) ᴿ | K55: 051-6-K-26, (04.03.2026) [FHM-K] | L55: ✓ | M55: 11.53 | N55: 051-6-K-26, (04.03.2026) [FHM-K] | O55: ✓ | P55: < LOQ** | Q55: 051-6-K-26, (04.03.2026) [FHM-K] | R55: ✓ | S55: < LOQ** | T55: 051-6-K-26, (04.03.2026) [FHM-K] | U55: ✓ | V55: Conforms | W55: =IFERROR(INDEX('iCoA Register'!$B:$B,MATCH("P060182|I",'iCoA Register'!$P:$P,0)),"iCoA — at issue")&", (14.03.2026) [PP]" | X55: ✓ | Y55: not on this certificate | Z55: 051-6-K-26, (04.03.2026) [FHM-K] · on file, not credited | AA55: •
A57: HPA1024 | B57: N/A — no P batch assigned | C57: ✗ 4 NO RESULT (4 no cert / 0 cert w/o result) 2 testing instances • 2 document(s) on file, not credited | D57: Conforms | E57: =IFERROR(INDEX('iCoA Register'!$B:$B,MATCH("HPA1024|I",'iCoA Register'!$P:$P,0)),"iCoA — at issue")&", (11.04.2025) [PP]" | F57: ✓ | G57: Conforms | H57: =IFERROR(INDEX('iCoA Register'!$B:$B,MATCH("HPA1024|I",'iCoA Register'!$P:$P,0)),"iCoA — at issue")&", (11.04.2025) [PP]" | I57: ✓ | J57: Conforms (ImB spec.) ᴿ | K57: 197-13-K-26, (07.08.2026) [FHM-K] | L57: ✓ | M57: 14.97 ᴿ | N57: =IFERROR(INDEX('iCoA Register'!$B:$B,MATCH("HPA1024|I",'iCoA Register'!$P:$P,0)),"iCoA — at issue")&", (11.04.2025) [PP]" | O57: • | P57: 0.04 ᴿ | Q57: =IFERROR(INDEX('iCoA Register'!$B:$B,MATCH("HPA1024|I",'iCoA Register'!$P:$P,0)),"iCoA — at issue")&", (11.04.2025) [PP]" | R57: • | S57: 0.36 | T57: 197-13-K-26, (07.08.2026) [FHM-K] | U57: ✓ | V57: Conforms | W57: =IFERROR(INDEX('iCoA Register'!$B:$B,MATCH("HPA1024|I",'iCoA Register'!$P:$P,0)),"iCoA — at issue")&", (11.04.2025) [PP]" | X57: ✓ | Y57: not on this certificate | Z57: 197-13-K-26, (07.08.2026) [FHM-K] · on file, not credited | AA57: • | AB57: 5.2 × 10⁴ ᴿ | AC57: 7 × 10² ᴿ | AD57: < 10 ᴿ | AE57: Absent ᴿ | AF57: Absent ᴿ | AG57: • | AH57: not reported | AI57: < 2 ᴿ | AJ57: not reported | AK57: • | AL57: 0.02 ᴿ | AM57: 0.013 ᴿ | AN57: 0.017 ᴿ | AO57: 0.0026 ᴿ | AP57: • | AQ57: ND ᴿ | AR57: =IFERROR(INDEX('iCoA Register'!$B:$B,MATCH("HPA1024|I",'iCoA Register'!$P:$P,0)),"iCoA — at issue")&", (11.04.2025) [PP]" | AS57: •
AB58: =IFERROR(INDEX('iCoA Register'!$B:$B,MATCH("HPA1024|I",'iCoA Register'!$P:$P,0)),"iCoA — at issue")&", (11.04.2025) [PP]" | AH58: =IFERROR(INDEX('iCoA Register'!$B:$B,MATCH("HPA1024|I",'iCoA Register'!$P:$P,0)),"iCoA — at issue")&", (11.04.2025) [PP]" | AL58: =IFERROR(INDEX('iCoA Register'!$B:$B,MATCH("HPA1024|I",'iCoA Register'!$P:$P,0)),"iCoA — at issue")&", (11.04.2025) [PP]"
D59: Conforms | E59: iCoA — at issue (HPA1024), (23.04.2025) [PP] | F59: ✓ | M59: 17.31 | N59: 197-13-K-26, (07.08.2026) [FHM-K] | O59: ✓ | P59: < LOQ | Q59: 197-13-K-26, (07.08.2026) [FHM-K] | R59: ✓ | V59: Conforms | W59: iCoA — at issue (HPA1024), (23.04.2025) [PP] | X59: ✓ | AH59: ND | AI59: ND | AJ59: < LOQ | AK59: ✓
AH60: 197-13-M-26, (10.08.2026) [FHM-M]
A61: J31102501 | B61: P060152 | C61: ⚠ 3 NO RESULT (3 no cert / 0 cert w/o result) 3 testing instances • 3 document(s) on file, not credited | D61: Conforms | E61: =IFERROR(INDEX('iCoA Register'!$B:$B,MATCH("P060152|I",'iCoA Register'!$P:$P,0)),"iCoA — at issue")&", (05.03.2026) [PP]" | F61: ✓ | G61: Conforms | H61: =IFERROR(INDEX('iCoA Register'!$B:$B,MATCH("P060152|I",'iCoA Register'!$P:$P,0)),"iCoA — at issue")&", (05.03.2026) [PP]" | I61: ✓ | J61: not on this certificate | K61: 051-1-LoD-26, (02.03.2026) [FHM-K] · on file, not credited | L61: • | M61: not on this certificate | N61: 051-1-LoD-26, (02.03.2026) [FHM-K] · on file, not credited | O61: • | P61: not on this certificate | Q61: 051-1-LoD-26, (02.03.2026) [FHM-K] · on file, not credited | R61: • | S61: not on this certificate | T61: 051-1-LoD-26, (02.03.2026) [FHM-K] · on file, not credited | U61: • | V61: Conforms | W61: =IFERROR(INDEX('iCoA Register'!$B:$B,MATCH("P060152|I",'iCoA Register'!$P:$P,0)),"iCoA — at issue")&", (05.03.2026) [PP]" | X61: ✓ | Y61: 6.3 | Z61: 051-1-LoD-26, (02.03.2026) [FHM-K] | AA61: ✓ | AB61: — MISSING — | AC61: — MISSING — | AD61: — MISSING — | AE61: — MISSING — | AF61: — MISSING — | AG61: ✗ | AH61: ND | AI61: ND | AJ61: ND | AK61: ✓ | AL61: — MISSING — | AM61: — MISSING — | AN61: — MISSING — | AO61: — MISSING — | AP61: ✗ | AQ61: — MISSING — | AR61: — no certificate — | AS61: ✗
AB62: — no certificate — | AH62: 197-16-M-26, (10.08.2026) [FHM-M] | AL62: — no certificate —
J63: Conforms (ImB spec.) ᴿ | K63: 051-1-K-26, (04.03.2026) [FHM-K] | L63: ✓ | M63: 19.14 | N63: 051-1-K-26, (04.03.2026) [FHM-K] | O63: ✓ | P63: < LOQ** | Q63: 051-1-K-26, (04.03.2026) [FHM-K] | R63: ✓ | S63: < LOQ** | T63: 051-1-K-26, (04.03.2026) [FHM-K] | U63: ✓ | Y63: not on this certificate | Z63: 051-1-K-26, (04.03.2026) [FHM-K] · on file, not credited | AA63: •
J65: Conforms (ImB spec.) | K65: 197-16-K-26, (07.08.2026) [FHM-K] | L65: ✓ | M65: 17.32 | N65: 197-16-K-26, (07.08.2026) [FHM-K] | O65: ✓ | P65: < LOQ | Q65: 197-16-K-26, (07.08.2026) [FHM-K] | R65: ✓ | S65: < LOQ | T65: 197-16-K-26, (07.08.2026) [FHM-K] | U65: ✓ | Y65: not on this certificate | Z65: 197-16-K-26, (07.08.2026) [FHM-K] · on file, not credited | AA65: •
A67: J31112501 | B67: P060202 | C67: ⚠ 3 NO RESULT (3 no cert / 0 cert w/o result) 6 testing instances • 6 document(s) on file, not credited | D67: Conforms | E67: =IFERROR(INDEX('iCoA Register'!$B:$B,MATCH("P060202|I",'iCoA Register'!$P:$P,0)),"iCoA — at issue")&", (17.04.2026) [PP]" | F67: ✓ | G67: Conforms | H67: =IFERROR(INDEX('iCoA Register'!$B:$B,MATCH("P060202|I",'iCoA Register'!$P:$P,0)),"iCoA — at issue")&", (17.04.2026) [PP]" | I67: ✓ | J67: not on this certificate | K67: 051-5-LoD-26, (02.03.2026) [FHM-K] · on file, not credited | L67: • | M67: not on this certificate | N67: 051-5-LoD-26, (02.03.2026) [FHM-K] · on file, not credited | O67: • | P67: not on this certificate | Q67: 051-5-LoD-26, (02.03.2026) [FHM-K] · on file, not credited | R67: • | S67: not on this certificate | T67: 051-5-LoD-26, (02.03.2026) [FHM-K] · on file, not credited | U67: • | V67: Conforms | W67: =IFERROR(INDEX('iCoA Register'!$B:$B,MATCH("P060202|I",'iCoA Register'!$P:$P,0)),"iCoA — at issue")&", (17.04.2026) [PP]" | X67: ✓ | Y67: 8.4 | Z67: 051-5-LoD-26, (02.03.2026) [FHM-K] | AA67: ✓ | AB67: 4.4 × 10² | AC67: 8.6 × 10² | AD67: < 10² and > 10 | AE67: Absent | AF67: Absent | AG67: ✓ | AH67: — MISSING — | AI67: — MISSING — | AJ67: — MISSING — | AK67: ✗ | AL67: — MISSING — | AM67: — MISSING — | AN67: — MISSING — | AO67: — MISSING — | AP67: ✗ | AQ67: — MISSING — | AR67: — no certificate — | AS67: ✗
AB68: 547-1078-26, (31.08.2026) [IJZ-MB] | AH68: — no certificate — | AL68: — no certificate —
J69: Conforms (ImB spec.) ᴿ | K69: 051-5-K-26, (04.03.2026) [FHM-K] | L69: ✓ | M69: 25.27 | N69: 051-5-K-26, (04.03.2026) [FHM-K] | O69: ✓ | P69: < LOQ** | Q69: 051-5-K-26, (04.03.2026) [FHM-K] | R69: ✓ | S69: < LOQ** | T69: 051-5-K-26, (04.03.2026) [FHM-K] | U69: ✓ | Y69: not on this certificate | Z69: 051-5-K-26, (04.03.2026) [FHM-K] · on file, not credited | AA69: •
J71: held for review | K71: 100-1-K-26, (09.04.2026) [FHM-K] | L71: ✗ | M71: 20.21 | N71: 100-1-K-26, (09.04.2026) [FHM-K] | O71: ✓ | P71: < LOQ | Q71: 100-1-K-26, (09.04.2026) [FHM-K] | R71: ✓ | S71: < LOQ | T71: 100-1-K-26, (09.04.2026) [FHM-K] | U71: ✓ | Y71: not on this certificate | Z71: 100-1-K-26, (09.04.2026) [FHM-K] · on file, not credited | AA71: •
J73: not on this certificate | K73: 100-1-LoD-26, (09.04.2026) [FHM-K] · on file, not credited | L73: • | M73: not on this certificate | N73: 100-1-LoD-26, (09.04.2026) [FHM-K] · on file, not credited | O73: • | P73: not on this certificate | Q73: 100-1-LoD-26, (09.04.2026) [FHM-K] · on file, not credited | R73: • | S73: not on this certificate | T73: 100-1-LoD-26, (09.04.2026) [FHM-K] · on file, not credited | U73: • | Y73: 7.6 | Z73: 100-1-LoD-26, (09.04.2026) [FHM-K] | AA73: ✓
J75: not on this certificate | K75: 100-2-LoD-26, (09.04.2026) [FHM-K] · on file, not credited | L75: • | M75: not on this certificate | N75: 100-2-LoD-26, (09.04.2026) [FHM-K] · on file, not credited | O75: • | P75: not on this certificate | Q75: 100-2-LoD-26, (09.04.2026) [FHM-K] · on file, not credited | R75: • | S75: not on this certificate | T75: 100-2-LoD-26, (09.04.2026) [FHM-K] · on file, not credited | U75: • | Y75: 10.3 ± 0.2 | Z75: 100-2-LoD-26, (09.04.2026) [FHM-K] | AA75: ✓
J77: not on this certificate | K77: 100-3-LoD-26, (09.04.2026) [FHM-K] · on file, not credited | L77: • | M77: not on this certificate | N77: 100-3-LoD-26, (09.04.2026) [FHM-K] · on file, not credited | O77: • | P77: not on this certificate | Q77: 100-3-LoD-26, (09.04.2026) [FHM-K] · on file, not credited | R77: • | S77: not on this certificate | T77: 100-3-LoD-26, (09.04.2026) [FHM-K] · on file, not credited | U77: • | Y77: 10.3 | Z77: 100-3-LoD-26, (09.04.2026) [FHM-K] | AA77: ✓
A79: J31122501 | B79: P060262 | C79: ⚠ 1 NO RESULT (1 no cert / 0 cert w/o result) 3 testing instances • 2 document(s) on file, not credited | D79: Conforms | E79: =IFERROR(INDEX('iCoA Register'!$B:$B,MATCH("P060262|I",'iCoA Register'!$P:$P,0)),"iCoA — at issue")&", (14.05.2026) [PP]" | F79: ✓ | G79: Conforms | H79: =IFERROR(INDEX('iCoA Register'!$B:$B,MATCH("P060262|I",'iCoA Register'!$P:$P,0)),"iCoA — at issue")&", (14.05.2026) [PP]" | I79: ✓ | J79: Conforms (ImB spec.) ᴿ | K79: 100-2-K-26, (09.04.2026) [FHM-K] | L79: ✓ | M79: 19.84 ᴿ | N79: 100-2-K-26, (09.04.2026) [FHM-K] | O79: ✓ | P79: < LOQ (<0.20) ᴿ | Q79: 100-2-K-26, (09.04.2026) [FHM-K] | R79: ✓ | S79: < LOQ ᴿ | T79: 100-2-K-26, (09.04.2026) [FHM-K] | U79: ✓ | V79: Conforms | W79: =IFERROR(INDEX('iCoA Register'!$B:$B,MATCH("P060262|I",'iCoA Register'!$P:$P,0)),"iCoA — at issue")&", (14.05.2026) [PP]" | X79: ✓ | Y79: not ingested | Z79: 100-2-K-26, (09.04.2026) [FHM-K] · on file, not credited | AA79: • | AB79: 1900 ᴿ | AC79: 840 ᴿ | AD79: < 10³ and > 10² ᴿ | AE79: Absent ᴿ | AF79: Absent ᴿ | AG79: ✓ | AH79: not reported | AI79: Complies ᴿ | AJ79: not reported | AK79: ✓ | AL79: not ingested | AP79: ✗ | AQ79: ND ᴿ | AR79: 1625-2026, (23.04.2026) [IJZ] | AS79: ✓
AB80: 230-0393-26, (07.04.2026) [IJZ-MB] | AH80: 1625-2026, (23.04.2026) [IJZ] | AL80: 1625-2026, (23.04.2026) [IJZ]
J81: not ingested | K81: 100-3-K-26, (09.04.2026) [FHM-K] | L81: ✗ | M81: 21.84 ᴿ | N81: 100-3-K-26, (09.04.2026) [FHM-K] | O81: ✓ | P81: < LOQ (<0.20) ᴿ | Q81: 100-3-K-26, (09.04.2026) [FHM-K] | R81: ✓ | S81: < LOQ ᴿ | T81: 100-3-K-26, (09.04.2026) [FHM-K] | U81: ✓ | Y81: not ingested | Z81: 100-3-K-26, (09.04.2026) [FHM-K] · on file, not credited | AA81: • | AB81: 850 ᴿ | AC81: 370 ᴿ | AD81: < 10² and > 10 ᴿ | AE81: Absent ᴿ | AF81: Absent ᴿ | AG81: ✓ | AH81: not reported | AI81: 2.5 ᴿ | AJ81: not reported | AK81: ✓ | AL81: ND ᴿ | AM81: ND ᴿ | AN81: ND ᴿ | AO81: ND ᴿ | AP81: ✓ | AQ81: ND ᴿ | AR81: 1628-2026, (23.04.2026) [IJZ] | AS81: ✓
AB82: 231-0394-26, (07.04.2026) [IJZ-MB] | AH82: 1628-2026, (23.04.2026) [IJZ] | AL82: 1628-2026, (23.04.2026) [IJZ]
AB83: 1 × 10³ | AC83: 1.7 × 10² | AD83: < 10³ and > 10² | AE83: Absent | AF83: Absent | AG83: ✓
AB84: 544-1075-26, (31.08.2026) [IJZ-MB]
A85: JD012601＊ | B85: P060312 | C85: ✓ COMPLETE 2 testing instances • 1 document(s) on file, not credited | D85: Conforms | E85: =IFERROR(INDEX('iCoA Register'!$B:$B,MATCH("P060342|I",'iCoA Register'!$P:$P,0)),"iCoA — at issue")&", (21.05.2026) [PP]" | F85: ✓ | G85: not on this certificate | H85: ППК26064, (11.05.2026) [CNP] · on file, not credited | I85: • | J85: Conforms (ImB spec.) | K85: ППК26064, (11.05.2026) [CNP] | L85: ✓ | M85: 18.16 | N85: ППК26064, (11.05.2026) [CNP] | O85: ✓ | P85: 0.06 | Q85: ППК26064, (11.05.2026) [CNP] | R85: ✓ | S85: < LOQ ᴰ | T85: ППК26064, (11.05.2026) [CNP] | U85: ✓ | V85: Conforms | W85: =IFERROR(INDEX('iCoA Register'!$B:$B,MATCH("P060342|I",'iCoA Register'!$P:$P,0)),"iCoA — at issue")&", (21.05.2026) [PP]" | X85: ✓ | Y85: 6.68 | Z85: ППК26064, (11.05.2026) [CNP] | AA85: ✓ | AB85: 1.9 × 10³ | AC85: 2.4 × 10³ | AD85: < 10 | AE85: Absent | AF85: Absent | AG85: ✓ | AH85: ND | AI85: < 2 | AJ85: ND | AK85: ✓ | AL85: 0.0739 | AM85: 0.0166 | AN85: 0.0136 | AO85: 0.0322 | AP85: ✓ | AQ85: ≤ LOQ (all 28 compounds) | AR85: 2363-2026, (30.04.2026) [IJZ] | AS85: ✓
AB86: 309-0553-26, (28.04.2026) [IJZ-MB] | AH86: 2363-2026, (30.04.2026) [IJZ] | AL86: 2363-2026, (30.04.2026) [IJZ]
G87: Conforms | H87: =IFERROR(INDEX('iCoA Register'!$B:$B,MATCH("P060342|I",'iCoA Register'!$P:$P,0)),"iCoA — at issue")&", (21.05.2026) [PP]" | I87: ✓ | AB87: 2.2 × 10³ | AC87: 1.7 × 10³ | AD87: < 10 | AE87: Absent | AF87: Absent | AG87: ✓
AB88: 540-1071-26, (31.08.2026) [IJZ-MB]
A89: JD012603 | B89: P060362 / P060412 / P060422 | C89: ✗ 4 NO RESULT (4 no cert / 0 cert w/o result) 2 testing instances • 1 document(s) on file, not credited | D89: Conforms | E89: ППК26111, (30.06.2026) [CNP] | F89: ✓ | G89: Conforms | H89: ППК26111, (30.06.2026) [CNP] | I89: ✓ | J89: Conforms (ImB spec.) | K89: ППК26111, (30.06.2026) [CNP] | L89: ✓ | M89: 15.16 | N89: ППК26111, (30.06.2026) [CNP] | O89: ✓ | P89: < LOQ | Q89: ППК26111, (30.06.2026) [CNP] | R89: ✓ | S89: 0.04 | T89: ППК26111, (30.06.2026) [CNP] | U89: ✓ | V89: Conforms (no value printed) | W89: ППК26111, (30.06.2026) [CNP] | X89: ✓ | Y89: 7.04 | Z89: ППК26111, (30.06.2026) [CNP] | AA89: ✓ | AB89: — MISSING — | AC89: — MISSING — | AD89: — MISSING — | AE89: — MISSING — | AF89: — MISSING — | AG89: ✗ | AH89: — MISSING — | AI89: — MISSING — | AJ89: — MISSING — | AK89: ✗ | AL89: — MISSING — | AM89: — MISSING — | AN89: — MISSING — | AO89: — MISSING — | AP89: ✗ | AQ89: — MISSING — | AR89: — no certificate — | AS89: ✗
AB90: — no certificate — | AH90: — no certificate — | AL90: — no certificate —
D91: Conforms | E91: ППК26113, (30.06.2026) [CNP] · on file, not credited | F91: • | G91: Conforms | H91: ППК26113, (30.06.2026) [CNP] | I91: ✓ | J91: Conforms (ImB spec.) | K91: ППК26113, (30.06.2026) [CNP] | L91: ✓ | M91: 20.54 | N91: ППК26113, (30.06.2026) [CNP] | O91: ✓ | P91: 0.05 | Q91: ППК26113, (30.06.2026) [CNP] | R91: ✓ | S91: 0.05 | T91: ППК26113, (30.06.2026) [CNP] | U91: ✓ | V91: Conforms (no value printed) | W91: ППК26113, (30.06.2026) [CNP] · on file, not credited | X91: • | Y91: 7.52 | Z91: ППК26113, (30.06.2026) [CNP] | AA91: ✓
A93: JD022601 | B93: P060482 | C93: ✗ 4 NO RESULT (4 no cert / 0 cert w/o result) | D93: Conforms | E93: ППК26115, (30.06.2026) [CNP] | F93: ✓ | G93: Conforms | H93: ППК26115, (30.06.2026) [CNP] | I93: ✓ | J93: Conforms (ImB spec.) | K93: ППК26115, (30.06.2026) [CNP] | L93: ✓ | M93: 18.58 | N93: ППК26115, (30.06.2026) [CNP] | O93: ✓ | P93: < LOQ | Q93: ППК26115, (30.06.2026) [CNP] | R93: ✓ | S93: 0.05 | T93: ППК26115, (30.06.2026) [CNP] | U93: ✓ | V93: Conforms (no value printed) | W93: ППК26115, (30.06.2026) [CNP] | X93: ✓ | Y93: 7.73 | Z93: ППК26115, (30.06.2026) [CNP] | AA93: ✓ | AB93: — MISSING — | AC93: — MISSING — | AD93: — MISSING — | AE93: — MISSING — | AF93: — MISSING — | AG93: ✗ | AH93: — MISSING — | AI93: — MISSING — | AJ93: — MISSING — | AK93: ✗ | AL93: — MISSING — | AM93: — MISSING — | AN93: — MISSING — | AO93: — MISSING — | AP93: ✗ | AQ93: — MISSING — | AR93: — no certificate — | AS93: ✗
AB94: — no certificate — | AH94: — no certificate — | AL94: — no certificate —
A95: JD112501 | B95: P060212 | C95: ✓ COMPLETE 3 testing instances • 5 document(s) on file, not credited | D95: Conforms | E95: =IFERROR(INDEX('iCoA Register'!$B:$B,MATCH("P060212|I",'iCoA Register'!$P:$P,0)),"iCoA — at issue")&", (21.04.2026) [PP]" | F95: ✓ | G95: Conforms | H95: =IFERROR(INDEX('iCoA Register'!$B:$B,MATCH("P060212|I",'iCoA Register'!$P:$P,0)),"iCoA — at issue")&", (21.04.2026) [PP]" | I95: ✓ | J95: Conforms (ImB spec.) | K95: ППК26063, (11.05.2026) [CNP] | L95: ✓ | M95: 19.64 | N95: ППК26063, (11.05.2026) [CNP] | O95: ✓ | P95: 0.06 | Q95: ППК26063, (11.05.2026) [CNP] | R95: ✓ | S95: < LOQ ᴰ | T95: ППК26063, (11.05.2026) [CNP] | U95: ✓ | V95: Conforms | W95: =IFERROR(INDEX('iCoA Register'!$B:$B,MATCH("P060212|I",'iCoA Register'!$P:$P,0)),"iCoA — at issue")&", (21.04.2026) [PP]" | X95: ✓ | Y95: 6.69 | Z95: ППК26063, (11.05.2026) [CNP] | AA95: ✓ | AB95: 1 × 10⁴ | AC95: 6.7 × 10³ | AD95: < 10³ and > 10² | AE95: Absent | AF95: Absent | AG95: • | AH95: ND | AI95: < 2 | AJ95: ND | AK95: ✓ | AL95: 0.022 | AM95: 0.0149 | AN95: 0.02 | AO95: 0.0166 | AP95: ✓ | AQ95: ≤ LOQ (all 26 compounds) | AR95: 2361-2026, (30.04.2026) [IJZ] | AS95: ✓
AB96: 306-0550-26, (28.04.2026) [IJZ-MB] · on file, not credited | AH96: 2361-2026, (30.04.2026) [IJZ] | AL96: 2361-2026, (30.04.2026) [IJZ]
G97: not on this certificate | H97: ППК26063, (11.05.2026) [CNP] · on file, not credited | I97: • | J97: Conforms (ImB spec.) | K97: ППК26065, (11.05.2026) [CNP] · on file, not credited | L97: • | M97: 13.93 | N97: ППК26065, (11.05.2026) [CNP] · on file, not credited | O97: • | P97: 0.04 | Q97: ППК26065, (11.05.2026) [CNP] · on file, not credited | R97: • | S97: < LOQ ᴰ | T97: ППК26065, (11.05.2026) [CNP] · on file, not credited | U97: • | Y97: 6.38 | Z97: ППК26065, (11.05.2026) [CNP] · on file, not credited | AA97: • | AB97: 2.6 × 10³ | AC97: 3.3 × 10³ | AD97: not reported | AE97: Absent | AF97: Absent | AG97: ✓ | AH97: ND | AI97: < 2 | AJ97: ND | AK97: • | AL97: 0.0109 | AM97: 0.01287 | AN97: 0.0175 | AO97: 0.0165 | AP97: • | AQ97: ≤ LOQ (all 27 compounds) | AR97: 2365-2026, (30.04.2026) [IJZ] · on file, not credited | AS97: •
AB98: 307-0551-26, (28.04.2026) [IJZ-MB] | AH98: 2365-2026, (30.04.2026) [IJZ] · on file, not credited | AL98: 2365-2026, (30.04.2026) [IJZ] · on file, not credited
G99: not on this certificate | H99: ППК26065, (11.05.2026) [CNP] · on file, not credited | I99: • | J99: Conforms (ImB spec.) ᴿ | K99: 197-15-K-26, (07.08.2026) [FHM-K] | L99: ✓ | M99: 20.32 | N99: 197-15-K-26, (07.08.2026) [FHM-K] | O99: ✓ | P99: < LOQ | Q99: 197-15-K-26, (07.08.2026) [FHM-K] | R99: ✓ | S99: < LOQ | T99: 197-15-K-26, (07.08.2026) [FHM-K] | U99: ✓ | Y99: not on this certificate | Z99: 197-15-K-26, (07.08.2026) [FHM-K] · on file, not credited | AA99: • | AH99: ND | AI99: ND | AJ99: ND | AK99: ✓
AH100: 197-15-M-26, (10.08.2026) [FHM-M]
A101: JD112501＊ | B101: N/A — no P batch assigned | C101: ✓ COMPLETE | D101: Conforms | E101: =IFERROR(INDEX('iCoA Register'!$B:$B,MATCH("P060342|I",'iCoA Register'!$P:$P,0)),"iCoA — at issue")&", (packaging date — to record) [PP]" | F101: ✓ | G101: Conforms | H101: =IFERROR(INDEX('iCoA Register'!$B:$B,MATCH("P060342|I",'iCoA Register'!$P:$P,0)),"iCoA — at issue")&", (packaging date — to record) [PP]" | I101: ✓ | J101: Conforms (ImB spec.) | K101: ППК26065, (11.05.2026) [CNP] | L101: ✓ | M101: 13.93 | N101: ППК26065, (11.05.2026) [CNP] | O101: ✓ | P101: 0.04 | Q101: ППК26065, (11.05.2026) [CNP] | R101: ✓ | S101: < LOQ ᴰ | T101: ППК26065, (11.05.2026) [CNP] | U101: ✓ | V101: Conforms | W101: =IFERROR(INDEX('iCoA Register'!$B:$B,MATCH("P060342|I",'iCoA Register'!$P:$P,0)),"iCoA — at issue")&", (packaging date — to record) [PP]" | X101: ✓ | Y101: 6.38 | Z101: ППК26065, (11.05.2026) [CNP] | AA101: ✓ | AB101: 1 × 10⁴ | AC101: 6.7 × 10³ | AD101: < 10³ and > 10² | AE101: Absent | AF101: Absent | AG101: ✓ | AH101: ND | AI101: < 2 | AJ101: ND | AK101: ✓ | AL101: 0.0109 | AM101: 0.01287 | AN101: 0.0175 | AO101: 0.0165 | AP101: ✓ | AQ101: ≤ LOQ (all 27 compounds) | AR101: 2365-2026, (30.04.2026) [IJZ] | AS101: ✓
AB102: 306-0550-26, (28.04.2026) [IJZ-MB] | AH102: 2365-2026, (30.04.2026) [IJZ] | AL102: 2365-2026, (30.04.2026) [IJZ]
A103: KC102501 | B103: P060172 | C103: ✗ 4 NO RESULT (4 no cert / 0 cert w/o result) 2 testing instances • 2 document(s) on file, not credited | D103: Conforms | E103: =IFERROR(INDEX('iCoA Register'!$B:$B,MATCH("P060172|I",'iCoA Register'!$P:$P,0)),"iCoA — at issue")&", (12.03.2026) [PP]" | F103: ✓ | G103: Conforms | H103: =IFERROR(INDEX('iCoA Register'!$B:$B,MATCH("P060172|I",'iCoA Register'!$P:$P,0)),"iCoA — at issue")&", (12.03.2026) [PP]" | I103: ✓ | J103: not on this certificate | K103: 051-4-LoD-26, (02.03.2026) [FHM-K] · on file, not credited | L103: • | M103: not on this certificate | N103: 051-4-LoD-26, (02.03.2026) [FHM-K] · on file, not credited | O103: • | P103: not on this certificate | Q103: 051-4-LoD-26, (02.03.2026) [FHM-K] · on file, not credited | R103: • | S103: not on this certificate | T103: 051-4-LoD-26, (02.03.2026) [FHM-K] · on file, not credited | U103: • | V103: Conforms | W103: =IFERROR(INDEX('iCoA Register'!$B:$B,MATCH("P060172|I",'iCoA Register'!$P:$P,0)),"iCoA — at issue")&", (12.03.2026) [PP]" | X103: ✓ | Y103: 8.6 | Z103: 051-4-LoD-26, (02.03.2026) [FHM-K] | AA103: ✓ | AB103: — MISSING — | AC103: — MISSING — | AD103: — MISSING — | AE103: — MISSING — | AF103: — MISSING — | AG103: ✗ | AH103: — MISSING — | AI103: — MISSING — | AJ103: — MISSING — | AK103: ✗ | AL103: — MISSING — | AM103: — MISSING — | AN103: — MISSING — | AO103: — MISSING — | AP103: ✗ | AQ103: — MISSING — | AR103: — no certificate — | AS103: ✗
AB104: — no certificate — | AH104: — no certificate — | AL104: — no certificate —
J105: Conforms (ImB spec.) ᴿ | K105: 051-4-K-26, (04.03.2026) [FHM-K] | L105: ✓ | M105: 17.04 | N105: 051-4-K-26, (04.03.2026) [FHM-K] | O105: ✓ | P105: < LOQ** | Q105: 051-4-K-26, (04.03.2026) [FHM-K] | R105: ✓ | S105: < LOQ** | T105: 051-4-K-26, (04.03.2026) [FHM-K] | U105: ✓ | Y105: not on this certificate | Z105: 051-4-K-26, (04.03.2026) [FHM-K] · on file, not credited | AA105: •
A107: OPM1024 | B107: N/A — no P batch assigned | C107: ✗ 4 NO RESULT (4 no cert / 0 cert w/o result) 2 testing instances • 2 document(s) on file, not credited | D107: Conforms | E107: iCoA — at issue (OPM1024), (23.04.2025) [PP] | F107: ✓ | G107: Conforms | H107: =IFERROR(INDEX('iCoA Register'!$B:$B,MATCH("OPM1024|I",'iCoA Register'!$P:$P,0)),"iCoA — at issue")&", (24.04.2025) [PP]" | I107: ✓ | J107: Conforms (ImB spec.) ᴿ | K107: 197-17-K-26, (07.08.2026) [FHM-K] | L107: ✓ | M107: 19.96 ᴿ | N107: =IFERROR(INDEX('iCoA Register'!$B:$B,MATCH("OPM1024|I",'iCoA Register'!$P:$P,0)),"iCoA — at issue")&", (24.04.2025) [PP]" | O107: • | P107: 0.05 ᴿ | Q107: =IFERROR(INDEX('iCoA Register'!$B:$B,MATCH("OPM1024|I",'iCoA Register'!$P:$P,0)),"iCoA — at issue")&", (24.04.2025) [PP]" | R107: • | S107: < LOQ | T107: 197-17-K-26, (07.08.2026) [FHM-K] | U107: ✓ | V107: Conforms | W107: iCoA — at issue (OPM1024), (23.04.2025) [PP] | X107: ✓ | Y107: not on this certificate | Z107: 197-17-K-26, (07.08.2026) [FHM-K] · on file, not credited | AA107: • | AB107: 1.3 × 10⁴ ᴿ | AC107: 7 × 10² ᴿ | AD107: < 10² > 10³ ᴿ | AE107: Absent ᴿ | AF107: Absent ᴿ | AG107: • | AH107: not reported | AI107: < 2 ᴿ | AJ107: not reported | AK107: • | AL107: 0.031 ᴿ | AM107: 0.017 ᴿ | AN107: 0.045 ᴿ | AO107: 0.005 ᴿ | AP107: • | AQ107: ND ᴿ | AR107: =IFERROR(INDEX('iCoA Register'!$B:$B,MATCH("OPM1024|I",'iCoA Register'!$P:$P,0)),"iCoA — at issue")&", (24.04.2025) [PP]" | AS107: •
AB108: =IFERROR(INDEX('iCoA Register'!$B:$B,MATCH("OPM1024|I",'iCoA Register'!$P:$P,0)),"iCoA — at issue")&", (24.04.2025) [PP]" | AH108: =IFERROR(INDEX('iCoA Register'!$B:$B,MATCH("OPM1024|I",'iCoA Register'!$P:$P,0)),"iCoA — at issue")&", (24.04.2025) [PP]" | AL108: =IFERROR(INDEX('iCoA Register'!$B:$B,MATCH("OPM1024|I",'iCoA Register'!$P:$P,0)),"iCoA — at issue")&", (24.04.2025) [PP]"
D109: Conforms | E109: =IFERROR(INDEX('iCoA Register'!$B:$B,MATCH("OPM1024|I",'iCoA Register'!$P:$P,0)),"iCoA — at issue")&", (24.04.2025) [PP]" | F109: ✓ | M109: 20.03 | N109: 197-17-K-26, (07.08.2026) [FHM-K] | O109: ✓ | P109: < LOQ | Q109: 197-17-K-26, (07.08.2026) [FHM-K] | R109: ✓ | V109: Conforms | W109: =IFERROR(INDEX('iCoA Register'!$B:$B,MATCH("OPM1024|I",'iCoA Register'!$P:$P,0)),"iCoA — at issue")&", (24.04.2025) [PP]" | X109: ✓ | AH109: ND | AI109: ND | AJ109: ND | AK109: ✓
AH110: 197-17-M-26, (10.08.2026) [FHM-M]
A111: OPM112501 | B111: P060222 | C111: ✗ 4 NO RESULT (3 no cert / 1 cert w/o result) 2 testing instances • 1 document(s) on file, not credited | D111: Conforms | E111: =IFERROR(INDEX('iCoA Register'!$B:$B,MATCH("P060222|I",'iCoA Register'!$P:$P,0)),"iCoA — at issue")&", (24.04.2026) [PP]" | F111: ✓ | G111: not ingested | H111: ППК26031, (05.03.2026) [CNP] · on file, not credited | I111: • | J111: Conforms (ImB spec.) ᴿ | K111: ППК26031, (05.03.2026) [CNP] | L111: ✓ | M111: 8.00 ᴿ | N111: ППК26031, (05.03.2026) [CNP] | O111: ✓ | P111: 0.02 ᴿ | Q111: ППК26031, (05.03.2026) [CNP] | R111: ✓ | S111: not ingested | T111: ППК26031, (05.03.2026) [CNP] | U111: ✗ | V111: Conforms | W111: =IFERROR(INDEX('iCoA Register'!$B:$B,MATCH("P060222|I",'iCoA Register'!$P:$P,0)),"iCoA — at issue")&", (24.04.2026) [PP]" | X111: ✓ | Y111: 8.06 ᴿ | Z111: ППК26031, (05.03.2026) [CNP] | AA111: ✓ | AB111: < 10 | AC111: 10 | AD111: < 10 | AE111: Absent | AF111: Absent | AG111: ✓ | AH111: — MISSING — | AI111: — MISSING — | AJ111: — MISSING — | AK111: ✗ | AL111: — MISSING — | AM111: — MISSING — | AN111: — MISSING — | AO111: — MISSING — | AP111: ✗ | AQ111: — MISSING — | AR111: — no certificate — | AS111: ✗
AB112: 546-1077-26, (31.08.2026) [IJZ-MB] | AH112: — no certificate — | AL112: — no certificate —
G113: Conforms | H113: =IFERROR(INDEX('iCoA Register'!$B:$B,MATCH("P060222|I",'iCoA Register'!$P:$P,0)),"iCoA — at issue")&", (24.04.2026) [PP]" | I113: ✓
...

Sheet Credit Audit
A1: CU Batch | B1: P Batch | C1: Certificate | D1: Date | E1: Lab | F1: # | G1: Parameter | H1: Finding | I1: Action
A2: BSS052501 | B2: P050192 | C2: NGP-QCG-SOP-024 F3 | D2: 45989 | E2: NGP | F2: #6 | G2: #6 Total CBN | H2: held for review | I2: The two independent reads disagreed. A person must confirm the figure from the page.
A3: GP062501 | B3: P050202 | C3: NGP-QCG-SOP-024 F3 | D3: 45989 | E3: NGP | F3: #6 | G3: #6 Total CBN | H3: held for review | I3: The two independent reads disagreed. A person must confirm the figure from the page.
A4: J31112501 | B4: P060202 | C4: 100-1-K-26 | D4: 46121 | E4: FHM-K | F4: #3 | G4: #3 Identification C | H4: held for review | I4: The two independent reads disagreed. A person must confirm the figure from the page.
A5: FB032601 | B5: P060452 | C5: ППК26127 | D5: 46224 | E5: CNP | F5: #7 | G5: #7 Foreign Matter | H5: non-conformance reported | I5: The certificate reports a result that does not conform. Open an investigation record; the Head of QC rules on the lot, and the iCoA for this parameter is held until then.
A6: J31122501 | B6: P060262 | C6: 100-3-K-26 | D6: 46121 | E6: FHM-K | F6: #3 | G6: #3 Identification C | H6: not ingested | I6: Re-extract the document into the corpus; the batch cannot reach a CoQ on this parameter until then.
A7: J31122501 | B7: P060262 | C7: 1625-2026 | D7: 46135 | E7: IJZ | F7: #11 | G7: #11 Heavy Metals | H7: not ingested | I7: Re-extract the document into the corpus; the batch cannot reach a CoQ on this parameter until then.
A8: MB0824_04 | B8: P050032 | C8: ППК25118 | D8: 45783 | E8: CNP | F8: #6 | G8: #6 Total CBN | H8: not ingested | I8: Re-extract the document into the corpus; the batch cannot reach a CoQ on this parameter until then.
A9: OPM052501 | B9: P050132 | C9: ППК25257 | D9: 45905 | E9: CNP | F9: #6 | G9: #6 Total CBN | H9: not ingested | I9: Re-extract the document into the corpus; the batch cannot reach a CoQ on this parameter until then.
A10: OPM112501 | B10: P060222 | C10: ППК26031 | D10: 46086 | E10: CNP | F10: #6 | G10: #6 Total CBN | H10: not ingested | I10: Re-extract the document into the corpus; the batch cannot reach a CoQ on this parameter until then.
A11: PM072501 | B11: P050272 | C11: ППК25368 | D11: 45989 | E11: CNP | F11: #6 | G11: #6 Total CBN | H11: not ingested | I11: Re-extract the document into the corpus; the batch cannot reach a CoQ on this parameter until then.
A12: BSS052501 | B12: P050192 | C12: NGP-QCG-SOP-024 F3 | D12: 45989 | E12: NGP | F12: #8 | G12: #8 Loss on Drying | H12: not on this certificate | I12: Move the credit to the certificate that reports this parameter, or record why it stands.
A13: BSS052501 | B13: P050192 | C13: 5661-2025 | D13: 45992 | E13: IJZ | F13: #10 | G13: #10 Mycotoxins | H13: not on this certificate | I13: Move the credit to the certificate that reports this parameter, or record why it stands.
A14: BSS052501 | B14: P050192 | C14: 5661-2025 | D14: 45992 | E14: IJZ | F14: #12 | G14: #12 Pesticide Residues | H14: not on this certificate | I14: Move the credit to the certificate that reports this parameter, or record why it stands.

Sheet Credit Corrections
A1: CU Batch | B1: P Batch | C1: Certificate | D1: Date | E1: Lab | F1: # | G1: Parameter | H1: Correction | I1: Evidence
A2: BG1024 | B2: N/A — no P batch assigned | C2: 197-1-K-26 | D2: 46241 | E2: FHM-K | F2: #8 | G2: #8 Loss on Drying | H2: credit removed | I2: R1 Farmahem pair — cannabinoid certificate; loss on drying is on the LoD certificate
A3: BSS1024 | B3: N/A — no P batch assigned | C3: 197-2-K-26 | D3: 46241 | E3: FHM-K | F3: #8 | G3: #8 Loss on Drying | H3: credit removed | I3: R1 Farmahem pair — cannabinoid certificate; loss on drying is on the LoD certificate
A4: CC012601/1 | B4: P060332 | C4: 197-6-K-26 | D4: 46241 | E4: FHM-K | F4: #8 | G4: #8 Loss on Drying | H4: credit removed | I4: R1 Farmahem pair — cannabinoid certificate; loss on drying is on the LoD certificate
A5: CJ052501/01 | B5: P050162 | C5: 197-3-K-26 | D5: 46241 | E5: FHM-K | F5: #8 | G5: #8 Loss on Drying | H5: credit removed | I5: R1 Farmahem pair — cannabinoid certificate; loss on drying is on the LoD certificate
A6: CJ062501/2 | B6: P050212 | C6: 197-4-K-26 | D6: 46241 | E6: FHM-K | F6: #8 | G6: #8 Loss on Drying | H6: credit removed | I6: R1 Farmahem pair — cannabinoid certificate; loss on drying is on the LoD certificate
A7: CJ082501/2 | B7: P060032 | C7: 197-5-K-26 | D7: 46241 | E7: FHM-K | F7: #8 | G7: #8 Loss on Drying | H7: credit removed | I7: R1 Farmahem pair — cannabinoid certificate; loss on drying is on the LoD certificate
A8: FB012602* | B8: P060352 | C8: 197-7-K-26 | D8: 46241 | E8: FHM-K | F8: #8 | G8: #8 Loss on Drying | H8: credit removed | I8: R1 Farmahem pair — cannabinoid certificate; loss on drying is on the LoD certificate
A9: GG012603 | B9: P060402 | C9: 197-8-K-26 | D9: 46241 | E9: FHM-K | F9: #8 | G9: #8 Loss on Drying | H9: credit removed | I9: R1 Farmahem pair — cannabinoid certificate; loss on drying is on the LoD certificate
A10: GG1024_01 | B10: P050092 | C10: 197-9-K-26 | D10: 46241 | E10: FHM-K | F10: #8 | G10: #8 Loss on Drying | H10: credit removed | I10: R1 Farmahem pair — cannabinoid certificate; loss on drying is on the LoD certificate
A11: GP052501 | B11: P050152 | C11: 197-10-K-26 | D11: 46241 | E11: FHM-K | F11: #8 | G11: #8 Loss on Drying | H11: credit removed | I11: R1 Farmahem pair — cannabinoid certificate; loss on drying is on the LoD certificate
A12: GP0824_02 | B12: P050022 | C12: 197-11-K-26 | D12: 46241 | E12: FHM-K | F12: #8 | G12: #8 Loss on Drying | H12: credit removed | I12: R1 Farmahem pair — cannabinoid certificate; loss on drying is on the LoD certificate
A13: GP082501/2 | B13: P050322 | C13: 197-12-K-26 | D13: 46241 | E13: FHM-K | F13: #8 | G13: #8 Loss on Drying | H13: credit removed | I13: R1 Farmahem pair — cannabinoid certificate; loss on drying is on the LoD certificate
... A133: WC082501 | B133: P060012 | C133: ППК26001 | D133: 46043 | E133: CNP | F133: #2 | G133: #2 Identification B | H133: credit removed | I133: R2 CNP identification B — no microscopy row on this certificate
A135: These corrections are applied when the workbook is built and are NOT written back to the owner's tracker. A removed credit does not remove the document: it still appears as a testing instance, marked • and "on file, not credited". R1 — the Farmahem pair was credited jointly for #3–#6 and #8, while the K certificate reports identification C, THC, CBD and CBN and the LoD certificate reports loss on drying alone; each now keeps only what it reports. R2 — identification B was credited to CNP certificates carrying no microscopy row; the credit is removed there and kept on ППК26110–26119 and ППК26127–26128, whose newer report format does carry it. Removing R2 leaves 51 lots with no evidence for identification B at all: those lots need an in-house iCoA for identification A and B, which is what the issuance plan already foresees.

Sheet Work Order
A1: Task | B1: CU Batch | C1: P Batch | D1: Certificate | E1: Date | F1: Lab | G1: Parameters affected | H1: What is needed
A2: held for review | B2: BSS052501 | C2: P050192 | D2: NGP-QCG-SOP-024 F3 | E2: 45989 | F2: NGP | G2: #6 | H2: The two independent reads disagreed. A person must read the figure from the page and confirm it.
A3: held for review | B3: GP062501 | C3: P050202 | D3: NGP-QCG-SOP-024 F3 | E3: 45989 | F3: NGP | G3: #6 | H3: The two independent reads disagreed. A person must read the figure from the page and confirm it.
A4: held for review | B4: J31112501 | C4: P060202 | D4: 100-1-K-26 | E4: 46121 | F4: FHM-K | G4: #3 | H4: The two independent reads disagreed. A person must read the figure from the page and confirm it.
A5: lot not on tracker | B5: P050142 | C5: P050142 | D5: 559-1090-26 | E5: 46266 | F5: IJZ-MB | G5: #9 | H5: The certificate names a P batch the owner's tracker does not carry. Record the lot (cultivation batch code, strain) on the tracker so the certificate is credited under its batch.
A6: lot not on tracker | B6: P060102 | C6: P060102 | D6: 551-1082-26 | E6: 46266 | F6: IJZ-MB | G6: #9 | H6: The certificate names a P batch the owner's tracker does not carry. Record the lot (cultivation batch code, strain) on the tracker so the certificate is credited under its batch.
A7: lot not on tracker | B7: P060342 | C7: P060342 | D7: 539-1070-26 | E7: 46265 | F7: IJZ-MB | G7: #9 | H7: The certificate names a P batch the owner's tracker does not carry. Record the lot (cultivation batch code, strain) on the tracker so the certificate is credited under its batch.
A8: non-conformance reported | B8: FB032601 | C8: P060452 | D8: ППК26127 | E8: 46224 | F8: CNP | G8: #7 | H8: The laboratory reports the result as not conforming (Не одговара). A deviation / OOS record is needed before this lot's CoQ can issue.
A9: not ingested | B9: J31122501 | C9: P060262 | D9: 1625-2026 | E9: 46135 | F9: IJZ | G9: #11 | H9: Re-extract the document into the eCoA database (two independent reads, 300 DPI). Until then the lot cannot reach a CoQ on these parameters.
A10: not ingested | B10: J31122501 | C10: P060262 | D10: 100-3-K-26 | E10: 46121 | F10: FHM-K | G10: #3 | H10: Re-extract the document into the eCoA database (two independent reads, 300 DPI). Until then the lot cannot reach a CoQ on these parameters.
A11: not ingested | B11: MB0824_04 | C11: P050032 | D11: ППК25118 | E11: 45783 | F11: CNP | G11: #6 | H11: Re-extract the document into the eCoA database (two independent reads, 300 DPI). Until then the lot cannot reach a CoQ on these parameters.
A12: not ingested | B12: OPM052501 | C12: P050132 | D12: ППК25257 | E12: 45905 | F12: CNP | G12: #6 | H12: Re-extract the document into the eCoA database (two independent reads, 300 DPI). Until then the lot cannot reach a CoQ on these parameters.
A13: not ingested | B13: OPM112501 | C13: P060222 | D13: ППК26031 | E13: 46086 | F13: CNP | G13: #6 | H13: Re-extract the document into the eCoA database (two independent reads, 300 DPI). Until then the lot cannot reach a CoQ on these parameters.
A14: not ingested | B14: PM072501 | C14: P050272 | D14: ППК25368 | E14: 45989 | F14: CNP | G14: #6 | H14: Re-extract the document into the eCoA database (two independent reads, 300 DPI). Until then the lot cannot reach a CoQ on these parameters.
A15: strain name unruled | B15: Appels & Bananas | C15: — | D15: — | E15: — | F15: — | G15: strain, printed on every CoQ | H15: Two of the company's own documents disagree: Appels & Bananas (delivery sheet) against Apple and Banana (certificate register, P060052). Both are yours, so the desk holds what it was given and prints neither as correct. Rule it as Cap Junky was ruled on 07.09.2026, and strains.py will carry it.
A16: strain name unruled | B16: Clemosa a bud | C16: — | D16: — | E16: — | F16: — | G16: strain, printed on every CoQ | H16: Two of the company's own documents disagree: Clemosa (delivery sheet) against Clemosa a Bud (certificate register, P050282). Both are yours, so the desk holds what it was given and prints neither as correct. Rule it as Cap Junky was ruled on 07.09.2026, and strains.py will carry it.
A17: strain name unruled | B17: Jelly Donuts | C17: — | D17: — | E17: — | F17: — | G17: strain, printed on every CoQ | H17: Two of the company's own documents disagree: Jelly Donuts (delivery sheet) against Jelly Donutz (the desk's own record). Both are yours, so the desk holds what it was given and prints neither as correct. Rule it as Cap Junky was ruled on 07.09.2026, and strains.py will carry it.
A18: strain name unruled | B18: Permanent Marker | C18: — | D18: — | E18: — | F18: — | G18: strain, printed on every CoQ | H18: Two of the company's own documents disagree: Permanent Marker (delivery sheet) against Permanent Market (certificate register, P060062 and P050272). Both are yours, so the desk holds what it was given and prints neither as correct. Rule it as Cap Junky was ruled on 07.09.2026, and strains.py will carry it.
A19: strain name unruled | B19: Sleepy Joe | C19: — | D19: — | E19: — | F19: — | G19: strain, printed on every CoQ | H19: Two of the company's own documents disagree: Sleepy Joe (delivery sheet) against Sleepy Joy (certificate register, P060082). Both are yours, so the desk holds what it was given and prints neither as correct. Rule it as Cap Junky was ruled on 07.09.2026, and strains.py will carry it.
A20: strain name unruled | B20: Wedding Crasher | C20: — | D20: — | E20: — | F20: — | G20: strain, printed on every CoQ | H20: Two of the company's own documents disagree: Wedding Crusher (delivery sheet) against Wedding Crasher (certificate register, P060012 and P050262). Both are yours, so the desk holds what it was given and prints neither as correct. Rule it as Cap Junky was ruled on 07.09.2026, and strains.py will carry it.

Sheet Open Items
A1: Ref | B1: Area | C1: State | D1: Item | E1: What was found | F1: What the desk did | G1: What is needed | H1: Evidence
A2: OI-01 | B2: Specification | C2: marked | D2: A lot graded IV or V whose strain has no specification at that grade | E2: The QCSP 001 specification is issued per strain AND per grade. Cap Junky is on file at grades I, II and III; CJ082501/2 is grade IV. Grape Pie and Orange Punch Mimosa stop at IV and each has a grade V lot. Exactly one grade V specification exists in the whole issued set (Clemosa). | F2: The phenotype, chemotype, processing and packaging pills are left unticked and the band is marked, on 3 lots. | G2: May a lot cite the specification of its own strain at the nearest grade on file? The evidence says the attributes do not depend on grade: across 71 strains and 257 issued specifications, phenotype, dominance, chemotype, processing and packaging differ between grades of one strain in ZERO cases. | H2: spec_attributes_2026-09-10.csv; CJ082501/2, GP082501/2, OPM122501
A3: OI-02 | B3: Specification | C3: marked | D3: Two certificates name a specification by potency band instead of grade | E3: GP052501 names QCSP_001_GP-THC18_v.01 and GRC102501/2 names QCSP_001_GRC-THC12_v.01. Neither exists in the issued set under any name — but QCSP_001_GP-IV_v.01 does, and IV is the grade GP052501 carries. | F3: Both pills are marked. No substitution was made without a ruling. | G3: Is the potency-band name an older convention for the same document? If so the desk joins on the grade and both resolve immediately. | H3: export_coq_artifact_data.py specification join; 2 lots
A4: OI-03 | B4: Specification | C4: open | D4: Thirty-two lots have no grade, so no specification can be named at all | E4: The grade comes from product_specifications_QCSP001.json, built from the specification copies handed out with the tranches, which covers 48 of the 80 lots. For the other 32 the desk cannot compose a specification code, and the certificate names none. | F4: Nothing is printed and nothing is guessed. | G4: Where is the grade for the remaining 32 lots recorded? Once the desk has it, the specification code follows from the strain and the pills fill themselves. | H4: 48 of 80 lots indexed; 68 of 164 certificate records carry no grade
A5: OI-04 | B5: Result reading | C5: marked | D5: Four lots where which analyte the figure belongs to decides pass or fail | E5: The release certificates print the mycotoxin sub-parameters as one block and the desk maps the value to an analyte by its position in the block, not by a printed name. CLE072501, OPM092501, OPM1024_03 and OPM122501 report 2.1–2.2 µg/kg: as total aflatoxins (limit 4) they pass, as Aflatoxin B1 (limit 2) they fail. | F5: The figure is printed as the desk reads it and the lot is named here. None of the four may be signed until a person has read the page. | G5: Read the four certificates and confirm which analyte the figure belongs to. | H5: COQ_DRAFTING_2026-09-10.md; 4 lots
A6: OI-05 | B6: Result reading | C6: open | D6: Nineteen lots print a Total Δ⁹-THC outside the range printed beside it | E6: The acceptance test was one-sided — it asked only whether a value exceeded its limit — so an assay BELOW its band was never flagged anywhere. Corpus-wide, 19 lots carry a potency outside the range on their own certificate, every one recorded as covered. | F6: The comparison now happens in the gap report, never on the certificate, and the report declines any criterion it cannot read as two numbers. | G6: Each of the 19 needs a disposition: re-read, re-test, or a regrade. | H6: status_of / the two-sided criterion; 19 lots
A7: OI-06 | B7: Reconciliation | C7: open | D7: Forty-six disagreements between the desk and the owner's 09.09 pass | E7: Put side by side on the Reconciliation 09.09 sheet: 218 determinations agree, 46 do not. One is a loss on drying of 76.07 % read on GG1024 against a 12.0 % limit. | F7: None is resolved by the desk. Both readings are shown with their sources. | G7: A person reads the page for each of the 46 and says which reading stands. | H7: Reconciliation 09.09 sheet; 46 rows
A8: OI-07 | B8: Issuance | C8: open | D8: Fifty-seven certificates of quality are dated on a Saturday | E8: 06.06.2026, the blanket date for everything that would otherwise issue before the specification SOP, is a Saturday. The builder's own convention is that a controlled document issues on a working day. | F8: The owner's date outranks the desk's convention, so it is kept as given and the workbook carries a flag saying it was chosen deliberately. | G8: Confirm 06.06.2026, or name the working day it moves to (08.06.2026 is the Monday). | H8: issuance_schedule.COQ_BLANKET; 57 certificates
A9: OI-08 | B9: Reference | C9: open | D9: Five result cells cite an SOP form number instead of a certificate | E9: NGP-QCG-SOP-024 F3, (28.11.2025) [NGP] carries Identification C, Total Δ⁹-THC, Total CBD, Total CBN and loss on drying for BSS052501 and GP062501 — including the banner assays 20.39 % and 24.89 %. A form number is not a document code and cannot be cited on a certificate of quality. | F9: The reference is printed as it stands and the lots are named here. | G9: Does the NGP laboratory issue a numbered report for this work? If not, these results need a different basis. | H9: 2 lots, 10 result cells
A10: OI-09 | B10: Reference | C10: open | D10: One laboratory report is on file twice, once per language | E10: 10802_2845-2 EN and 10802_2845-2 MK are the same DFL report for BSS052501, cited as two documents, which is why that lot's certificate count reads one higher than the sheet's. | F10: Both are cited as the desk found them. | G10: Confirm the two files are one report, and which language version is the controlled copy. | H10: BSS052501; Batch Coverage Certificates (n)
A11: OI-10 | B11: Batch identity | C11: open | D11: Three delivered lots have no cultivation batch recorded anywhere | E11: P160012, P160022 and P160032 carry full CNP results (ППК26117/18/19, 06.07.2026) and a P number in a series of their own, but no cultivation batch, and no row at all in the Head of QC's Batch Dates list — so no manufacturing date and no internal CoA basis. | F11: Each row now names its P number inside the label so the three are distinguishable and no join collapses them; the cultivation batch is left unrecorded rather than invented. | G11: What are the cultivation batches, manufacturing and packaging dates for the P1600xx series? | H11: 3 lots; also absent from Batch Dates: JD112501＊
A12: OI-11 | B12: Batch identity | C12: open | D12: One lot carries two P batches in a single cell | E12: GRC102501 is recorded against P060142 / P060182 in one cell, so its coverage row aggregates what are arguably two lots and its certificate count cannot reconcile. | F12: Left as the owner's tracker records it. | G12: Are these one lot packed into two P batches, or two lots sharing a cultivation batch? If two, they need two rows. | H12: GRC102501
... A32: OI-20 | B32: Desk status | C32: open | D32: Nine result cells hold a desk status instead of a value | E32: not ingested (the document exists but has not been extracted into the eCoA database) on 5 cells, held for review (the two independent reads disagreed) on 3, and one Identification C awaiting a decision. | F32: Each is carried on the Work Order sheet with what it needs; none reaches a certificate. | G32: Nothing — these are desk work, listed so the count is visible. | H32: Work Order sheet

Sheet iCoA Issuance
A1: Seq | B1: Series | C1: iCoA | D1: CoQ | E1: Plan references (31.08.2026) | F1: Group | G1: Basis date | H1: Test date (packaging) | I1: iCoA issue (planned) | J1: CoQ issue (planned) | K1: CU Batch | L1: P Batch | M1: Strain | N1: Harvest | O1: Packaging | P1: Packaging complete | Q1: iCoA scope | R1: #1 Ident. A | S1: #2 Ident. B | T1: #7 Foreign matter | U1: Ident C — covered by (eCoA) | V1: Retest assay #4–#6 (eCoA) | W1: Retest mycotoxins #10 (eCoA) | X1: Carried forward | Y1: Status
A2: 1 | B2: initial release | C2: =IFERROR(INDEX('iCoA Register'!$B:$B,MATCH("CJ1024|I",'iCoA Register'!$P:$P,0)),"— at issue —") | D2: =IFERROR(INDEX('CoQ Register'!$B:$B,MATCH("CJ1024|I",'CoQ Register'!$S:$S,0)),"—") | E2: (assigned on issue) | F2: legacy | G2: 27.02.2025 | H2: 03.03.2025 | I2: =IFERROR(INDEX('iCoA Register'!$D:$D,MATCH("CJ1024|I",'iCoA Register'!$P:$P,0)),"") | J2: =IFERROR(INDEX('CoQ Register'!$D:$D,MATCH("CJ1024|I",'CoQ Register'!$S:$S,0)),"") | K2: CJ1024 | L2: N/A — no P batch assigned | M2: Cap Junky | N2: 20.01.2025 | O2: 03.03.2025 (the issuance plan's basis: 27.02.2025) | P2: 03.03.2025 | Q2: Ident A + Ident B + Foreign matter | R2: Conforms | S2: Conforms | T2: Conforms | U2: ППК25052, (26.02.2025) [CNP] | Y2: registered — issued with the legacy series on 15.05.2026
A3: 2 | B3: initial release | C3: =IFERROR(INDEX('iCoA Register'!$B:$B,MATCH("BSS1024|I",'iCoA Register'!$P:$P,0)),"— at issue —") | D3: =IFERROR(INDEX('CoQ Register'!$B:$B,MATCH("BSS1024|I",'CoQ Register'!$S:$S,0)),"—") | E3: iCoA-PP-2025-0001 / CoQ-PP-2025-0001 | F3: legacy | G3: 04.03.2025 | H3: 04.03.2025 | I3: =IFERROR(INDEX('iCoA Register'!$D:$D,MATCH("BSS1024|I",'iCoA Register'!$P:$P,0)),"") | J3: =IFERROR(INDEX('CoQ Register'!$D:$D,MATCH("BSS1024|I",'CoQ Register'!$S:$S,0)),"") | K3: BSS1024 | L3: N/A — no P batch assigned | M3: Blue Sunset Sherbet | N3: 22.01.2025 | O3: 04.03.2025 | P3: 04.03.2025 | Q3: Ident A + Ident B + Foreign matter | R3: Conforms | S3: Conforms | T3: Conforms | U3: ППК25051, (26.02.2025) [CNP] | Y3: registered — issued with the legacy series on 15.05.2026
A4: 3 | B4: initial release | C4: =IFERROR(INDEX('iCoA Register'!$B:$B,MATCH("BG1024|I",'iCoA Register'!$P:$P,0)),"— at issue —") | D4: =IFERROR(INDEX('CoQ Register'!$B:$B,MATCH("BG1024|I",'CoQ Register'!$S:$S,0)),"—") | E4: iCoA-PP-2025-0002 / CoQ-PP-2025-0002 | F4: legacy | G4: 07.03.2025 | H4: 07.03.2025 | I4: =IFERROR(INDEX('iCoA Register'!$D:$D,MATCH("BG1024|I",'iCoA Register'!$P:$P,0)),"") | J4: =IFERROR(INDEX('CoQ Register'!$D:$D,MATCH("BG1024|I",'CoQ Register'!$S:$S,0)),"") | K4: BG1024 | L4: N/A — no P batch assigned | M4: Blue Gelato | N4: 21.01.2025 | O4: 07.03.2025 | P4: 07.03.2025 | Q4: Ident A + Ident B + Foreign matter | R4: Conforms | S4: Conforms | T4: Conforms | U4: ППК25050, (26.02.2025) [CNP] | Y4: registered — issued with the legacy series on 15.05.2026
A5: 4 | B5: initial release | C5: =IFERROR(INDEX('iCoA Register'!$B:$B,MATCH("GG1024|I",'iCoA Register'!$P:$P,0)),"— at issue —") | D5: =IFERROR(INDEX('CoQ Register'!$B:$B,MATCH("GG1024|I",'CoQ Register'!$S:$S,0)),"—") | E5: iCoA-PP-2025-0003 / CoQ-PP-2025-0003 | F5: legacy | G5: 11.03.2025 | H5: 11.03.2025 | I5: 03.06.2026 | J5: =IFERROR(INDEX('CoQ Register'!$D:$D,MATCH("GG1024|I",'CoQ Register'!$S:$S,0)),"") | K5: GG1024 | L5: N/A — no P batch assigned | M5: Gorilla Glue | N5: 20.01.2025 | O5: 11.03.2025 | P5: 11.03.2025 | Q5: Ident A + Ident B + Foreign matter | R5: Conforms | S5: Conforms | T5: Conforms | U5: — no cannabinoid certificate from the initial testing — | Y5: not yet issuable — not in icoa_register.py — the register numbers the series and does not carry this round
A6: 5 | B6: initial release | C6: =IFERROR(INDEX('iCoA Register'!$B:$B,MATCH("HPA1024|I",'iCoA Register'!$P:$P,0)),"— at issue —") | D6: =IFERROR(INDEX('CoQ Register'!$B:$B,MATCH("HPA1024|I",'CoQ Register'!$S:$S,0)),"—") | E6: iCoA-PP-2025-0004 / CoQ-PP-2025-0004 | F6: legacy | G6: 11.04.2025 | H6: 11.04.2025 | I6: =IFERROR(INDEX('iCoA Register'!$D:$D,MATCH("HPA1024|I",'iCoA Register'!$P:$P,0)),"") | J6: =IFERROR(INDEX('CoQ Register'!$D:$D,MATCH("HPA1024|I",'CoQ Register'!$S:$S,0)),"") | K6: HPA1024 | L6: N/A — no P batch assigned | M6: HighProAmnesia | N6: 22.01.2025 | O6: 11.04.2025 | P6: 11.04.2025 | Q6: Ident A + Ident B + Foreign matter | R6: Conforms | S6: Conforms | T6: Conforms | U6: — no cannabinoid certificate from the initial testing — | Y6: registered — issued with the legacy series on 15.05.2026
A7: 6 | B7: initial release | C7: =IFERROR(INDEX('iCoA Register'!$B:$B,MATCH("OPM1024|I",'iCoA Register'!$P:$P,0)),"— at issue —") | D7: =IFERROR(INDEX('CoQ Register'!$B:$B,MATCH("OPM1024|I",'CoQ Register'!$S:$S,0)),"—") | E7: iCoA-PP-2025-0005 / CoQ-PP-2025-0005 | F7: legacy | G7: 24.04.2025 | H7: 24.04.2025 | I7: =IFERROR(INDEX('iCoA Register'!$D:$D,MATCH("OPM1024|I",'iCoA Register'!$P:$P,0)),"") | J7: =IFERROR(INDEX('CoQ Register'!$D:$D,MATCH("OPM1024|I",'CoQ Register'!$S:$S,0)),"") | K7: OPM1024 | L7: N/A — no P batch assigned | M7: OrangePunchMimosa | N7: 21.01.2025 | O7: 24.04.2025 – 25.04.2025 | P7: 25.04.2025 | Q7: Ident A + Ident B + Foreign matter | R7: Conforms | S7: Conforms | T7: Conforms | U7: — no cannabinoid certificate from the initial testing — | Y7: registered — issued with the legacy series on 15.05.2026
A8: 7 | B8: initial release | C8: =IFERROR(INDEX('iCoA Register'!$B:$B,MATCH("P050022|I",'iCoA Register'!$P:$P,0)),"— at issue —") | D8: =IFERROR(INDEX('CoQ Register'!$B:$B,MATCH("P050022|I",'CoQ Register'!$S:$S,0)),"—") | E8: iCoA-PP-2025-0006 / CoQ-PP-2025-0006 | F8: legacy | G8: 03.06.2025 | H8: 03.06.2025 | I8: =IFERROR(INDEX('iCoA Register'!$D:$D,MATCH("P050022|I",'iCoA Register'!$P:$P,0)),"") | J8: =IFERROR(INDEX('CoQ Register'!$D:$D,MATCH("P050022|I",'CoQ Register'!$S:$S,0)),"") | K8: GP0824_02 | L8: P050022 | M8: Grape Pie | N8: 22.04.2025 – 23.04.2025 | O8: 03.06.2025 – 11.06.2025 | P8: 11.06.2025 | Q8: Ident A + Ident B + Foreign matter | R8: Conforms | S8: Conforms | T8: Conforms | U8: ППК25139, (22.05.2025) [CNP] | Y8: registered — issued with the legacy series on 15.05.2026
A9: 8 | B9: initial release | C9: =IFERROR(INDEX('iCoA Register'!$B:$B,MATCH("P050012|I",'iCoA Register'!$P:$P,0)),"— at issue —") | D9: =IFERROR(INDEX('CoQ Register'!$B:$B,MATCH("P050012|I",'CoQ Register'!$S:$S,0)),"—") | E9: (assigned on issue) | F9: legacy | G9: 30.05.2025 | H9: 11.06.2025 | I9: =IFERROR(INDEX('iCoA Register'!$D:$D,MATCH("P050012|I",'iCoA Register'!$P:$P,0)),"") | J9: =IFERROR(INDEX('CoQ Register'!$D:$D,MATCH("P050012|I",'CoQ Register'!$S:$S,0)),"") | K9: GG1024_02 | L9: P050012 | M9: Gorilla Glue | N9: 14.04.2025 – 15.04.2025 | O9: 11.06.2025 – 16.06.2025 (the issuance plan's basis: 30.05.2025) | P9: 16.06.2025 | Q9: Ident A + Ident B + Foreign matter | R9: Conforms | S9: Conforms | T9: Conforms | U9: ППК25140, (22.05.2025) [CNP] | Y9: registered — issued with the legacy series on 15.05.2026
A10: 9 | B10: initial release | C10: =IFERROR(INDEX('iCoA Register'!$B:$B,MATCH("P050032|I",'iCoA Register'!$P:$P,0)),"— at issue —") | D10: =IFERROR(INDEX('CoQ Register'!$B:$B,MATCH("P050032|I",'CoQ Register'!$S:$S,0)),"—") | E10: (assigned on issue) | F10: legacy | G10: 07.05.2025 | H10: 16.06.2025 | I10: =IFERROR(INDEX('iCoA Register'!$D:$D,MATCH("P050032|I",'iCoA Register'!$P:$P,0)),"") | J10: =IFERROR(INDEX('CoQ Register'!$D:$D,MATCH("P050032|I",'CoQ Register'!$S:$S,0)),"") | K10: MB0824_04 | L10: P050032 | M10: Motor Breath | N10: 02.04.2025 – 03.04.2025 | O10: 16.06.2025 – 19.06.2025 (the issuance plan's basis: 07.05.2025) | P10: 19.06.2025 | Q10: Ident A + Ident B + Foreign matter | R10: Conforms | S10: Conforms | T10: Conforms | U10: ППК25118, (06.05.2025) [CNP] | Y10: registered — issued with the legacy series on 15.05.2026
A11: 10 | B11: initial release | C11: =IFERROR(INDEX('iCoA Register'!$B:$B,MATCH("P050042|I",'iCoA Register'!$P:$P,0)),"— at issue —") | D11: =IFERROR(INDEX('CoQ Register'!$B:$B,MATCH("P050042|I",'CoQ Register'!$S:$S,0)),"—") | E11: iCoA-PP-2025-0007 / CoQ-PP-2025-0007 | F11: legacy | G11: 20.06.2025 | H11: 20.06.2025 | I11: 03.06.2026 | J11: =IFERROR(INDEX('CoQ Register'!$D:$D,MATCH("P050042|I",'CoQ Register'!$S:$S,0)),"") | K11: OMP1024_01 | L11: P050042 | M11: Orange Punch Mimosa | N11: 26.03.2025 – 27.03.2025 | O11: 20.06.2025 | P11: 20.06.2025 | Q11: Ident A + Ident B + Foreign matter | R11: Conforms | S11: Conforms | T11: Conforms | U11: ППК25117, (06.05.2025) [CNP] | Y11: not yet issuable — no packaging date on the list — the register withholds a number
A12: 11 | B12: initial release | C12: =IFERROR(INDEX('iCoA Register'!$B:$B,MATCH("P050052|I",'iCoA Register'!$P:$P,0)),"— at issue —") | D12: =IFERROR(INDEX('CoQ Register'!$B:$B,MATCH("P050052|I",'CoQ Register'!$S:$S,0)),"—") | E12: iCoA-PP-2025-0008 / CoQ-PP-2025-0008 | F12: legacy | G12: 27.06.2025 | H12: 27.06.2025 | I12: =IFERROR(INDEX('iCoA Register'!$D:$D,MATCH("P050052|I",'iCoA Register'!$P:$P,0)),"") | J12: =IFERROR(INDEX('CoQ Register'!$D:$D,MATCH("P050052|I",'CoQ Register'!$S:$S,0)),"") | K12: HPA1024_01 | L12: P050052 | M12: High Pro Amnesia | N12: 27.05.2025 – 28.05.2025 | O12: 27.06.2025 – 04.07.2025 | P12: 04.07.2025 | Q12: Ident A + Ident B + Foreign matter | R12: Conforms | S12: Conforms | T12: Conforms | U12: ППК25155, (24.06.2025) [CNP] | Y12: registered — issued with the legacy series on 15.05.2026
A13: 12 | B13: initial release | C13: =IFERROR(INDEX('iCoA Register'!$B:$B,MATCH("P050062|I",'iCoA Register'!$P:$P,0)),"— at issue —") | D13: =IFERROR(INDEX('CoQ Register'!$B:$B,MATCH("P050062|I",'CoQ Register'!$S:$S,0)),"—") | E13: iCoA-PP-2025-0009 / CoQ-PP-2025-0009 | F13: legacy | G13: 04.07.2025 | H13: 04.07.2025 | I13: =IFERROR(INDEX('iCoA Register'!$D:$D,MATCH("P050062|I",'iCoA Register'!$P:$P,0)),"") | J13: =IFERROR(INDEX('CoQ Register'!$D:$D,MATCH("P050062|I",'CoQ Register'!$S:$S,0)),"") | K13: OPM1024_02 | L13: P050062 | M13: Orange Punch Mimosa | N13: 29.05.2025 – 30.05.2025 | O13: 04.07.2025 – 10.07.2025 | P13: 10.07.2025 | Q13: Ident A + Ident B + Foreign matter | R13: Conforms | S13: Conforms | T13: Conforms | U13: ППК25154, (24.06.2025) [CNP] | Y13: registered — issued with the legacy series on 15.05.2026
A14: 13 | B14: initial release | C14: =IFERROR(INDEX('iCoA Register'!$B:$B,MATCH("P050072|I",'iCoA Register'!$P:$P,0)),"— at issue —") | D14: =IFERROR(INDEX('CoQ Register'!$B:$B,MATCH("P050072|I",'CoQ Register'!$S:$S,0)),"—") | E14: iCoA-PP-2025-0010 / CoQ-PP-2025-0010 | F14: legacy | G14: 14.07.2025 | H14: 14.07.2025 | I14: =IFERROR(INDEX('iCoA Register'!$D:$D,MATCH("P050072|I",'iCoA Register'!$P:$P,0)),"") | J14: =IFERROR(INDEX('CoQ Register'!$D:$D,MATCH("P050072|I",'CoQ Register'!$S:$S,0)),"") | K14: GP0824_03 | L14: P050072 | M14: Grape Pie | N14: 09.06.2025 – 10.06.2025 | O14: 14.07.2025 – 17.07.2025 | P14: 17.07.2025 | Q14: Ident A + Ident B + Foreign matter | R14: Conforms | S14: Conforms | T14: Conforms | U14: ППК25175, (10.07.2025) [CNP] | Y14: registered — issued with the legacy series on 15.05.2026
A15: 14 | B15: initial release | C15: =IFERROR(INDEX('iCoA Register'!$B:$B,MATCH("P050082|I",'iCoA Register'!$P:$P,0)),"— at issue —") | D15: =IFERROR(INDEX('CoQ Register'!$B:$B,MATCH("P050082|I",'CoQ Register'!$S:$S,0)),"—") | E15: iCoA-PP-2025-0011 / CoQ-PP-2025-0011 | F15: legacy | G15: 22.07.2025 | H15: 22.07.2025 | I15: =IFERROR(INDEX('iCoA Register'!$D:$D,MATCH("P050082|I",'iCoA Register'!$P:$P,0)),"") | J15: =IFERROR(INDEX('CoQ Register'!$D:$D,MATCH("P050082|I",'CoQ Register'!$S:$S,0)),"") | K15: OPM1024_03 | L15: P050082 | M15: Orange Punch Mimosa | N15: 01.07.2025 – 02.07.2025 | O15: 22.07.2025 – 30.07.2025 | P15: 30.07.2025 | Q15: Ident A + Ident B + Foreign matter | R15: Conforms | S15: Conforms | T15: Conforms | U15: ППК25210, (28.07.2025) [CNP] | Y15: registered — issued with the legacy series on 15.05.2026
A16: 15 | B16: initial release | C16: =IFERROR(INDEX('iCoA Register'!$B:$B,MATCH("P050092|I",'iCoA Register'!$P:$P,0)),"— at issue —") | D16: =IFERROR(INDEX('CoQ Register'!$B:$B,MATCH("P050092|I",'CoQ Register'!$S:$S,0)),"—") | E16: iCoA-PP-2025-0012 / CoQ-PP-2025-0012 | F16: legacy | G16: 31.07.2025 | H16: 31.07.2025 | I16: =IFERROR(INDEX('iCoA Register'!$D:$D,MATCH("P050092|I",'iCoA Register'!$P:$P,0)),"") | J16: =IFERROR(INDEX('CoQ Register'!$D:$D,MATCH("P050092|I",'CoQ Register'!$S:$S,0)),"") | K16: GG1024_01 | L16: P050092 | M16: Gorilla Glue | N16: 17.03.2025 – 18.03.2025 | O16: 31.07.2025 – 05.08.2025 | P16: 05.08.2025 | Q16: Ident A + Ident B + Foreign matter | R16: Conforms | S16: Conforms | T16: Conforms | U16: ППК25104, (17.04.2025) [CNP] | Y16: registered — issued with the legacy series on 15.05.2026
A17: 16 | B17: initial release | C17: =IFERROR(INDEX('iCoA Register'!$B:$B,MATCH("P050102|I",'iCoA Register'!$P:$P,0)),"— at issue —") | D17: =IFERROR(INDEX('CoQ Register'!$B:$B,MATCH("P050102|I",'CoQ Register'!$S:$S,0)),"—") | E17: (assigned on issue) | F17: legacy | G17: 17.04.2025 | H17: 05.08.2025 | I17: =IFERROR(INDEX('iCoA Register'!$D:$D,MATCH("P050102|I",'iCoA Register'!$P:$P,0)),"") | J17: =IFERROR(INDEX('CoQ Register'!$D:$D,MATCH("P050102|I",'CoQ Register'!$S:$S,0)),"") | K17: GP0824_01 | L17: P050102 | M17: Grape Pie | N17: 20.03.2025 – 21.03.2025 | O17: 05.08.2025 – 07.08.2025 (the issuance plan's basis: 17.04.2025) | P17: 07.08.2025 | Q17: Ident A + Ident B + Foreign matter | R17: Conforms | S17: Conforms | T17: Conforms | U17: ППК25105, (17.04.2025) [CNP] | Y17: registered — issued with the legacy series on 15.05.2026
A18: 17 | B18: initial release | C18: =IFERROR(INDEX('iCoA Register'!$B:$B,MATCH("P050112|I",'iCoA Register'!$P:$P,0)),"— at issue —") | D18: =IFERROR(INDEX('CoQ Register'!$B:$B,MATCH("P050112|I",'CoQ Register'!$S:$S,0)),"—") | E18: iCoA-PP-2025-0013 / CoQ-PP-2025-0013 | F18: legacy | G18: 25.08.2025 | H18: 25.08.2025 | I18: =IFERROR(INDEX('iCoA Register'!$D:$D,MATCH("P050112|I",'iCoA Register'!$P:$P,0)),"") | J18: =IFERROR(INDEX('CoQ Register'!$D:$D,MATCH("P050112|I",'CoQ Register'!$S:$S,0)),"") | K18: MB0824_05 | L18: P050112 | M18: Motor Breath | N18: 08.07.2025 – 09.07.2025 | O18: 25.08.2025 – 31.08.2025 | P18: 31.08.2025 | Q18: Ident A + Ident B + Foreign matter | R18: Conforms | S18: Conforms | T18: Conforms | U18: ППК25211, (28.07.2025) [CNP] | Y18: registered — issued with the legacy series on 15.05.2026
A19: 18 | B19: initial release | C19: =IFERROR(INDEX('iCoA Register'!$B:$B,MATCH("P050122|I",'iCoA Register'!$P:$P,0)),"— at issue —") | D19: =IFERROR(INDEX('CoQ Register'!$B:$B,MATCH("P050122|I",'CoQ Register'!$S:$S,0)),"—") | E19: — | F19: legacy | G19: 01.09.2025 | H19: 01.09.2025 | I19: 03.06.2026 | J19: =IFERROR(INDEX('CoQ Register'!$D:$D,MATCH("P050122|I",'CoQ Register'!$S:$S,0)),"") | K19: BSS1024_01/1 | L19: P050122 | M19: Blue Sunset Sherbet | N19: 04.06.2025 – 05.06.2025 | O19: 01.09.2025 – 09.09.2025 | P19: 09.09.2025 | Q19: Ident A + Ident B + Foreign matter | R19: Conforms | S19: Conforms | T19: Conforms | U19: ППК25176, (10.07.2025) [CNP] | Y19: not yet issuable — no packaging date on the list — the register withholds a number
A20: 19 | B20: initial release | C20: =IFERROR(INDEX('iCoA Register'!$B:$B,MATCH("P050132|I",'iCoA Register'!$P:$P,0)),"— at issue —") | D20: =IFERROR(INDEX('CoQ Register'!$B:$B,MATCH("P050132|I",'CoQ Register'!$S:$S,0)),"—") | E20: (assigned on issue) | F20: legacy | G20: 05.09.2025 | H20: 09.09.2025 | I20: =IFERROR(INDEX('iCoA Register'!$D:$D,MATCH("P050132|I",'iCoA Register'!$P:$P,0)),"") | J20: =IFERROR(INDEX('CoQ Register'!$D:$D,MATCH("P050132|I",'CoQ Register'!$S:$S,0)),"") | K20: OPM052501 | L20: P050132 | M20: Orange Punch Mimosa | N20: 11.08.2025 – 13.08.2025 | O20: 09.09.2025 – 15.09.2025 (the issuance plan's basis: 05.09.2025) | P20: 15.09.2025 | Q20: Ident A + Ident B + Foreign matter | R20: Conforms | S20: Conforms | T20: Conforms | U20: ППК25257, (05.09.2025) [CNP] | Y20: registered — issued with the legacy series on 15.05.2026
A21: 20 | B21: initial release | C21: =IFERROR(INDEX('iCoA Register'!$B:$B,MATCH("P050152|I",'iCoA Register'!$P:$P,0)),"— at issue —") | D21: =IFERROR(INDEX('CoQ Register'!$B:$B,MATCH("P050152|I",'CoQ Register'!$S:$S,0)),"—") | E21: iCoA-PP-2025-0014 / CoQ-PP-2025-0014 | F21: legacy | G21: 25.09.2025 | H21: 25.09.2025 | I21: =IFERROR(INDEX('iCoA Register'!$D:$D,MATCH("P050152|I",'iCoA Register'!$P:$P,0)),"") | J21: =IFERROR(INDEX('CoQ Register'!$D:$D,MATCH("P050152|I",'CoQ Register'!$S:$S,0)),"") | K21: GP052501 | L21: P050152 | M21: Grape Pie | N21: — not given — | O21: 25.09.2025 | P21: 25.09.2025 | Q21: Ident A + Ident B + Foreign matter | R21: Conforms | S21: Conforms | T21: Conforms | U21: ППК25279, (19.09.2025) [CNP] | Y21: registered — issued with the legacy series on 15.05.2026
A22: 21 | B22: initial release | C22: =IFERROR(INDEX('iCoA Register'!$B:$B,MATCH("P050142|I",'iCoA Register'!$P:$P,0)),"— at issue —") | D22: =IFERROR(INDEX('CoQ Register'!$B:$B,MATCH("P050142|I",'CoQ Register'!$S:$S,0)),"—") | E22: — | F22: legacy | G22: 30.09.2025 | H22: 30.09.2025 | I22: 03.06.2026 | J22: =IFERROR(INDEX('CoQ Register'!$D:$D,MATCH("P050142|I",'CoQ Register'!$S:$S,0)),"") | K22: BSS1024_01/2 | L22: P050142 | M22: Blue Sunset Sherbet | N22: — not given — | O22: 30.09.2025 | P22: 30.09.2025 | Q22: Ident A + Ident B + Foreign matter | R22: Conforms | S22: Conforms | T22: Conforms | U22: — no cannabinoid certificate from the initial testing — | Y22: not yet issuable — not in icoa_register.py — the register numbers the series and does not carry this round
A23: 22 | B23: initial release | C23: =IFERROR(INDEX('iCoA Register'!$B:$B,MATCH("P050162|I",'iCoA Register'!$P:$P,0)),"— at issue —") | D23: =IFERROR(INDEX('CoQ Register'!$B:$B,MATCH("P050162|I",'CoQ Register'!$S:$S,0)),"—") | E23: iCoA-PP-2025-0015 / CoQ-PP-2025-0015 | F23: legacy | G23: 30.09.2025 | H23: 30.09.2025 | I23: =IFERROR(INDEX('iCoA Register'!$D:$D,MATCH("P050162|I",'iCoA Register'!$P:$P,0)),"") | J23: =IFERROR(INDEX('CoQ Register'!$D:$D,MATCH("P050162|I",'CoQ Register'!$S:$S,0)),"") | K23: CJ052501/01 | L23: P050162 | M23: Cup Junky | N23: 20.08.2025 | O23: 30.09.2025 – 01.10.2025 | P23: 01.10.2025 | Q23: Ident A + Ident B + Foreign matter | R23: Conforms | S23: Conforms | T23: Conforms | U23: ППК25280, (17.09.2025) [CNP] | Y23: registered — issued with the legacy series on 15.05.2026
A24: 23 | B24: initial release | C24: =IFERROR(INDEX('iCoA Register'!$B:$B,MATCH("P050172|I",'iCoA Register'!$P:$P,0)),"— at issue —") | D24: =IFERROR(INDEX('CoQ Register'!$B:$B,MATCH("P050172|I",'CoQ Register'!$S:$S,0)),"—") | E24: (assigned on issue) | F24: legacy | G24: 17.09.2025 | H24: 01.10.2025 | I24: =IFERROR(INDEX('iCoA Register'!$D:$D,MATCH("P050172|I",'iCoA Register'!$P:$P,0)),"") | J24: =IFERROR(INDEX('CoQ Register'!$D:$D,MATCH("P050172|I",'CoQ Register'!$S:$S,0)),"") | K24: CJ052501/02 | L24: P050172 | M24: Cap Junky | N24: 20.08.2025 | O24: 01.10.2025 – 02.10.2025 (the issuance plan's basis: 17.09.2025) | P24: 02.10.2025 | Q24: Ident A + Ident B + Foreign matter | R24: Conforms | S24: Conforms | T24: Conforms | U24: ППК25281, (17.09.2025) [CNP] | Y24: registered — issued with the legacy series on 15.05.2026
A25: 24 | B25: initial release | C25: =IFERROR(INDEX('iCoA Register'!$B:$B,MATCH("P050182|I",'iCoA Register'!$P:$P,0)),"— at issue —") | D25: =IFERROR(INDEX('CoQ Register'!$B:$B,MATCH("P050182|I",'CoQ Register'!$S:$S,0)),"—") | E25: iCoA-PP-2025-0016 / CoQ-PP-2025-0016 | F25: legacy | G25: 03.10.2025 | H25: 03.10.2025 | I25: =IFERROR(INDEX('iCoA Register'!$D:$D,MATCH("P050182|I",'iCoA Register'!$P:$P,0)),"") | J25: =IFERROR(INDEX('CoQ Register'!$D:$D,MATCH("P050182|I",'CoQ Register'!$S:$S,0)),"") | K25: HPA052501 | L25: P050182 | M25: High Pro Amnesia | N25: 21.08.2025 – 23.08.2025 | O25: 03.10.2025 – 09.10.2025 | P25: 09.10.2025 | Q25: Ident A + Ident B + Foreign matter | R25: Conforms | S25: Conforms | T25: Conforms | U25: ППК25278, (19.09.2025) [CNP] | Y25: registered — issued with the legacy series on 15.05.2026
A26: 25 | B26: initial release | C26: =IFERROR(INDEX('iCoA Register'!$B:$B,MATCH("P050192|I",'iCoA Register'!$P:$P,0)),"— at issue —") | D26: =IFERROR(INDEX('CoQ Register'!$B:$B,MATCH("P050192|I",'CoQ Register'!$S:$S,0)),"—") | E26: iCoA-PP-2025-0017 / CoQ-PP-2025-0017 | F26: legacy | G26: 10.10.2025 | H26: 10.10.2025 | I26: =IFERROR(INDEX('iCoA Register'!$D:$D,MATCH("P050192|I",'iCoA Register'!$P:$P,0)),"") | J26: =IFERROR(INDEX('CoQ Register'!$D:$D,MATCH("P050192|I",'CoQ Register'!$S:$S,0)),"") | K26: BSS052501 | L26: P050192 | M26: Sleepy Joe | N26: 01.09.2025 – 03.09.2025 | O26: 10.10.2025 – 21.10.2025 | P26: 21.10.2025 | Q26: Ident A + Ident B + Foreign matter | R26: Conforms | S26: Conforms | T26: Conforms | U26: NGP-QCG-SOP-024 F3, (28.11.2025) [NGP] | Y26: registered — issued with the legacy series on 15.05.2026
A27: 26 | B27: initial release | C27: =IFERROR(INDEX('iCoA Register'!$B:$B,MATCH("P050202|I",'iCoA Register'!$P:$P,0)),"— at issue —") | D27: =IFERROR(INDEX('CoQ Register'!$B:$B,MATCH("P050202|I",'CoQ Register'!$S:$S,0)),"—") | E27: (assigned on issue) | F27: legacy | G27: 11.05.2026 | H27: 30.10.2025 | I27: =IFERROR(INDEX('iCoA Register'!$D:$D,MATCH("P050202|I",'iCoA Register'!$P:$P,0)),"") | J27: =IFERROR(INDEX('CoQ Register'!$D:$D,MATCH("P050202|I",'CoQ Register'!$S:$S,0)),"") | K27: GP062501 | L27: P050202 | M27: Grape Pie | N27: 15.09.2025 – 17.09.2025 | O27: 30.10.2025 – 07.11.2025 (the issuance plan's basis: 11.05.2026) | P27: 07.11.2025 | Q27: Ident A + Ident B + Foreign matter | R27: Conforms | S27: Conforms | T27: Conforms | U27: NGP-QCG-SOP-024 F3, (28.11.2025) [NGP] | Y27: registered — issued with the legacy series on 15.05.2026
A28: 27 | B28: initial release | C28: =IFERROR(INDEX('iCoA Register'!$B:$B,MATCH("P050212|I",'iCoA Register'!$P:$P,0)),"— at issue —") | D28: =IFERROR(INDEX('CoQ Register'!$B:$B,MATCH("P050212|I",'CoQ Register'!$S:$S,0)),"—") | E28: (assigned on issue) | F28: legacy | G28: 24.01.2026 | H28: 18.11.2025 | I28: =IFERROR(INDEX('iCoA Register'!$D:$D,MATCH("P050212|I",'iCoA Register'!$P:$P,0)),"") | J28: =IFERROR(INDEX('CoQ Register'!$D:$D,MATCH("P050212|I",'CoQ Register'!$S:$S,0)),"") | K28: CJ062501/2 | L28: P050212 | M28: Cap Junkie | N28: 23.09.2025 – 24.09.2025 | O28: 18.11.2025 – 24.11.2025 (the issuance plan's basis: 24.01.2026) | P28: 24.11.2025 | Q28: Ident A + Ident B + Foreign matter | R28: Conforms | S28: Conforms | T28: Conforms | U28: ППК25322, (23.10.2025) [CNP] | Y28: registered — issued with the legacy series on 15.05.2026
A29: 28 | B29: initial release | C29: =IFERROR(INDEX('iCoA Register'!$B:$B,MATCH("P050222|I",'iCoA Register'!$P:$P,0)),"— at issue —") | D29: =IFERROR(INDEX('CoQ Register'!$B:$B,MATCH("P050222|I",'CoQ Register'!$S:$S,0)),"—") | E29: iCoA-PP-2025-0018 / CoQ-PP-2025-0018 | F29: legacy | G29: 24.11.2025 | H29: 24.11.2025 | I29: =IFERROR(INDEX('iCoA Register'!$D:$D,MATCH("P050222|I",'iCoA Register'!$P:$P,0)),"") | J29: =IFERROR(INDEX('CoQ Register'!$D:$D,MATCH("P050222|I",'CoQ Register'!$S:$S,0)),"") | K29: CJ062501/1 | L29: P050222 | M29: Cap Junkie | N29: 23.09.2025 | O29: 24.11.2025 – 25.11.2025 | P29: 25.11.2025 | Q29: Ident A + Ident B + Foreign matter | R29: Conforms | S29: Conforms | T29: Conforms | U29: ППК25321, (23.10.2025) [CNP] | Y29: registered — issued with the legacy series on 15.05.2026
A30: 29 | B30: initial release | C30: =IFERROR(INDEX('iCoA Register'!$B:$B,MATCH("P050252|I",'iCoA Register'!$P:$P,0)),"— at issue —") | D30: =IFERROR(INDEX('CoQ Register'!$B:$B,MATCH("P050252|I",'CoQ Register'!$S:$S,0)),"—") | E30: (assigned on issue) | F30: legacy | G30: 02.12.2025 | H30: 27.11.2025 | I30: =IFERROR(INDEX('iCoA Register'!$D:$D,MATCH("P050252|I",'iCoA Register'!$P:$P,0)),"") | J30: =IFERROR(INDEX('CoQ Register'!$D:$D,MATCH("P050252|I",'CoQ Register'!$S:$S,0)),"") | K30: CJ072501 | L30: P050252 | M30: Cap Junky | N30: 27.10.2025 | O30: 27.11.2025 – 28.11.2025 (the issuance plan's basis: 02.12.2025) | P30: 28.11.2025 | Q30: Ident A + Ident B + Foreign matter | R30: Conforms | S30: Conforms | T30: Conforms | U30: ППК25367, (28.11.2025) [CNP] | Y30: registered — issued with the legacy series on 15.05.2026
A31: 30 | B31: initial release | C31: =IFERROR(INDEX('iCoA Register'!$B:$B,MATCH("P050262|I",'iCoA Register'!$P:$P,0)),"— at issue —") | D31: =IFERROR(INDEX('CoQ Register'!$B:$B,MATCH("P050262|I",'CoQ Register'!$S:$S,0)),"—") | E31: (assigned on issue) | F31: legacy | G31: 02.12.2025 | H31: 01.12.2025 | I31: =IFERROR(INDEX('iCoA Register'!$D:$D,MATCH("P050262|I",'iCoA Register'!$P:$P,0)),"") | J31: =IFERROR(INDEX('CoQ Register'!$D:$D,MATCH("P050262|I",'CoQ Register'!$S:$S,0)),"") | K31: WC072501 | L31: P050262 | M31: Wedding Crusher | N31: 27.10.2025 – 28.10.2025 | O31: 01.12.2025 (the issuance plan's basis: 02.12.2025) | P31: 01.12.2025 | Q31: Ident A + Ident B + Foreign matter | R31: Conforms | S31: Conforms | T31: Conforms | U31: ППК25369, (28.11.2025) [CNP] | Y31: registered — issued with the legacy series on 15.05.2026
A32: 31 | B32: initial release | C32: =IFERROR(INDEX('iCoA Register'!$B:$B,MATCH("P050272|I",'iCoA Register'!$P:$P,0)),"— at issue —") | D32: =IFERROR(INDEX('CoQ Register'!$B:$B,MATCH("P050272|I",'CoQ Register'!$S:$S,0)),"—") | E32: (assigned on issue) | F32: legacy | G32: 21.01.2026 | H32: 02.12.2025 | I32: =IFERROR(INDEX('iCoA Register'!$D:$D,MATCH("P050272|I",'iCoA Register'!$P:$P,0)),"") | J32: =IFERROR(INDEX('CoQ Register'!$D:$D,MATCH("P050272|I",'CoQ Register'!$S:$S,0)),"") | K32: PM072501 | L32: P050272 | M32: Permanent Marker | N32: 27.10.2025 | O32: 02.12.2025 – 03.12.2025 (the issuance plan's basis: 21.01.2026) | P32: 03.12.2025 | Q32: Ident A + Ident B + Foreign matter | R32: Conforms | S32: Conforms | T32: Conforms | U32: ППК25368, (28.11.2025) [CNP] | Y32: registered — issued with the legacy series on 15.05.2026
A33: 32 | B33: initial release | C33: =IFERROR(INDEX('iCoA Register'!$B:$B,MATCH("P050282|I",'iCoA Register'!$P:$P,0)),"— at issue —") | D33: =IFERROR(INDEX('CoQ Register'!$B:$B,MATCH("P050282|I",'CoQ Register'!$S:$S,0)),"—") | E33: iCoA-PP-2025-0019 / CoQ-PP-2025-0019 | F33: legacy | G33: 03.12.2025 | H33: 03.12.2025 | I33: =IFERROR(INDEX('iCoA Register'!$D:$D,MATCH("P050282|I",'iCoA Register'!$P:$P,0)),"") | J33: =IFERROR(INDEX('CoQ Register'!$D:$D,MATCH("P050282|I",'CoQ Register'!$S:$S,0)),"") | K33: CLE072501 | L33: P050282 | M33: Clemosa a bud | N33: 28.10.2025 | O33: 03.12.2025 – 04.12.2025 | P33: 04.12.2025 | Q33: Ident A + Ident B + Foreign matter | R33: Conforms | S33: Conforms | T33: Conforms | U33: ППК25370, (28.11.2025) [CNP] | Y33: registered — issued with the legacy series on 15.05.2026
A34: 33 | B34: initial release | C34: =IFERROR(INDEX('iCoA Register'!$B:$B,MATCH("P050292|I",'iCoA Register'!$P:$P,0)),"— at issue —") | D34: =IFERROR(INDEX('CoQ Register'!$B:$B,MATCH("P050292|I",'CoQ Register'!$S:$S,0)),"—") | E34: (assigned on issue) | F34: legacy | G34: 21.01.2026 | H34: 15.12.2025 | I34: =IFERROR(INDEX('iCoA Register'!$D:$D,MATCH("P050292|I",'iCoA Register'!$P:$P,0)),"") | J34: =IFERROR(INDEX('CoQ Register'!$D:$D,MATCH("P050292|I",'CoQ Register'!$S:$S,0)),"") | K34: GP072501/1 | L34: P050292 | M34: Grape Pie | N34: 11.11.2025 – 13.11.2025 | O34: 15.12.2025 – 21.12.2025 (the issuance plan's basis: 21.01.2026) | P34: 21.12.2025 | Q34: Ident A + Ident B + Foreign matter | R34: Conforms | S34: Conforms | T34: Conforms | U34: ППК25378, (12.12.2025) [CNP] | Y34: registered — issued with the legacy series on 15.05.2026
A35: 34 | B35: initial release | C35: =IFERROR(INDEX('iCoA Register'!$B:$B,MATCH("P050302|I",'iCoA Register'!$P:$P,0)),"— at issue —") | D35: =IFERROR(INDEX('CoQ Register'!$B:$B,MATCH("P050302|I",'CoQ Register'!$S:$S,0)),"—") | E35: iCoA-PP-2025-0020 / CoQ-PP-2025-0020 | F35: legacy | G35: 22.12.2025 | H35: 22.12.2025 | I35: =IFERROR(INDEX('iCoA Register'!$D:$D,MATCH("P050302|I",'iCoA Register'!$P:$P,0)),"") | J35: =IFERROR(INDEX('CoQ Register'!$D:$D,MATCH("P050302|I",'CoQ Register'!$S:$S,0)),"") | K35: GP072501/2 | L35: P050302 | M35: Grape Pie | N35: 13.11.2025 | O35: 22.12.2025 | P35: 22.12.2025 | Q35: Ident A + Ident B + Foreign matter | R35: Conforms | S35: Conforms | T35: Conforms | U35: ППК25379, (12.12.2025) [CNP] | Y35: registered — issued with the legacy series on 15.05.2026
A36: 35 | B36: initial release | C36: =IFERROR(INDEX('iCoA Register'!$B:$B,MATCH("P050312|I",'iCoA Register'!$P:$P,0)),"— at issue —") | D36: =IFERROR(INDEX('CoQ Register'!$B:$B,MATCH("P050312|I",'CoQ Register'!$S:$S,0)),"—") | E36: iCoA-PP-2025-0021 / CoQ-PP-2025-0021 | F36: legacy | G36: 23.12.2025 | H36: 23.12.2025 | I36: =IFERROR(INDEX('iCoA Register'!$D:$D,MATCH("P050312|I",'iCoA Register'!$P:$P,0)),"") | J36: =IFERROR(INDEX('CoQ Register'!$D:$D,MATCH("P050312|I",'CoQ Register'!$S:$S,0)),"") | K36: GP082501/1 | L36: P050312 | M36: Grape Pie | N36: 19.11.2025 – 20.11.2025 | O36: 23.12.2025 – 26.12.2025 | P36: 26.12.2025 | Q36: Ident A + Ident B + Foreign matter | R36: Conforms | S36: Conforms | T36: Conforms | U36: ППК25380, (12.12.2025) [CNP] | Y36: registered — issued with the legacy series on 15.05.2026
A37: 36 | B37: initial release | C37: =IFERROR(INDEX('iCoA Register'!$B:$B,MATCH("P050322|I",'iCoA Register'!$P:$P,0)),"— at issue —") | D37: =IFERROR(INDEX('CoQ Register'!$B:$B,MATCH("P050322|I",'CoQ Register'!$S:$S,0)),"—") | E37: iCoA-PP-2025-0022 / CoQ-PP-2025-0022 | F37: legacy | G37: 26.12.2025 | H37: 26.12.2025 | I37: =IFERROR(INDEX('iCoA Register'!$D:$D,MATCH("P050322|I",'iCoA Register'!$P:$P,0)),"") | J37: =IFERROR(INDEX('CoQ Register'!$D:$D,MATCH("P050322|I",'CoQ Register'!$S:$S,0)),"") | K37: GP082501/2 | L37: P050322 | M37: Grape Pie | N37: 20.11.2025 | O37: 26.12.2025 | P37: 26.12.2025 | Q37: Ident A + Ident B + Foreign matter | R37: Conforms | S37: Conforms | T37: Conforms | U37: ППК25381, (12.12.2025) [CNP] | Y37: registered — issued with the legacy series on 15.05.2026
A38: 37 | B38: initial release | C38: =IFERROR(INDEX('iCoA Register'!$B:$B,MATCH("P060012|I",'iCoA Register'!$P:$P,0)),"— at issue —") | D38: =IFERROR(INDEX('CoQ Register'!$B:$B,MATCH("P060012|I",'CoQ Register'!$S:$S,0)),"—") | E38: iCoA-PP-2026-0001 / CoQ-PP-2026-0001 | F38: legacy | G38: 13.01.2026 | H38: 13.01.2026 | I38: =IFERROR(INDEX('iCoA Register'!$D:$D,MATCH("P060012|I",'iCoA Register'!$P:$P,0)),"") | J38: =IFERROR(INDEX('CoQ Register'!$D:$D,MATCH("P060012|I",'CoQ Register'!$S:$S,0)),"") | K38: WC082501 | L38: P060012 | M38: Wedding Crasher | N38: 09.12.2025 | O38: 13.01.2026 – 14.01.2026 | P38: 14.01.2026 | Q38: Ident A + Ident B + Foreign matter | R38: Conforms | S38: Conforms | T38: Conforms | U38: ППК26001, (21.01.2026) [CNP] | Y38: registered — issued with the legacy series on 15.05.2026
A39: 38 | B39: initial release | C39: =IFERROR(INDEX('iCoA Register'!$B:$B,MATCH("P060022|I",'iCoA Register'!$P:$P,0)),"— at issue —") | D39: =IFERROR(INDEX('CoQ Register'!$B:$B,MATCH("P060022|I",'CoQ Register'!$S:$S,0)),"—") | E39: iCoA-PP-2026-0002 / CoQ-PP-2026-0002 | F39: legacy | G39: 16.01.2026 | H39: 16.01.2026 | I39: =IFERROR(INDEX('iCoA Register'!$D:$D,MATCH("P060022|I",'iCoA Register'!$P:$P,0)),"") | J39: =IFERROR(INDEX('CoQ Register'!$D:$D,MATCH("P060022|I",'CoQ Register'!$S:$S,0)),"") | K39: CJ082501/1 | L39: P060022 | M39: Cap Junky | N39: 09.12.2025 – 10.12.2025 | O39: 16.01.2026 | P39: 16.01.2026 | Q39: Ident A + Ident B + Foreign matter | R39: Conforms | S39: Conforms | T39: Conforms | U39: ППК26002, (21.01.2026) [CNP] | Y39: registered — issued with the legacy series on 15.05.2026
A40: 39 | B40: initial release | C40: =IFERROR(INDEX('iCoA Register'!$B:$B,MATCH("P060032|I",'iCoA Register'!$P:$P,0)),"— at issue —") | D40: =IFERROR(INDEX('CoQ Register'!$B:$B,MATCH("P060032|I",'CoQ Register'!$S:$S,0)),"—") | E40: iCoA-PP-2026-0003 / CoQ-PP-2026-0003 | F40: legacy | G40: 29.01.2026 | H40: 29.01.2026 | I40: =IFERROR(INDEX('iCoA Register'!$D:$D,MATCH("P060032|I",'iCoA Register'!$P:$P,0)),"") | J40: =IFERROR(INDEX('CoQ Register'!$D:$D,MATCH("P060032|I",'CoQ Register'!$S:$S,0)),"") | K40: CJ082501/2 | L40: P060032 | M40: Cap Junky | N40: 10.12.2025 | O40: 29.01.2026 | P40: 29.01.2026 | Q40: Ident A + Ident B + Foreign matter | R40: Conforms | S40: Conforms | T40: Conforms | U40: ППК26003, (21.01.2026) [CNP] | Y40: registered — issued with the legacy series on 15.05.2026
A41: 40 | B41: initial release | C41: =IFERROR(INDEX('iCoA Register'!$B:$B,MATCH("P060042|I",'iCoA Register'!$P:$P,0)),"— at issue —") | D41: =IFERROR(INDEX('CoQ Register'!$B:$B,MATCH("P060042|I",'CoQ Register'!$S:$S,0)),"—") | E41: iCoA-PP-2026-0004 / CoQ-PP-2026-0004 | F41: legacy | G41: 29.01.2026 | H41: 29.01.2026 | I41: =IFERROR(INDEX('iCoA Register'!$D:$D,MATCH("P060042|I",'iCoA Register'!$P:$P,0)),"") | J41: =IFERROR(INDEX('CoQ Register'!$D:$D,MATCH("P060042|I",'CoQ Register'!$S:$S,0)),"") | K41: OPM092501 | L41: P060042 | M41: Orange Punch Mimosa | N41: 12.12.2025 | O41: 29.01.2026 | P41: 29.01.2026 | Q41: Ident A + Ident B + Foreign matter | R41: Conforms | S41: Conforms | T41: Conforms | U41: ППК26008, (21.01.2026) [CNP] | Y41: registered — issued with the legacy series on 15.05.2026
A42: 41 | B42: initial release | C42: =IFERROR(INDEX('iCoA Register'!$B:$B,MATCH("P060052|I",'iCoA Register'!$P:$P,0)),"— at issue —") | D42: =IFERROR(INDEX('CoQ Register'!$B:$B,MATCH("P060052|I",'CoQ Register'!$S:$S,0)),"—") | E42: (assigned on issue) | F42: legacy | G42: 20.02.2026 | H42: 30.01.2026 | I42: =IFERROR(INDEX('iCoA Register'!$D:$D,MATCH("P060052|I",'iCoA Register'!$P:$P,0)),"") | J42: =IFERROR(INDEX('CoQ Register'!$D:$D,MATCH("P060052|I",'CoQ Register'!$S:$S,0)),"") | K42: AB092501 | L42: P060052 | M42: Apple and Banana | N42: 11.12.2025 | O42: 30.01.2026 (the issuance plan's basis: 20.02.2026) | P42: 30.01.2026 | Q42: Ident A + Ident B + Foreign matter | R42: Conforms | S42: Conforms | T42: Conforms | U42: ППК26005, (21.01.2026) [CNP] | Y42: registered — issued with the legacy series on 15.05.2026
A43: 42 | B43: initial release | C43: =IFERROR(INDEX('iCoA Register'!$B:$B,MATCH("P060062|I",'iCoA Register'!$P:$P,0)),"— at issue —") | D43: =IFERROR(INDEX('CoQ Register'!$B:$B,MATCH("P060062|I",'CoQ Register'!$S:$S,0)),"—") | E43: iCoA-PP-2026-0005 / CoQ-PP-2026-0005 | F43: legacy | G43: 30.01.2026 | H43: 30.01.2026 | I43: =IFERROR(INDEX('iCoA Register'!$D:$D,MATCH("P060062|I",'iCoA Register'!$P:$P,0)),"") | J43: =IFERROR(INDEX('CoQ Register'!$D:$D,MATCH("P060062|I",'CoQ Register'!$S:$S,0)),"") | K43: PM092501 | L43: P060062 | M43: Permanent Market | N43: 11.12.2025 | O43: 30.01.2026 | P43: 30.01.2026 | Q43: Ident A + Ident B + Foreign matter | R43: Conforms | S43: Conforms | T43: Conforms | U43: ППК26004, (21.01.2026) [CNP] | Y43: registered — issued with the legacy series on 15.05.2026
A44: 43 | B44: initial release | C44: =IFERROR(INDEX('iCoA Register'!$B:$B,MATCH("P060072|I",'iCoA Register'!$P:$P,0)),"— at issue —") | D44: =IFERROR(INDEX('CoQ Register'!$B:$B,MATCH("P060072|I",'CoQ Register'!$S:$S,0)),"—") | E44: iCoA-PP-2026-0006 / CoQ-PP-2026-0006 | F44: legacy | G44: 02.02.2026 | H44: 02.02.2026 | I44: =IFERROR(INDEX('iCoA Register'!$D:$D,MATCH("P060072|I",'iCoA Register'!$P:$P,0)),"") | J44: =IFERROR(INDEX('CoQ Register'!$D:$D,MATCH("P060072|I",'CoQ Register'!$S:$S,0)),"") | K44: CJ092501 | L44: P060072 | M44: Cap Junky | N44: 12.12.2025 | O44: 02.02.2026 | P44: 02.02.2026 | Q44: Ident A + Ident B + Foreign matter | R44: Conforms | S44: Conforms | T44: Conforms | U44: ППК26007, (21.01.2026) [CNP] | Y44: registered — issued with the legacy series on 15.05.2026
A45: 44 | B45: initial release | C45: =IFERROR(INDEX('iCoA Register'!$B:$B,MATCH("P060082|I",'iCoA Register'!$P:$P,0)),"— at issue —") | D45: =IFERROR(INDEX('CoQ Register'!$B:$B,MATCH("P060082|I",'CoQ Register'!$S:$S,0)),"—") | E45: iCoA-PP-2026-0007 / CoQ-PP-2026-0007 | F45: legacy | G45: 02.02.2026 | H45: 02.02.2026 | I45: =IFERROR(INDEX('iCoA Register'!$D:$D,MATCH("P060082|I",'iCoA Register'!$P:$P,0)),"") | J45: =IFERROR(INDEX('CoQ Register'!$D:$D,MATCH("P060082|I",'CoQ Register'!$S:$S,0)),"") | K45: SJ0925021 | L45: P060082 | N45: 11.12.2025 – 12.12.2025 | O45: 02.02.2026 | P45: 02.02.2026 | Q45: Ident A + Ident B + Foreign matter | R45: Conforms | S45: Conforms | T45: Conforms | U45: ППК26006, (21.01.2026) [CNP] | Y45: registered — issued with the legacy series on 15.05.2026
A46: 45 | B46: initial release | C46: =IFERROR(INDEX('iCoA Register'!$B:$B,MATCH("P060092|I",'iCoA Register'!$P:$P,0)),"— at issue —") | D46: =IFERROR(INDEX('CoQ Register'!$B:$B,MATCH("P060092|I",'CoQ Register'!$S:$S,0)),"—") | E46: iCoA-PP-2026-0008 / CoQ-PP-2026-0008 | F46: legacy | G46: 03.02.2026 | H46: 03.02.2026 | I46: =IFERROR(INDEX('iCoA Register'!$D:$D,MATCH("P060092|I",'iCoA Register'!$P:$P,0)),"") | J46: =IFERROR(INDEX('CoQ Register'!$D:$D,MATCH("P060092|I",'CoQ Register'!$S:$S,0)),"") | K46: GP092501 | L46: P060092 | M46: Grape Pie | N46: 16.12.2025 – 17.12.2025 | O46: 03.02.2026 – 09.02.2026 | P46: 09.02.2026 | Q46: Ident A + Ident B + Foreign matter | R46: Conforms | S46: Conforms | T46: Conforms | U46: ППК26009, (21.01.2026) [CNP] | Y46: registered — issued with the legacy series on 15.05.2026
A47: 46 | B47: initial release | C47: =IFERROR(INDEX('iCoA Register'!$B:$B,MATCH("P060102|I",'iCoA Register'!$P:$P,0)),"— at issue —") | D47: =IFERROR(INDEX('CoQ Register'!$B:$B,MATCH("P060102|I",'CoQ Register'!$S:$S,0)),"—") | E47: — | F47: legacy | G47: 16.02.2026 | H47: 16.02.2026 | I47: 03.06.2026 | J47: =IFERROR(INDEX('CoQ Register'!$D:$D,MATCH("P060102|I",'CoQ Register'!$S:$S,0)),"") | K47: WED102501 | L47: P060102 | M47: Wedding Cake | N47: 08.01.2026 | O47: 16.02.2026 | P47: 16.02.2026 | Q47: Ident A + Ident B + Foreign matter | R47: Conforms | S47: Conforms | T47: Conforms | U47: — no cannabinoid certificate from the initial testing — | Y47: not yet issuable — not in icoa_register.py — the register numbers the series and does not carry this round
A48: 47 | B48: initial release | C48: =IFERROR(INDEX('iCoA Register'!$B:$B,MATCH("P060142|I",'iCoA Register'!$P:$P,0)),"— at issue —") | D48: =IFERROR(INDEX('CoQ Register'!$B:$B,MATCH("P060142|I",'CoQ Register'!$S:$S,0)),"—") | E48: — | F48: legacy | G48: 23.02.2026 | H48: 23.02.2026 | I48: 03.06.2026 | J48: =IFERROR(INDEX('CoQ Register'!$D:$D,MATCH("P060142|I",'CoQ Register'!$S:$S,0)),"") | K48: GRC102501 | L48: P060142 | M48: Graps & Creme | N48: 09.01.2026 | O48: 23.02.2026 | P48: 23.02.2026 | Q48: Ident A + Ident B + Foreign matter | R48: Conforms | S48: Conforms | T48: Conforms | U48: 051-6-K-26, (04.03.2026) [FHM-K] | Y48: not yet issuable — not in icoa_register.py — the register numbers the series and does not carry this round
A49: 48 | B49: initial release | C49: =IFERROR(INDEX('iCoA Register'!$B:$B,MATCH("P060152|I",'iCoA Register'!$P:$P,0)),"— at issue —") | D49: =IFERROR(INDEX('CoQ Register'!$B:$B,MATCH("P060152|I",'CoQ Register'!$S:$S,0)),"—") | E49: iCoA-PP-2026-0012 / CoQ-PP-2026-0012 | F49: legacy | G49: 05.03.2026 | H49: 05.03.2026 | I49: =IFERROR(INDEX('iCoA Register'!$D:$D,MATCH("P060152|I",'iCoA Register'!$P:$P,0)),"") | J49: =IFERROR(INDEX('CoQ Register'!$D:$D,MATCH("P060152|I",'CoQ Register'!$S:$S,0)),"") | K49: J31102501 | L49: P060152 | M49: Jokerz 31 | N49: 21.01.2026 | O49: 05.03.2026 | P49: 05.03.2026 | Q49: Ident A + Ident B + Foreign matter | R49: Conforms | S49: Conforms | T49: Conforms | U49: 051-1-K-26, (04.03.2026) [FHM-K] | Y49: registered — issued with the legacy series on 15.05.2026
A50: 49 | B50: initial release | C50: =IFERROR(INDEX('iCoA Register'!$B:$B,MATCH("P060162|I",'iCoA Register'!$P:$P,0)),"— at issue —") | D50: =IFERROR(INDEX('CoQ Register'!$B:$B,MATCH("P060162|I",'CoQ Register'!$S:$S,0)),"—") | E50: (assigned on issue) | F50: legacy | G50: 04.03.2026 | H50: 09.03.2026 | I50: =IFERROR(INDEX('iCoA Register'!$D:$D,MATCH("P060162|I",'iCoA Register'!$P:$P,0)),"") | J50: =IFERROR(INDEX('CoQ Register'!$D:$D,MATCH("P060162|I",'CoQ Register'!$S:$S,0)),"") | K50: SJ102501 | L50: P060162 | M50: Sleepy Joe | N50: 20.01.2026 | O50: 09.03.2026 (the issuance plan's basis: 04.03.2026) | P50: 09.03.2026 | Q50: Ident A + Ident B + Foreign matter | R50: Conforms | S50: Conforms | T50: Conforms | U50: 051-3-K-26, (04.03.2026) [FHM-K] | Y50: registered — issued with the legacy series on 15.05.2026
A51: 50 | B51: initial release | C51: =IFERROR(INDEX('iCoA Register'!$B:$B,MATCH("P060172|I",'iCoA Register'!$P:$P,0)),"— at issue —") | D51: =IFERROR(INDEX('CoQ Register'!$B:$B,MATCH("P060172|I",'CoQ Register'!$S:$S,0)),"—") | E51: iCoA-PP-2026-0013 / CoQ-PP-2026-0013 | F51: legacy | G51: 12.03.2026 | H51: 12.03.2026 | I51: =IFERROR(INDEX('iCoA Register'!$D:$D,MATCH("P060172|I",'iCoA Register'!$P:$P,0)),"") | J51: =IFERROR(INDEX('CoQ Register'!$D:$D,MATCH("P060172|I",'CoQ Register'!$S:$S,0)),"") | K51: KC102501 | L51: P060172 | M51: Kush Crasher | N51: 20.01.2026 – 21.01.2026 | O51: 12.03.2026 | P51: 12.03.2026 | Q51: Ident A + Ident B + Foreign matter | R51: Conforms | S51: Conforms | T51: Conforms | U51: 051-4-K-26, (04.03.2026) [FHM-K] | Y51: registered — issued with the legacy series on 15.05.2026
A52: 51 | B52: initial release | C52: =IFERROR(INDEX('iCoA Register'!$B:$B,MATCH("P060182|I",'iCoA Register'!$P:$P,0)),"— at issue —") | D52: =IFERROR(INDEX('CoQ Register'!$B:$B,MATCH("P060182|I",'CoQ Register'!$S:$S,0)),"—") | E52: iCoA-PP-2026-0014 / CoQ-PP-2026-0014 | F52: legacy | G52: 14.03.2026 | H52: 14.03.2026 | I52: =IFERROR(INDEX('iCoA Register'!$D:$D,MATCH("P060182|I",'iCoA Register'!$P:$P,0)),"") | J52: =IFERROR(INDEX('CoQ Register'!$D:$D,MATCH("P060182|I",'CoQ Register'!$S:$S,0)),"") | K52: GRC102501 | L52: P060182 | M52: Graps & Creme | N52: 20.01.2026 | O52: 14.03.2026 | P52: 14.03.2026 | Q52: Ident A + Ident B + Foreign matter | R52: Conforms | S52: Conforms | T52: Conforms | U52: 051-6-K-26, (04.03.2026) [FHM-K] | Y52: registered — issued with the legacy series on 15.05.2026
A53: 52 | B53: initial release | C53: =IFERROR(INDEX('iCoA Register'!$B:$B,MATCH("P060192|I",'iCoA Register'!$P:$P,0)),"— at issue —") | D53: =IFERROR(INDEX('CoQ Register'!$B:$B,MATCH("P060192|I",'CoQ Register'!$S:$S,0)),"—") | E53: (assigned on issue) | F53: legacy | G53: 04.03.2026 | H53: 31.03.2026 | I53: =IFERROR(INDEX('iCoA Register'!$D:$D,MATCH("P060192|I",'iCoA Register'!$P:$P,0)),"") | J53: =IFERROR(INDEX('CoQ Register'!$D:$D,MATCH("P060192|I",'CoQ Register'!$S:$S,0)),"") | K53: SJ112501 | L53: P060192 | M53: Sleepy Joy | N53: 26.01.2026 – 27.01.2026 | O53: 31.03.2026 (the issuance plan's basis: 04.03.2026) | P53: 31.03.2026 | Q53: Ident A + Ident B + Foreign matter | R53: Conforms | S53: Conforms | T53: Conforms | U53: 051-2-K-26, (04.03.2026) [FHM-K] | Y53: registered — issued with the legacy series on 15.05.2026
A54: 53 | B54: initial release | C54: =IFERROR(INDEX('iCoA Register'!$B:$B,MATCH("P060202|I",'iCoA Register'!$P:$P,0)),"— at issue —") | D54: =IFERROR(INDEX('CoQ Register'!$B:$B,MATCH("P060202|I",'CoQ Register'!$S:$S,0)),"—") | E54: (assigned on issue) | F54: legacy | G54: 09.04.2026 | H54: 17.04.2026 | I54: =IFERROR(INDEX('iCoA Register'!$D:$D,MATCH("P060202|I",'iCoA Register'!$P:$P,0)),"") | J54: =IFERROR(INDEX('CoQ Register'!$D:$D,MATCH("P060202|I",'CoQ Register'!$S:$S,0)),"") | K54: J31112501 | L54: P060202 | M54: Jokerz 31 | N54: 26.01.2026 | O54: 17.04.2026 (the issuance plan's basis: 09.04.2026) | P54: 17.04.2026 | Q54: Ident A + Ident B + Foreign matter | R54: Conforms | S54: Conforms | T54: Conforms | U54: 051-5-K-26, (04.03.2026) [FHM-K] | Y54: registered — issued with the legacy series on 15.05.2026
A55: 54 | B55: initial release | C55: =IFERROR(INDEX('iCoA Register'!$B:$B,MATCH("P060212|I",'iCoA Register'!$P:$P,0)),"— at issue —") | D55: =IFERROR(INDEX('CoQ Register'!$B:$B,MATCH("P060212|I",'CoQ Register'!$S:$S,0)),"—") | E55: iCoA-PP-2026-0015 / CoQ-PP-2026-0015 | F55: legacy | G55: 21.04.2026 | H55: 21.04.2026 | I55: =IFERROR(INDEX('iCoA Register'!$D:$D,MATCH("P060212|I",'iCoA Register'!$P:$P,0)),"") | J55: =IFERROR(INDEX('CoQ Register'!$D:$D,MATCH("P060212|I",'CoQ Register'!$S:$S,0)),"") | K55: JD112501 | L55: P060212 | M55: Jelly Donutz | N55: 25.03.2026 | O55: 21.04.2026 | P55: 21.04.2026 | Q55: Ident A + Ident B + Foreign matter | R55: Conforms | S55: Conforms | T55: Conforms | U55: ППК26063, (11.05.2026) [CNP] | Y55: registered — issued with the legacy series on 15.05.2026
A56: 55 | B56: initial release | C56: =IFERROR(INDEX('iCoA Register'!$B:$B,MATCH("JD112501|I",'iCoA Register'!$P:$P,0)),"— at issue —") | D56: =IFERROR(INDEX('CoQ Register'!$B:$B,MATCH("JD112501|I",'CoQ Register'!$S:$S,0)),"—") | E56: iCoA-PP-2026-0015 / CoQ-PP-2026-0015 | F56: — | G56: 21.04.2026 | H56: packaging date — to record | I56: — packaging date to record — | J56: =IFERROR(INDEX('CoQ Register'!$D:$D,MATCH("JD112501|I",'CoQ Register'!$S:$S,0)),"") | K56: JD112501＊ | L56: N/A — no P batch assigned | M56: Jelly Donutz | N56: — not on the list — | O56: — not on the list — | P56: — packaging date to record — | Q56: Ident A + Ident B + Foreign matter | R56: Conforms | S56: Conforms | T56: Conforms | U56: ППК26065, (11.05.2026) [CNP] | Y56: not yet issuable — no packaging date on the list
A57: 56 | B57: initial release | C57: =IFERROR(INDEX('iCoA Register'!$B:$B,MATCH("P060222|I",'iCoA Register'!$P:$P,0)),"— at issue —") | D57: =IFERROR(INDEX('CoQ Register'!$B:$B,MATCH("P060222|I",'CoQ Register'!$S:$S,0)),"—") | E57: (assigned on issue) | F57: legacy | G57: 05.03.2026 | H57: 24.04.2026 | I57: =IFERROR(INDEX('iCoA Register'!$D:$D,MATCH("P060222|I",'iCoA Register'!$P:$P,0)),"") | J57: =IFERROR(INDEX('CoQ Register'!$D:$D,MATCH("P060222|I",'CoQ Register'!$S:$S,0)),"") | K57: OPM112501 | L57: P060222 | M57: Orange Punch Mimosa | N57: 05.02.2026 | O57: 24.04.2026 (the issuance plan's basis: 05.03.2026) | P57: 24.04.2026 | Q57: Ident A + Ident B + Foreign matter | R57: Conforms | S57: Conforms | T57: Conforms | U57: ППК26031, (05.03.2026) [CNP] | Y57: registered — issued with the legacy series on 15.05.2026
A58: 57 | B58: initial release | C58: =IFERROR(INDEX('iCoA Register'!$B:$B,MATCH("P060232|I",'iCoA Register'!$P:$P,0)),"— at issue —") | D58: =IFERROR(INDEX('CoQ Register'!$B:$B,MATCH("P060232|I",'CoQ Register'!$S:$S,0)),"—") | E58: iCoA-PP-2026-0016 / CoQ-PP-2026-0016 | F58: legacy | G58: 27.04.2026 | H58: 27.04.2026 | I58: =IFERROR(INDEX('iCoA Register'!$D:$D,MATCH("P060232|I",'iCoA Register'!$P:$P,0)),"") | J58: =IFERROR(INDEX('CoQ Register'!$D:$D,MATCH("P060232|I",'CoQ Register'!$S:$S,0)),"") | K58: PM112501 | L58: P060232 | M58: Permanent Market | N58: 05.02.2026 | O58: 27.04.2026 | P58: 27.04.2026 | Q58: Ident A + Ident B + Foreign matter | R58: Conforms | S58: Conforms | T58: Conforms | U58: ППК26030, (05.03.2026) [CNP] | Y58: registered — issued with the legacy series on 15.05.2026
A59: 58 | B59: initial release | C59: =IFERROR(INDEX('iCoA Register'!$B:$B,MATCH("P060242|I",'iCoA Register'!$P:$P,0)),"— at issue —") | D59: =IFERROR(INDEX('CoQ Register'!$B:$B,MATCH("P060242|I",'CoQ Register'!$S:$S,0)),"—") | E59: iCoA-PP-2026-0017 / CoQ-PP-2026-0017 | F59: legacy | G59: 28.04.2026 | H59: 28.04.2026 | I59: =IFERROR(INDEX('iCoA Register'!$D:$D,MATCH("P060242|I",'iCoA Register'!$P:$P,0)),"") | J59: =IFERROR(INDEX('CoQ Register'!$D:$D,MATCH("P060242|I",'CoQ Register'!$S:$S,0)),"") | K59: OPM122501 | L59: P060242 | M59: Orange Punch Mimosa | N59: 11.03.2026 | O59: 28.04.2026 | P59: 28.04.2026 | Q59: Ident A + Ident B + Foreign matter | R59: Conforms | S59: Conforms | T59: Conforms | U59: 100-4-K-26, (09.04.2026) [FHM-K] | Y59: registered — issued with the legacy series on 15.05.2026
A60: 59 | B60: initial release | C60: =IFERROR(INDEX('iCoA Register'!$B:$B,MATCH("P060252|I",'iCoA Register'!$P:$P,0)),"— at issue —") | D60: =IFERROR(INDEX('CoQ Register'!$B:$B,MATCH("P060252|I",'CoQ Register'!$S:$S,0)),"—") | E60: (assigned on issue) | F60: legacy | G60: 11.05.2026 | H60: 05.05.2026 | I60: =IFERROR(INDEX('iCoA Register'!$D:$D,MATCH("P060252|I",'iCoA Register'!$P:$P,0)),"") | J60: =IFERROR(INDEX('CoQ Register'!$D:$D,MATCH("P060252|I",'CoQ Register'!$S:$S,0)),"") | K60: GG112501 | L60: P060252 | M60: Gorilla Glue | N60: 25.03.2026 | O60: 05.05.2026 (the issuance plan's basis: 11.05.2026) | P60: 05.05.2026 | Q60: Ident A + Ident B + Foreign matter | R60: Conforms | S60: Conforms | T60: Conforms | U60: ППК26061, (11.05.2026) [CNP] | Y60: registered — issued with the legacy series on 15.05.2026
A61: 60 | B61: initial release | C61: =IFERROR(INDEX('iCoA Register'!$B:$B,MATCH("P060262|I",'iCoA Register'!$P:$P,0)),"— at issue —") | D61: =IFERROR(INDEX('CoQ Register'!$B:$B,MATCH("P060262|I",'CoQ Register'!$S:$S,0)),"—") | E61: (assigned on issue) | F61: post-SOP | G61: 23.04.2026 | H61: 14.05.2026 | I61: =IFERROR(INDEX('iCoA Register'!$D:$D,MATCH("P060262|I",'iCoA Register'!$P:$P,0)),"") | J61: =IFERROR(INDEX('CoQ Register'!$D:$D,MATCH("P060262|I",'CoQ Register'!$S:$S,0)),"") | K61: J31122501 | L61: P060262 | M61: Jokerz 31 | N61: 04.03.2026 | O61: 14.05.2026 (the issuance plan's basis: 23.04.2026) | P61: 14.05.2026 | Q61: Ident A + Ident B + Foreign matter | R61: Conforms | S61: Conforms | T61: Conforms | U61: 100-2-K-26, (09.04.2026) [FHM-K] | Y61: registered — first working day 5 days after packaging
A62: 61 | B62: initial release | C62: =IFERROR(INDEX('iCoA Register'!$B:$B,MATCH("P060272|I",'iCoA Register'!$P:$P,0)),"— at issue —") | D62: =IFERROR(INDEX('CoQ Register'!$B:$B,MATCH("P060272|I",'CoQ Register'!$S:$S,0)),"—") | E62: (assigned on issue) | F62: post-SOP | G62: 11.05.2026 | H62: 18.05.2026 | I62: =IFERROR(INDEX('iCoA Register'!$D:$D,MATCH("P060272|I",'iCoA Register'!$P:$P,0)),"") | J62: =IFERROR(INDEX('CoQ Register'!$D:$D,MATCH("P060272|I",'CoQ Register'!$S:$S,0)),"") | K62: CC112501 | L62: P060272 | M62: Cash Cow | N62: 25.03.2026 | O62: 18.05.2026 (the issuance plan's basis: 11.05.2026) | P62: 18.05.2026 | Q62: Ident A + Ident B + Foreign matter | R62: Conforms | S62: Conforms | T62: Conforms | U62: ППК26068, (11.05.2026) [CNP] | Y62: registered — first working day 5 days after packaging
A63: 62 | B63: initial release | C63: =IFERROR(INDEX('iCoA Register'!$B:$B,MATCH("P060282|I",'iCoA Register'!$P:$P,0)),"— at issue —") | D63: =IFERROR(INDEX('CoQ Register'!$B:$B,MATCH("P060282|I",'CoQ Register'!$S:$S,0)),"—") | E63: iCoA-PP-2026-0018 / CoQ-PP-2026-0018 | F63: post-SOP | G63: 18.05.2026 | H63: 18.05.2026 | I63: =IFERROR(INDEX('iCoA Register'!$D:$D,MATCH("P060282|I",'iCoA Register'!$P:$P,0)),"") | J63: =IFERROR(INDEX('CoQ Register'!$D:$D,MATCH("P060282|I",'CoQ Register'!$S:$S,0)),"") | K63: SCR112501 | L63: P060282 | M63: Scrambler | N63: 25.03.2026 | O63: 18.05.2026 | P63: 18.05.2026 | Q63: Ident A + Ident B + Foreign matter | R63: Conforms | S63: Conforms | T63: Conforms | U63: ППК26069, (11.05.2026) [CNP] | Y63: registered — first working day 5 days after packaging
A64: 63 | B64: initial release | C64: =IFERROR(INDEX('iCoA Register'!$B:$B,MATCH("P060292|I",'iCoA Register'!$P:$P,0)),"— at issue —") | D64: =IFERROR(INDEX('CoQ Register'!$B:$B,MATCH("P060292|I",'CoQ Register'!$S:$S,0)),"—") | E64: (assigned on issue) | F64: post-SOP | G64: 11.05.2026 | H64: 19.05.2026 | I64: =IFERROR(INDEX('iCoA Register'!$D:$D,MATCH("P060292|I",'iCoA Register'!$P:$P,0)),"") | J64: =IFERROR(INDEX('CoQ Register'!$D:$D,MATCH("P060292|I",'CoQ Register'!$S:$S,0)),"") | K64: FB112501 | L64: P060292 | M64: Fat Bastard | N64: 25.03.2026 | O64: 19.05.2026 (the issuance plan's basis: 11.05.2026) | P64: 19.05.2026 | Q64: Ident A + Ident B + Foreign matter | R64: Conforms | S64: Conforms | T64: Conforms | U64: ППК26066, (11.05.2026) [CNP] | Y64: registered — first working day 5 days after packaging
A65: 64 | B65: initial release | C65: =IFERROR(INDEX('iCoA Register'!$B:$B,MATCH("P060302|I",'iCoA Register'!$P:$P,0)),"— at issue —") | D65: =IFERROR(INDEX('CoQ Register'!$B:$B,MATCH("P060302|I",'CoQ Register'!$S:$S,0)),"—") | E65: (assigned on issue) | F65: post-SOP | G65: 11.05.2026 | H65: 20.05.2026 | I65: 25.05.2026 | J65: =IFERROR(INDEX('CoQ Register'!$D:$D,MATCH("P060302|I",'CoQ Register'!$S:$S,0)),"") | K65: GG012601＊ | L65: P060302 | M65: Gorilla Glue | N65: 27.03.2026 | O65: 20.05.2026 (the issuance plan's basis: 11.05.2026) | P65: 20.05.2026 | Q65: Ident A + Ident B + Foreign matter | R65: Conforms | S65: Conforms | T65: Conforms | U65: ППК26062, (11.05.2026) [CNP] | Y65: not yet issuable — not in icoa_register.py — the register numbers the series and does not carry this round
A66: 65 | B66: initial release | C66: =IFERROR(INDEX('iCoA Register'!$B:$B,MATCH("P060312|I",'iCoA Register'!$P:$P,0)),"— at issue —") | D66: =IFERROR(INDEX('CoQ Register'!$B:$B,MATCH("P060312|I",'CoQ Register'!$S:$S,0)),"—") | E66: (assigned on issue) | F66: post-SOP | G66: 11.05.2026 | H66: 21.05.2026 | I66: 26.05.2026 | J66: =IFERROR(INDEX('CoQ Register'!$D:$D,MATCH("P060312|I",'CoQ Register'!$S:$S,0)),"") | K66: JD012601＊ | L66: P060312 | M66: Jelly Donutz | N66: 27.03.2026 | O66: 21.05.2026 (the issuance plan's basis: 11.05.2026) | P66: 21.05.2026 | Q66: Ident A + Ident B + Foreign matter | R66: Conforms | S66: Conforms | T66: Conforms | U66: ППК26064, (11.05.2026) [CNP] | Y66: not yet issuable — not in icoa_register.py — the register numbers the series and does not carry this round
A67: 66 | B67: initial release | C67: =IFERROR(INDEX('iCoA Register'!$B:$B,MATCH("P060332|I",'iCoA Register'!$P:$P,0)),"— at issue —") | D67: =IFERROR(INDEX('CoQ Register'!$B:$B,MATCH("P060332|I",'CoQ Register'!$S:$S,0)),"—") | E67: — | F67: post-SOP | G67: 22.05.2026 | H67: 22.05.2026 | I67: =IFERROR(INDEX('iCoA Register'!$D:$D,MATCH("P060332|I",'iCoA Register'!$P:$P,0)),"") | J67: =IFERROR(INDEX('CoQ Register'!$D:$D,MATCH("P060332|I",'CoQ Register'!$S:$S,0)),"") | K67: CC012601/1 | L67: P060332 | N67: 16.04.2026 | O67: 22.05.2026 | P67: 22.05.2026 | Q67: Ident A + Ident B + Foreign matter | R67: Conforms | S67: Conforms | T67: Conforms | U67: — no cannabinoid certificate from the initial testing — | Y67: registered — first working day 5 days after packaging
A68: 67 | B68: initial release | C68: =IFERROR(INDEX('iCoA Register'!$B:$B,MATCH("P060322|I",'iCoA Register'!$P:$P,0)),"— at issue —") | D68: =IFERROR(INDEX('CoQ Register'!$B:$B,MATCH("P060322|I",'CoQ Register'!$S:$S,0)),"—") | E68: iCoA-PP-2026-0019 / CoQ-PP-2026-0019 | F68: post-SOP | G68: 22.05.2026 | H68: 22.05.2026 | I68: =IFERROR(INDEX('iCoA Register'!$D:$D,MATCH("P060322|I",'iCoA Register'!$P:$P,0)),"") | J68: =IFERROR(INDEX('CoQ Register'!$D:$D,MATCH("P060322|I",'CoQ Register'!$S:$S,0)),"") | K68: FB012601_1 | L68: P060322 | M68: Fat Bastard | N68: 27.03.2026 | O68: 22.05.2026 | P68: 22.05.2026 | Q68: Ident A + Ident B + Foreign matter | R68: Conforms | S68: Conforms | T68: Conforms | U68: ППК26067, (11.05.2026) [CNP] | Y68: registered — first working day 5 days after packaging
A69: 68 | B69: initial release | C69: =IFERROR(INDEX('iCoA Register'!$B:$B,MATCH("P060352|I",'iCoA Register'!$P:$P,0)),"— at issue —") | D69: =IFERROR(INDEX('CoQ Register'!$B:$B,MATCH("P060352|I",'CoQ Register'!$S:$S,0)),"—") | E69: iCoA-PP-2026-0021 / CoQ-PP-2026-0021 | F69: post-SOP | G69: 23.05.2026 | H69: 23.05.2026 | I69: =IFERROR(INDEX('iCoA Register'!$D:$D,MATCH("P060352|I",'iCoA Register'!$P:$P,0)),"") | J69: =IFERROR(INDEX('CoQ Register'!$D:$D,MATCH("P060352|I",'CoQ Register'!$S:$S,0)),"") | K69: FB012602* | L69: P060352 | M69: Fat Bastard | N69: 16.04.2026 | O69: 23.05.2026 | P69: 23.05.2026 | Q69: Ident A + Ident B + Foreign matter | R69: Conforms | S69: Conforms | T69: Conforms | U69: — no cannabinoid certificate from the initial testing — | Y69: registered — first working day 5 days after packaging
A70: 69 | B70: initial release | C70: not needed | D70: =IFERROR(INDEX('CoQ Register'!$B:$B,MATCH("P060392|I",'CoQ Register'!$S:$S,0)),"—") | E70: (assigned on issue) | F70: post-SOP | G70: 30.06.2026 | H70: 23.05.2026 | I70: 28.05.2026 | J70: =IFERROR(INDEX('CoQ Register'!$D:$D,MATCH("P060392|I",'CoQ Register'!$S:$S,0)),"") | K70: FB012603V | L70: P060392 | M70: Fat Bastard | N70: 29.04.2026 | O70: 23.05.2026 (the issuance plan's basis: 30.06.2026) | P70: 23.05.2026 | Q70: — all three on the CNP certificate — | R70: CNP ППК26110 | S70: CNP ППК26110 | T70: CNP ППК26110 | U70: ППК26110, (30.06.2026) [CNP] | Y70: not needed — CNP covers A, B and foreign matter
A71: 70 | B71: initial release | C71: not needed | D71: =IFERROR(INDEX('CoQ Register'!$B:$B,MATCH("P060362|I",'CoQ Register'!$S:$S,0)),"—") | E71: iCoA-PP-2026-0020 / CoQ-PP-2026-0020 | F71: post-SOP | G71: 23.05.2026 | H71: 23.05.2026 | I71: 28.05.2026 | J71: =IFERROR(INDEX('CoQ Register'!$D:$D,MATCH("P060362|I",'CoQ Register'!$S:$S,0)),"") | K71: JD012603 | L71: P060362 | N71: 22.04.2026 | O71: 23.05.2026 | P71: 23.05.2026 | Q71: — all three on the CNP certificate — | R71: CNP ППК26111 | S71: CNP ППК26111 | T71: CNP ППК26111 | U71: ППК26111, (30.06.2026) [CNP] | Y71: not needed — CNP covers A, B and foreign matter
A72: 71 | B72: initial release | C72: not needed | D72: =IFERROR(INDEX('CoQ Register'!$B:$B,MATCH("P060422|I",'CoQ Register'!$S:$S,0)),"—") | E72: iCoA-PP-2026-0022 / CoQ-PP-2026-0022 | F72: post-SOP | G72: 23.05.2026 | H72: 23.05.2026 | I72: 28.05.2026 | J72: =IFERROR(INDEX('CoQ Register'!$D:$D,MATCH("P060422|I",'CoQ Register'!$S:$S,0)),"") | K72: JD012603 | L72: P060422 | N72: 29.04.2026 | O72: 23.05.2026 | P72: 23.05.2026 | Q72: — all three on the CNP certificate — | R72: CNP ППК26111 | S72: CNP ППК26111 | T72: CNP ППК26111 | U72: ППК26111, (30.06.2026) [CNP] | Y72: not needed — CNP covers A, B and foreign matter
A73: 72 | B73: initial release | C73: not needed | D73: =IFERROR(INDEX('CoQ Register'!$B:$B,MATCH("P060402|I",'CoQ Register'!$S:$S,0)),"—") | E73: iCoA-PP-2026-0023 / CoQ-PP-2026-0023 | F73: post-SOP | G73: 24.05.2026 | H73: 24.05.2026 | I73: 29.05.2026 | J73: =IFERROR(INDEX('CoQ Register'!$D:$D,MATCH("P060402|I",'CoQ Register'!$S:$S,0)),"") | K73: GG012603 | L73: P060402 | M73: GorillaGlue | N73: 04.05.2026 | O73: 24.05.2026 | P73: 24.05.2026 | Q73: — all three on the CNP certificate — | R73: CNP ППК26114 | S73: CNP ППК26114 | T73: CNP ППК26114 | U73: ППК26114, (30.06.2026) [CNP] | Y73: not needed — CNP covers A, B and foreign matter
A74: 73 | B74: initial release | C74: not needed | D74: =IFERROR(INDEX('CoQ Register'!$B:$B,MATCH("P060412|I",'CoQ Register'!$S:$S,0)),"—") | E74: iCoA-PP-2026-0025 / CoQ-PP-2026-0025 | F74: post-SOP | G74: 24.05.2026 | H74: 24.05.2026 | I74: 29.05.2026 | J74: =IFERROR(INDEX('CoQ Register'!$D:$D,MATCH("P060412|I",'CoQ Register'!$S:$S,0)),"") | K74: JD012603 | L74: P060412 | N74: 04.05.2026 | O74: 24.05.2026 | P74: 24.05.2026 | Q74: — all three on the CNP certificate — | R74: CNP ППК26111 | S74: CNP ППК26111 | T74: CNP ППК26111 | U74: ППК26111, (30.06.2026) [CNP] | Y74: not needed — CNP covers A, B and foreign matter
A75: 74 | B75: initial release | C75: =IFERROR(INDEX('iCoA Register'!$B:$B,MATCH("P060342|I",'iCoA Register'!$P:$P,0)),"— at issue —") | D75: =IFERROR(INDEX('CoQ Register'!$B:$B,MATCH("P060342|I",'CoQ Register'!$S:$S,0)),"—") | E75: — | F75: post-SOP | G75: 25.05.2026 | H75: 25.05.2026 | I75: 01.06.2026 | J75: =IFERROR(INDEX('CoQ Register'!$D:$D,MATCH("P060342|I",'CoQ Register'!$S:$S,0)),"") | K75: SCR012601* | L75: P060342 | M75: Scrambler | N75: 16.04.2026 | O75: 25.05.2026 | P75: 25.05.2026 | Q75: Ident A + Ident B + Foreign matter | R75: Conforms | S75: Conforms | T75: Conforms | U75: — no cannabinoid certificate from the initial testing — | Y75: not yet issuable — not in icoa_register.py — the register numbers the series and does not carry this round
