Workbook
Name _fold_Read_Me: Reference!$A$2:$A$66
Name _fold_Delivery_T1_T3: Reference!$A$70:$A$150
Name _fold_ImB_Register: Reference!$A$154:$A$199
Name _fold_Mikro_CoQ_Parameter: Reference!$A$203:$A$341
Name _fold_Reconciliation_09_09: Reference!$A$345:$A$601
Name _fold_Credit_Audit: Reference!$A$605:$A$618
Name _fold_Credit_Corrections: Reference!$A$622:$A$756
Name _fold_Work_Order: Reference!$A$760:$A$799
Name _fold_Open_Items: Reference!$A$803:$A$836
Name _fold_Summary_Dashboard: Reference!$A$840:$A$860

Sheet Batch Coverage
A1: CU Batch | B1: P Batch | C1: Strain | D1: Status | E1: 1 Identification A — Appearance | F1: 2 Identification B — Microscopy | G1: 3 Identification C — HPLC | H1: 4 Assay — Total Δ⁹-THC | I1: 5 Assay — Total CBD | J1: 6 Total CBN | K1: 7 Foreign Matter | L1: 8 Loss on Drying | M1: 9 Microbiological Purity | N1: 10 Mycotoxins | O1: 11 Heavy Metals | P1: 12 Pesticide Residues | Q1: Missing (n) | R1: Missing parameters | S1: Certificates (n) | T1: Labs present | U1: On file, not recorded (n) | V1: Labs on file, not recorded
A2: BG1024 | B2: — not assigned — | C2: Blue Gelato | D2: ✓ COMPLETE | E2: ✓ | F2: ✓ | G2: ✓ | H2: ✓ | I2: ✓ | J2: ✓ | K2: ✓ | L2: ✓ | M2: ✓ | N2: ✓ | O2: ✓ | P2: ✓ | Q2: 0 | R2: — | S2: 6 | T2: [CNP] 1; [FHM-K] 1; [FHM-M] 1; [IJZ] 1; [IJZ-MB] 1; [PP] 1 | U2: 0 | V2: —
A3: BSS1024 | B3: — not assigned — | C3: Blue Sunset Sherbet | D3: ✓ COMPLETE | E3: ✓ | F3: ✓ | G3: ✓ | H3: ✓ | I3: ✓ | J3: ✓ | K3: ✓ | L3: ✓ | M3: ✓ | N3: ✓ | O3: ✓ | P3: ✓ | Q3: 0 | R3: — | S3: 6 | T3: [CNP] 1; [FHM-K] 1; [FHM-M] 1; [IJZ] 1; [IJZ-MB] 1; [PP] 1 | U3: 0 | V3: —
A4: CC112501 | B4: P060272 | C4: Cash Cow | D4: ✓ COMPLETE | E4: ✓ | F4: ✓ | G4: ✓ | H4: ✓ | I4: ✓ | J4: ✓ | K4: ✓ | L4: ✓ | M4: ✓ | N4: ✓ | O4: ✓ | P4: ✓ | Q4: 0 | R4: — | S4: 6 | T4: [CNP] 1; [FHM-K] 1; [IJZ] 1; [IJZ-MB] 2; [PP] 1 | U4: 0 | V4: —
A5: CJ1024 | B5: — not assigned — | C5: Cap Junky | D5: ✓ COMPLETE | E5: ✓ | F5: ✓ | G5: ✓ | H5: ✓ | I5: ✓ | J5: ✓ | K5: ✓ | L5: ✓ | M5: ✓ | N5: ✓ | O5: ✓ | P5: ✓ | Q5: 0 | R5: — | S5: 6 | T5: [CNP] 1; [FHM-K] 1; [IJZ] 1; [IJZ-MB] 2; [PP] 1 | U5: 0 | V5: —
A6: FB012601_1 | B6: P060322 | C6: Fat Bastard | D6: ✓ COMPLETE | E6: ✓ | F6: ✓ | G6: ✓ | H6: ✓ | I6: ✓ | J6: ✓ | K6: ✓ | L6: ✓ | M6: ✓ | N6: ✓ | O6: ✓ | P6: ✓ | Q6: 0 | R6: — | S6: 5 | T6: [CNP] 1; [FHM-M] 1; [IJZ] 1; [IJZ-MB] 1; [PP] 1 | U6: 0 | V6: —
A7: FB012603 | B7: P060432 | C7: Fat Bastard | D7: ○ 3 ON FILE, NOT RECORDED | E7: ✓ | F7: ✓ | G7: ✓ | H7: ✓ | I7: ✓ | J7: ✓ | K7: ✓ | L7: ✓ | M7: ✓ | N7: ○ | O7: ○ | P7: ○ | Q7: 3 | R7: #10 Mycotoxins (on file 09.09, not recorded); #11 Heavy metals (on file 09.09, not recorded); #12 Pesticides (on file 09.09, not recorded) | S7: 3 | T7: [CNP] 1; [FHM-K] 1; [IJZ-MB] 1 | U7: 1 | V7: [IJZ] 1
A8: FB012603V | B8: P060392 | C8: Fat Bastard | D8: ○ 3 ON FILE, NOT RECORDED | E8: ✓ | F8: ✓ | G8: ✓ | H8: ✓ | I8: ✓ | J8: ✓ | K8: ✓ | L8: ✓ | M8: ✓ | N8: ○ | O8: ○ | P8: ○ | Q8: 3 | R8: #10 Mycotoxins (on file 09.09, not recorded); #11 Heavy metals (on file 09.09, not recorded); #12 Pesticides (on file 09.09, not recorded) | S8: 3 | T8: [CNP] 1; [FHM-K] 1; [IJZ-MB] 1 | U8: 1 | V8: [IJZ] 1
A9: FB032601 | B9: P060452 | C9: Fat Bastard | D9: ○ 4 ON FILE, NOT RECORDED | E9: ✓ | F9: ✓ | G9: ✓ | H9: ✓ | I9: ✓ | J9: ✓ | K9: ✓ | L9: ✓ | M9: ○ | N9: ○ | O9: ○ | P9: ○ | Q9: 4 | R9: #9 Microbiology (on file 09.09, not recorded); #10 Mycotoxins (on file 09.09, not recorded); #11 Heavy metals (on file 09.09, not recorded); #12 Pesticides (on file 09.09, not recorded) | S9: 1 | T9: [CNP] 1 | U9: 2 | V9: [IJZ] 1; [IJZ-MB] 1
A10: FB112501 | B10: P060292 | C10: Fat Bastard | D10: ✓ COMPLETE | E10: ✓ | F10: ✓ | G10: ✓ | H10: ✓ | I10: ✓ | J10: ✓ | K10: ✓ | L10: ✓ | M10: ✓ | N10: ✓ | O10: ✓ | P10: ✓ | Q10: 0 | R10: — | S10: 6 | T10: [CNP] 1; [FHM-K] 1; [IJZ] 1; [IJZ-MB] 2; [PP] 1 | U10: 0 | V10: —
A11: GG012601＊ | B11: P060302 | C11: Gorilla Glue | D11: ✓ COMPLETE | E11: ✓ | F11: ✓ | G11: ✓ | H11: ✓ | I11: ✓ | J11: ✓ | K11: ✓ | L11: ✓ | M11: ✓ | N11: ✓ | O11: ✓ | P11: ✓ | Q11: 0 | R11: — | S11: 6 | T11: [CNP] 1; [FHM-K] 1; [IJZ] 1; [IJZ-MB] 2; [PP] 1 | U11: 0 | V11: —
A12: GG012603 | B12: P060402 | C12: Gorilla Glue | D12: ○ 3 ON FILE, NOT RECORDED | E12: ✓ | F12: ✓ | G12: ✓ | H12: ✓ | I12: ✓ | J12: ✓ | K12: ✓ | L12: ✓ | M12: ○ | N12: ✓ | O12: ○ | P12: ○ | Q12: 3 | R12: #9 Microbiology (on file 09.09, not recorded); #11 Heavy metals (on file 09.09, not recorded); #12 Pesticides (on file 09.09, not recorded) | S12: 3 | T12: [CNP] 1; [FHM-K] 1; [FHM-M] 1 | U12: 2 | V12: [IJZ] 1; [IJZ-MB] 1
A13: GG032601 | B13: P060462 | C13: Gorilla Glue | D13: ❌ 4 MISSING | E13: ✓ | F13: ✓ | G13: ✓ | H13: ✓ | I13: ✓ | J13: ✓ | K13: ✓ | L13: ✓ | M13: ✗ | N13: ○ | O13: ✗ | P13: ○ | Q13: 4 | R13: #9 Microbiology; #10 Mycotoxins (on file 09.09, not recorded); #11 Heavy metals; #12 Pesticides (on file 09.09, not recorded) | S13: 1 | T13: [CNP] 1 | U13: 1 | V13: [IJZ] 1
... A15: GG112501 | B15: P060252 | C15: Gorilla Glue | D15: ✓ COMPLETE | E15: ✓ | F15: ✓ | G15: ✓ | H15: ✓ | I15: ✓ | J15: ✓ | K15: ✓ | L15: ✓ | M15: ✓ | N15: ✓ | O15: ✓ | P15: ✓ | Q15: 0 | R15: — | S15: 6 | T15: [CNP] 1; [FHM-K] 1; [IJZ] 1; [IJZ-MB] 2; [PP] 1 | U15: 0 | V15: —
A16: GRC102501 | B16: P060142 / P060182 | D16: ○ 2 ON FILE, NOT RECORDED | E16: ✓ | F16: ✓ | G16: ✓ | H16: ✓ | I16: ✓ | J16: ✓ | K16: ✓ | L16: ✓ | M16: ✓ | N16: ✓ | O16: ○ | P16: ○ | Q16: 2 | R16: #11 Heavy metals (on file 09.09, not recorded); #12 Pesticides (on file 09.09, not recorded) | S16: 7 | T16: [FHM-K] 3; [FHM-M] 1; [IJZ-MB] 1; [PP] 2 | U16: 1 | V16: [IJZ] 1
A17: HPA1024 | B17: — not assigned — | C17: High Pro Amnesia | D17: ❌ 4 MISSING | E17: ✓ | F17: ✓ | G17: ✓ | H17: ✓ | I17: ✓ | J17: ✓ | K17: ✓ | L17: ✗ | M17: ✗ | N17: ✓ | O17: ✗ | P17: ✗ | Q17: 4 | R17: #8 LoD; #9 Microbiology; #11 Heavy metals; #12 Pesticides | S17: 4 | T17: [FHM-K] 1; [FHM-M] 1; [PP] 2 | U17: 0 | V17: —
A18: J31102501 | B18: P060152 | C18: Jokerz 31 | D18: ○ 3 ON FILE, NOT RECORDED | E18: ✓ | F18: ✓ | G18: ✓ | H18: ✓ | I18: ✓ | J18: ✓ | K18: ✓ | L18: ✓ | M18: ○ | N18: ✓ | O18: ○ | P18: ○ | Q18: 3 | R18: #9 Microbiology (on file 09.09, not recorded); #11 Heavy metals (on file 09.09, not recorded); #12 Pesticides (on file 09.09, not recorded) | S18: 5 | T18: [FHM-K] 3; [FHM-M] 1; [PP] 1 | U18: 2 | V18: [IJZ] 1; [IJZ-MB] 1
A19: J31112501 | B19: P060202 | C19: Jokerz 31 | D19: ○ 3 ON FILE, NOT RECORDED | E19: ✓ | F19: ✓ | G19: ✓ | H19: ✓ | I19: ✓ | J19: ✓ | K19: ✓ | L19: ✓ | M19: ✓ | N19: ○ | O19: ○ | P19: ○ | Q19: 3 | R19: #10 Mycotoxins (on file 09.09, not recorded); #11 Heavy metals (on file 09.09, not recorded); #12 Pesticides (on file 09.09, not recorded) | S19: 9 | T19: [FHM-K] 7; [IJZ-MB] 1; [PP] 1 | U19: 1 | V19: [IJZ] 1
A20: J31122501 | B20: P060262 | C20: Jokerz 31 | D20: ⚠ 1 MISSING | E20: ✓ | F20: ✓ | G20: ✓ | H20: ✓ | I20: ✓ | J20: ✓ | K20: ✓ | L20: ✗ | M20: ✓ | N20: ✓ | O20: ✓ | P20: ✓ | Q20: 1 | R20: #8 LoD | S20: 9 | T20: [FHM-K] 3; [IJZ] 2; [IJZ-MB] 3; [PP] 1 | U20: 0 | V20: —
A21: JD012601＊ | B21: P060312 | C21: Jelly Donutz | D21: ✓ COMPLETE | E21: ✓ | F21: ✓ | G21: ✓ | H21: ✓ | I21: ✓ | J21: ✓ | K21: ✓ | L21: ✓ | M21: ✓ | N21: ✓ | O21: ✓ | P21: ✓ | Q21: 0 | R21: — | S21: 6 | T21: [CNP] 1; [FHM-K] 1; [IJZ] 1; [IJZ-MB] 2; [PP] 1 | U21: 0 | V21: —
A22: JD012603 | B22: P060362 / P060412 / P060422 | D22: ○ 3 ON FILE, NOT RECORDED | E22: ✓ | F22: ✓ | G22: ✓ | H22: ✓ | I22: ✓ | J22: ✓ | K22: ✓ | L22: ✓ | M22: ○ | N22: ✓ | O22: ○ | P22: ○ | Q22: 3 | R22: #9 Microbiology (on file 09.09, not recorded); #11 Heavy metals (on file 09.09, not recorded); #12 Pesticides (on file 09.09, not recorded) | S22: 5 | T22: [CNP] 2; [FHM-M] 3 | U22: 5 | V22: [IJZ] 2; [IJZ-MB] 3
A23: JD022601 | B23: P060482 | C23: Jelly Donutz | D23: ○ 4 ON FILE, NOT RECORDED | E23: ✓ | F23: ✓ | G23: ✓ | H23: ✓ | I23: ✓ | J23: ✓ | K23: ✓ | L23: ✓ | M23: ○ | N23: ○ | O23: ○ | P23: ○ | Q23: 4 | R23: #9 Microbiology (on file 09.09, not recorded); #10 Mycotoxins (on file 09.09, not recorded); #11 Heavy metals (on file 09.09, not recorded); #12 Pesticides (on file 09.09, not recorded) | S23: 1 | T23: [CNP] 1 | U23: 2 | V23: [IJZ] 1; [IJZ-MB] 1
A24: JD112501 | B24: P060212 | C24: Jelly Donutz | D24: ✓ COMPLETE | E24: ✓ | F24: ✓ | G24: ✓ | H24: ✓ | I24: ✓ | J24: ✓ | K24: ✓ | L24: ✓ | M24: ✓ | N24: ✓ | O24: ✓ | P24: ✓ | Q24: 0 | R24: — | S24: 6 | T24: [CNP] 1; [FHM-K] 1; [FHM-M] 1; [IJZ] 1; [IJZ-MB] 1; [PP] 1 | U24: 0 | V24: —
A25: JD112501＊ | B25: — not assigned — | C25: Jelly Donutz | D25: ✓ COMPLETE | E25: ✓ | F25: ✓ | G25: ✓ | H25: ✓ | I25: ✓ | J25: ✓ | K25: ✓ | L25: ✓ | M25: ✓ | N25: ✓ | O25: ✓ | P25: ✓ | Q25: 0 | R25: — | S25: 4 | T25: [CNP] 1; [IJZ] 1; [IJZ-MB] 1; [PP] 1 | U25: 0 | V25: —
A26: KC102501 | B26: P060172 | C26: Kush Crasher | D26: ○ 3 ON FILE, NOT RECORDED | E26: ✓ | F26: ✓ | G26: ✓ | H26: ✓ | I26: ✓ | J26: ✓ | K26: ✓ | L26: ✓ | M26: ○ | N26: ✓ | O26: ○ | P26: ○ | Q26: 3 | R26: #9 Microbiology (on file 09.09, not recorded); #11 Heavy metals (on file 09.09, not recorded); #12 Pesticides (on file 09.09, not recorded) | S26: 4 | T26: [FHM-K] 2; [FHM-M] 1; [PP] 1 | U26: 2 | V26: [IJZ] 1; [IJZ-MB] 1
A27: OPM1024 | B27: — not assigned — | C27: Orange Punch Mimosa | D27: ❌ 4 MISSING | E27: ✓ | F27: ✓ | G27: ✓ | H27: ✓ | I27: ✓ | J27: ✓ | K27: ✓ | L27: ✗ | M27: ✗ | N27: ✓ | O27: ✗ | P27: ✗ | Q27: 4 | R27: #8 LoD; #9 Microbiology; #11 Heavy metals; #12 Pesticides | S27: 4 | T27: [FHM-K] 1; [FHM-M] 1; [PP] 2 | U27: 0 | V27: —
A28: OPM112501 | B28: P060222 | C28: Orange Punch Mimosa | D28: ⚠ 3 MISSING | E28: ✓ | F28: ✓ | G28: ✓ | H28: ✓ | I28: ✓ | J28: ✓ | K28: ✓ | L28: ✓ | M28: ✓ | N28: ✗ | O28: ○ | P28: ○ | Q28: 3 | R28: #10 Mycotoxins; #11 Heavy metals (on file 09.09, not recorded); #12 Pesticides (on file 09.09, not recorded) | S28: 4 | T28: [CNP] 1; [FHM-K] 1; [IJZ-MB] 1; [PP] 1 | U28: 1 | V28: [IJZ] 1
A29: OPM122501 | B29: P060242 | C29: Orange Punch Mimosa | D29: ✓ COMPLETE | E29: ✓ | F29: ✓ | G29: ✓ | H29: ✓ | I29: ✓ | J29: ✓ | K29: ✓ | L29: ✓ | M29: ✓ | N29: ✓ | O29: ✓ | P29: ✓ | Q29: 0 | R29: — | S29: 7 | T29: [FHM-K] 3; [FHM-M] 1; [IJZ] 1; [IJZ-MB] 1; [PP] 1 | U29: 0 | V29: —
A30: GG1024_02 | B30: P050012 | C30: Gorilla Glue | D30: ✓ COMPLETE | E30: ✓ | F30: ✓ | G30: ✓ | H30: ✓ | I30: ✓ | J30: ✓ | K30: ✓ | L30: ✓ | M30: ✓ | N30: ✓ | O30: ✓ | P30: ✓ | Q30: 0 | R30: — | S30: 6 | T30: [CNP] 1; [FHM-K] 1; [IJZ] 1; [IJZ-MB] 2; [PP] 1 | U30: 0 | V30: —
A31: GP0824_02 | B31: P050022 | C31: Grape Pie | D31: ✓ COMPLETE | E31: ✓ | F31: ✓ | G31: ✓ | H31: ✓ | I31: ✓ | J31: ✓ | K31: ✓ | L31: ✓ | M31: ✓ | N31: ✓ | O31: ✓ | P31: ✓ | Q31: 0 | R31: — | S31: 12 | T31: [CNP] 5; [FHM-K] 1; [FHM-M] 1; [IJZ] 2; [IJZ-MB] 2; [PP] 1 | U31: 0 | V31: —
A32: MB0824_04 | B32: P050032 | C32: Motor Breath | D32: ✓ COMPLETE | E32: ✓ | F32: ✓ | G32: ✓ | H32: ✓ | I32: ✓ | J32: ✓ | K32: ✓ | L32: ✓ | M32: ✓ | N32: ✓ | O32: ✓ | P32: ✓ | Q32: 0 | R32: — | S32: 6 | T32: [CNP] 1; [FHM-K] 1; [IJZ] 1; [IJZ-MB] 2; [PP] 1 | U32: 0 | V32: —
A33: OMP1024_01 | B33: P050042 | C33: Orange Punch Mimosa | D33: ✓ COMPLETE | E33: ✓ | F33: ✓ | G33: ✓ | H33: ✓ | I33: ✓ | J33: ✓ | K33: ✓ | L33: ✓ | M33: ✓ | N33: ✓ | O33: ✓ | P33: ✓ | Q33: 0 | R33: — | S33: 5 | T33: [CNP] 1; [FHM-M] 1; [IJZ] 1; [IJZ-MB] 1; [PP] 1 | U33: 0 | V33: —
A34: HPA1024_01 | B34: P050052 | C34: High Pro Amnesia | D34: ✓ COMPLETE | E34: ✓ | F34: ✓ | G34: ✓ | H34: ✓ | I34: ✓ | J34: ✓ | K34: ✓ | L34: ✓ | M34: ✓ | N34: ✓ | O34: ✓ | P34: ✓ | Q34: 0 | R34: — | S34: 6 | T34: [CNP] 1; [FHM-K] 1; [FHM-M] 1; [IJZ] 1; [IJZ-MB] 1; [PP] 1 | U34: 0 | V34: —
... A67: GP092501 | B67: P060092 | C67: Grape Pie | D67: ✓ COMPLETE | E67: ✓ | F67: ✓ | G67: ✓ | H67: ✓ | I67: ✓ | J67: ✓ | K67: ✓ | L67: ✓ | M67: ✓ | N67: ✓ | O67: ✓ | P67: ✓ | Q67: 0 | R67: — | S67: 5 | T67: [CNP] 1; [FHM-M] 1; [IJZ] 1; [IJZ-MB] 1; [PP] 1 | U67: 0 | V67: —
A68: CC012601/1 | B68: P060332 | D68: ❌ 4 MISSING | E68: ✓ | F68: ✓ | G68: ✓ | H68: ✓ | I68: ✓ | J68: ✓ | K68: ✓ | L68: ✗ | M68: ○ | N68: ✓ | O68: ✗ | P68: ✗ | Q68: 4 | R68: #8 LoD; #9 Microbiology (on file 09.09, not recorded); #11 Heavy metals; #12 Pesticides | S68: 3 | T68: [FHM-K] 1; [FHM-M] 1; [PP] 1 | U68: 1 | V68: [IJZ-MB] 1
A69: FB012602* | B69: P060352 | C69: Fat Bastard | D69: ❌ 4 MISSING | E69: ✓ | F69: ✓ | G69: ✓ | H69: ✓ | I69: ✓ | J69: ✓ | K69: ✓ | L69: ✗ | M69: ○ | N69: ✓ | O69: ✗ | P69: ✗ | Q69: 4 | R69: #8 LoD; #9 Microbiology (on file 09.09, not recorded); #11 Heavy metals; #12 Pesticides | S69: 3 | T69: [FHM-K] 1; [FHM-M] 1; [PP] 1 | U69: 1 | V69: [IJZ-MB] 1
A70: SCR012603 | B70: P060382 | C70: Scrambler | D70: ❌ 4 MISSING | E70: ✓ | F70: ✓ | G70: ✓ | H70: ✓ | I70: ✓ | J70: ✓ | K70: ✓ | L70: ✗ | M70: ○ | N70: ✓ | O70: ✗ | P70: ✗ | Q70: 4 | R70: #8 LoD; #9 Microbiology (on file 09.09, not recorded); #11 Heavy metals; #12 Pesticides | S70: 3 | T70: [FHM-K] 1; [FHM-M] 1; [PP] 1 | U70: 1 | V70: [IJZ-MB] 1
A71: — not recorded — (P160012) | B71: P160012 | D71: ○ 4 ON FILE, NOT RECORDED | E71: ✓ | F71: ✓ | G71: ✓ | H71: ✓ | I71: ✓ | J71: ✓ | K71: ✓ | L71: ✓ | M71: ○ | N71: ○ | O71: ○ | P71: ○ | Q71: 4 | R71: #9 Microbiology (on file 09.09, not recorded); #10 Mycotoxins (on file 09.09, not recorded); #11 Heavy metals (on file 09.09, not recorded); #12 Pesticides (on file 09.09, not recorded) | S71: 1 | T71: [CNP] 1 | U71: 2 | V71: [IJZ] 1; [IJZ-MB] 1
A72: — not recorded — (P160022) | B72: P160022 | D72: ○ 4 ON FILE, NOT RECORDED | E72: ✓ | F72: ✓ | G72: ✓ | H72: ✓ | I72: ✓ | J72: ✓ | K72: ✓ | L72: ✓ | M72: ○ | N72: ○ | O72: ○ | P72: ○ | Q72: 4 | R72: #9 Microbiology (on file 09.09, not recorded); #10 Mycotoxins (on file 09.09, not recorded); #11 Heavy metals (on file 09.09, not recorded); #12 Pesticides (on file 09.09, not recorded) | S72: 1 | T72: [CNP] 1 | U72: 2 | V72: [IJZ] 1; [IJZ-MB] 1
A73: — not recorded — (P160032) | B73: P160032 | D73: ○ 4 ON FILE, NOT RECORDED | E73: ✓ | F73: ✓ | G73: ✓ | H73: ✓ | I73: ✓ | J73: ✓ | K73: ✓ | L73: ✓ | M73: ○ | N73: ○ | O73: ○ | P73: ○ | Q73: 4 | R73: #9 Microbiology (on file 09.09, not recorded); #10 Mycotoxins (on file 09.09, not recorded); #11 Heavy metals (on file 09.09, not recorded); #12 Pesticides (on file 09.09, not recorded) | S73: 1 | T73: [CNP] 1 | U73: 2 | V73: [IJZ] 1; [IJZ-MB] 1
A74: PM112501 | B74: P060232 | C74: Permanent Market | D74: ○ 3 ON FILE, NOT RECORDED | E74: ✓ | F74: ✓ | G74: ✓ | H74: ✓ | I74: ✓ | J74: ✓ | K74: ✓ | L74: ✓ | M74: ○ | N74: ✓ | O74: ○ | P74: ○ | Q74: 3 | R74: #9 Microbiology (on file 09.09, not recorded); #11 Heavy metals (on file 09.09, not recorded); #12 Pesticides (on file 09.09, not recorded) | S74: 3 | T74: [CNP] 1; [FHM-M] 1; [PP] 1 | U74: 2 | V74: [IJZ] 1; [IJZ-MB] 1
A75: SCR022601 | B75: P060442 | C75: Scrambler | D75: ○ 3 ON FILE, NOT RECORDED | E75: ✓ | F75: ✓ | G75: ✓ | H75: ✓ | I75: ✓ | J75: ✓ | K75: ✓ | L75: ✓ | M75: ✓ | N75: ○ | O75: ○ | P75: ○ | Q75: 3 | R75: #10 Mycotoxins (on file 09.09, not recorded); #11 Heavy metals (on file 09.09, not recorded); #12 Pesticides (on file 09.09, not recorded) | S75: 3 | T75: [CNP] 1; [FHM-K] 1; [IJZ-MB] 1 | U75: 1 | V75: [IJZ] 1
A76: SCR112501 | B76: P060282 | C76: Scrambler | D76: ✓ COMPLETE | E76: ✓ | F76: ✓ | G76: ✓ | H76: ✓ | I76: ✓ | J76: ✓ | K76: ✓ | L76: ✓ | M76: ✓ | N76: ✓ | O76: ✓ | P76: ✓ | Q76: 0 | R76: — | S76: 5 | T76: [CNP] 1; [FHM-M] 1; [IJZ] 1; [IJZ-MB] 1; [PP] 1 | U76: 0 | V76: —
A77: SJ102501 | B77: P060162 | C77: Sleepy Joy | D77: ⚠ 3 MISSING | E77: ✓ | F77: ✓ | G77: ✓ | H77: ✓ | I77: ✓ | J77: ✓ | K77: ✓ | L77: ✓ | M77: ✓ | N77: ✗ | O77: ✗ | P77: ○ | Q77: 3 | R77: #10 Mycotoxins; #11 Heavy metals; #12 Pesticides (on file 09.09, not recorded) | S77: 5 | T77: [FHM-K] 3; [IJZ-MB] 1; [PP] 1 | U77: 1 | V77: [IJZ] 1
A78: SJ112501 | B78: P060192 | C78: Sleepy Joy | D78: ○ 4 ON FILE, NOT RECORDED | E78: ✓ | F78: ✓ | G78: ✓ | H78: ✓ | I78: ✓ | J78: ✓ | K78: ✓ | L78: ✓ | M78: ○ | N78: ○ | O78: ○ | P78: ○ | Q78: 4 | R78: #9 Microbiology (on file 09.09, not recorded); #10 Mycotoxins (on file 09.09, not recorded); #11 Heavy metals (on file 09.09, not recorded); #12 Pesticides (on file 09.09, not recorded) | S78: 4 | T78: [FHM-K] 3; [PP] 1 | U78: 2 | V78: [IJZ] 1; [IJZ-MB] 1
A79: BSS1024_01/2 | B79: P050142 | C79: Blue Sunset Sherbet | D79: ❌ 4 MISSING | E79: ✓ | F79: ✓ | G79: ✓ | H79: ✓ | I79: ✓ | J79: ✓ | K79: ✓ | L79: ✗ | M79: ✓ | N79: ✗ | O79: ✗ | P79: ✗ | Q79: 4 | R79: #8 LoD; #10 Mycotoxins; #11 Heavy metals; #12 Pesticides | S79: 3 | T79: [FHM-K] 1; [IJZ-MB] 1; [PP] 1 | U79: 0 | V79: —
A80: WED102501 | B80: P060102 | C80: Wedding Cake | D80: ○ 4 ON FILE, NOT RECORDED | E80: ✓ | F80: ✓ | G80: ✓ | H80: ✓ | I80: ✓ | J80: ✓ | K80: ✓ | L80: ○ | M80: ✓ | N80: ○ | O80: ○ | P80: ○ | Q80: 4 | R80: #8 LoD (on file 09.09, not recorded); #10 Mycotoxins (on file 09.09, not recorded); #11 Heavy metals (on file 09.09, not recorded); #12 Pesticides (on file 09.09, not recorded) | S80: 3 | T80: [FHM-K] 1; [IJZ-MB] 1; [PP] 1 | U80: 2 | V80: [FHM] 1; [IJZ] 1
A81: SCR012601* | B81: P060342 | C81: Scrambler | D81: ❌ 4 MISSING | E81: ✓ | F81: ✓ | G81: ✓ | H81: ✓ | I81: ✓ | J81: ✓ | K81: ✓ | L81: ✗ | M81: ✓ | N81: ✗ | O81: ✗ | P81: ✗ | Q81: 4 | R81: #8 LoD; #10 Mycotoxins; #11 Heavy metals; #12 Pesticides | S81: 3 | T81: [FHM-K] 1; [IJZ-MB] 1; [PP] 1 | U81: 0 | V81: —
A82: ACC102501 | B82: P060122 | C82: Amnesia Core Cut | D82: ○ 8 ON FILE, NOT RECORDED | E82: ✓ | F82: ✓ | G82: ○ | H82: ○ | I82: ○ | J82: ○ | K82: ✓ | L82: ○ | M82: ○ | N82: ✓ | O82: ○ | P82: ○ | Q82: 8 | R82: #3 Ident. C (on file 09.09, not recorded); #4 Δ⁹-THC (on file 09.09, not recorded); #5 CBD (on file 09.09, not recorded); #6 CBN (on file 09.09, not recorded); #8 LoD (on file 09.09, not recorded); #9 Microbiology (on file 09.09, not recorded); #11 Heavy metals (on file 09.09, not recorded); #12 Pesticides (on file 09.09, not recorded) | S82: 2 | T82: [FHM-M] 1; [PP] 1 | U82: 1 | V82: [IJZ-MB] 1
A83: CF102501 | B83: P060132 | C83: Chem Flyer | D83: ○ 8 ON FILE, NOT RECORDED | E83: ✓ | F83: ✓ | G83: ○ | H83: ○ | I83: ○ | J83: ○ | K83: ✓ | L83: ○ | M83: ○ | N83: ✓ | O83: ○ | P83: ○ | Q83: 8 | R83: #3 Ident. C (on file 09.09, not recorded); #4 Δ⁹-THC (on file 09.09, not recorded); #5 CBD (on file 09.09, not recorded); #6 CBN (on file 09.09, not recorded); #8 LoD (on file 09.09, not recorded); #9 Microbiology (on file 09.09, not recorded); #11 Heavy metals (on file 09.09, not recorded); #12 Pesticides (on file 09.09, not recorded) | S83: 2 | T83: [FHM-M] 1; [PP] 1 | U83: 1 | V83: [IJZ-MB] 1
A84: PUM102501 | B84: P060112 | C84: Pure Michigen | D84: ○ 8 ON FILE, NOT RECORDED | E84: ✓ | F84: ✓ | G84: ○ | H84: ○ | I84: ○ | J84: ○ | K84: ✓ | L84: ○ | M84: ○ | N84: ✓ | O84: ○ | P84: ○ | Q84: 8 | R84: #3 Ident. C (on file 09.09, not recorded); #4 Δ⁹-THC (on file 09.09, not recorded); #5 CBD (on file 09.09, not recorded); #6 CBN (on file 09.09, not recorded); #8 LoD (on file 09.09, not recorded); #9 Microbiology (on file 09.09, not recorded); #11 Heavy metals (on file 09.09, not recorded); #12 Pesticides (on file 09.09, not recorded) | S84: 2 | T84: [FHM-M] 1; [PP] 1 | U84: 1 | V84: [IJZ-MB] 1
A85: CC012603 | B85: P060372 | C85: Cash Cow | D85: ❌ 8 MISSING | E85: ✓ | F85: ✓ | G85: ✗ | H85: ✗ | I85: ✗ | J85: ✗ | K85: ✓ | L85: ✗ | M85: ○ | N85: ✓ | O85: ✗ | P85: ✗ | Q85: 8 | R85: #3 Ident. C; #4 Δ⁹-THC; #5 CBD; #6 CBN; #8 LoD; #9 Microbiology (on file 09.09, not recorded); #11 Heavy metals; #12 Pesticides | S85: 2 | T85: [FHM-M] 1; [PP] 1 | U85: 1 | V85: [IJZ-MB] 1
... A88: CC042601 | B88: — not assigned — | C88: Cash Cow | D88: ❌ 8 MISSING | E88: ✓ | F88: ✓ | G88: ✗ | H88: ✗ | I88: ✗ | J88: ✗ | K88: ✓ | L88: ✗ | M88: ✗ | N88: ✓ | O88: ✗ | P88: ✗ | Q88: 8 | R88: #3 Ident. C; #4 Δ⁹-THC; #5 CBD; #6 CBN; #8 LoD; #9 Microbiology; #11 Heavy metals; #12 Pesticides | S88: 2 | T88: [FHM-M] 1; [PP] 1 | U88: 0 | V88: —

Sheet CoQ Parameter Tracker v28
A1: BATCH IDENTIFICATION | D1: IDENTIFICATION 1–3 | M1: CANNABINOID ASSAY 4–6 | V1: PHYSICAL 7–8 | AB1: MICROBIOLOGY 9 | AH1: CONTAMINANTS 10–12
A2: CU Batch | B2: P Batch | C2: STATUS | D2: #1 Identification A Appearance · Ph. Eur. mon. 3028 | G2: #2 Identification B Microscopy · Ph. Eur. 2.8.23 | J2: #3 Identification C HPLC · Ph. Eur. 2.2.29 | M2: #4 Assay — Total Δ⁹-THC* Ph. Eur. 2.2.29 (HPLC) | P2: #5 Assay — Total CBD Ph. Eur. 2.2.29 · CBD + CBDA×0.877 | S2: #6 Total CBN Ph. Eur. 2.2.29 · CBN + CBNA×0.876 | V2: #7 Foreign Matter Ph. Eur. 2.8.2 / in-house | Y2: #8 Loss on Drying Ph. Eur. 2.2.32 · 40 °C, 24 h, 15–25 mbar | AB2: #9 Microbiological Purity Ph. Eur. 2.6.12 / 2.6.13 / 2.6.31 · cat. C | AH2: #10 Mycotoxins Ph. Eur. 2.8.18 / 2.8.22 (HPLC-FLD) | AL2: #11 Heavy Metals Ph. Eur. 2.4.27 (ICP-MS) | AQ2: #12 Pesticide Residues Ph. Eur. 2.8.13 (LC-MS/MS) · CUMCS equivalency
D3: A.C.: Conforms to Ph. Eur. monograph 3028 (Cannabis flos) | G3: A.C.: Conforms to Ph. Eur. monograph 3028 (Cannabis flos) | J3: A.C.: Conforms to Ph. Eur. monograph 3028 (Cannabis flos) | M3: A.C.: Per target grade (CoQ §01) | P3: A.C.: ≤ 1.0 % w/w | S3: A.C.: ≤ 1.0 % w/w | V3: A.C.: ≤ 2.0 % (25–50 g); leaves < 1 cm; no seeds | Y3: A.C.: ≤ 12.0 % | AB3: A.C.: ≤ 10⁵ CFU/g | AC3: A.C.: ≤ 10⁴ CFU/g | AD3: A.C.: ≤ 10⁴ CFU/g | AE3: A.C.: Absence / 25 g | AF3: A.C.: Absence / 1 g | AH3: A.C.: ≤ 2 µg/kg | AI3: A.C.: ≤ 4 µg/kg | AJ3: A.C.: ≤ 20 µg/kg | AL3: A.C.: ≤ 0.5 mg/kg | AM3: A.C.: ≤ 0.3 mg/kg | AN3: A.C.: ≤ 0.2 mg/kg | AO3: A.C.: ≤ 0.1 mg/kg | AQ3: A.C.: ≤ LOQ (Ph. Eur. 2.8.13 / CUMCS equivalency)
D4: Result | E4: [eCOA code],[date],[Lab] | F4: ✓ ✗ | G4: Result | H4: [eCOA code],[date],[Lab] | I4: ✓ ✗ | J4: Result | K4: [eCOA code],[date],[Lab] | L4: ✓ ✗ | M4: Result | N4: [eCOA code],[date],[Lab] | O4: ✓ ✗ | P4: Result | Q4: [eCOA code],[date],[Lab] | R4: ✓ ✗ | S4: Result | T4: [eCOA code],[date],[Lab] | U4: ✓ ✗ | V4: Result | W4: [eCOA code],[date],[Lab] | X4: ✓ ✗ | Y4: Result | Z4: [eCOA code],[date],[Lab] | AA4: ✓ ✗ | AB4: TAMC | AC4: TYMC | AD4: GNB | AE4: Salm. | AF4: E. coli | AG4: ✓ ✗ | AH4: AfB₁ | AI4: ΣAf | AJ4: OTA | AK4: ✓ ✗ | AL4: Pb | AM4: Cd | AN4: As | AO4: Hg | AP4: ✓ ✗ | AQ4: Result | AR4: [eCOA code],[date],[Lab] | AS4: ✓ ✗
A5: BG1024 | B5: N/A — no P batch assigned | C5: ✓ COMPLETE 2 testing instances • 2 document(s) on file, not credited | D5: Conforms | E5: =IFERROR(INDEX('iCoA Register'!$B:$B,MATCH("BG1024|I",'iCoA Register'!$AA:$AA,0)),"iCoA — at issue")&", (07.03.2025) [PP]" | F5: ✓ | G5: not on this certificate | H5: ППК25050, (26.02.2025) [CNP] · on file, not credited | I5: • | J5: Conforms (ImB spec.) | K5: ППК25050, (26.02.2025) [CNP] | L5: ✓ | M5: 21.80 | N5: ППК25050, (26.02.2025) [CNP] | O5: ✓ | P5: 0.04 | Q5: ППК25050, (26.02.2025) [CNP] | R5: ✓ | S5: 0.02 ᴰ | T5: ППК25050, (26.02.2025) [CNP] | U5: ✓ | V5: Conforms | W5: =IFERROR(INDEX('iCoA Register'!$B:$B,MATCH("BG1024|I",'iCoA Register'!$AA:$AA,0)),"iCoA — at issue")&", (07.03.2025) [PP]" | X5: ✓ | Y5: 5.73 | Z5: ППК25050, (26.02.2025) [CNP] | AA5: ✓ | AB5: 1.6 × 10⁴ | AC5: 1 × 10⁴ | AD5: < 10² and > 10 | AE5: Absent | AF5: Absent | AG5: ✓ | AH5: ND | AI5: < 2 | AJ5: ND | AK5: ✓ | AL5: 0.01 | AM5: 0.016 | AN5: 0.014 | AO5: 0.005 | AP5: ✓ | AQ5: ≤ LOQ (all 29 compounds) | AR5: 752-2025, (27.02.2025) [IJZ] | AS5: ✓
AB6: 163-0271-25, (24.02.2025) [IJZ-MB] | AH6: 752-2025, (27.02.2025) [IJZ] | AL6: 752-2025, (27.02.2025) [IJZ]
G7: Conforms | H7: =IFERROR(INDEX('iCoA Register'!$B:$B,MATCH("BG1024|I",'iCoA Register'!$AA:$AA,0)),"iCoA — at issue")&", (07.03.2025) [PP]" | I7: ✓ | J7: Conforms (ImB spec.) ᴿ | K7: 197-1-K-26, (07.08.2026) [FHM-K] | L7: ✓ | M7: 26.14 | N7: 197-1-K-26, (07.08.2026) [FHM-K] | O7: ✓ | P7: < LOQ | Q7: 197-1-K-26, (07.08.2026) [FHM-K] | R7: ✓ | S7: 0.28 | T7: 197-1-K-26, (07.08.2026) [FHM-K] | U7: ✓ | Y7: not on this certificate | Z7: 197-1-K-26, (07.08.2026) [FHM-K] · on file, not credited | AA7: • | AH7: ND | AI7: ND | AJ7: ND | AK7: ✓
AH8: 197-1-M-26, (10.08.2026) [FHM-M]
A9: BSS1024 | B9: N/A — no P batch assigned | C9: ✓ COMPLETE 2 testing instances • 2 document(s) on file, not credited | D9: Conforms | E9: =IFERROR(INDEX('iCoA Register'!$B:$B,MATCH("BSS1024|I",'iCoA Register'!$AA:$AA,0)),"iCoA — at issue")&", (04.03.2025) [PP]" | F9: ✓ | G9: not on this certificate | H9: ППК25051, (26.02.2025) [CNP] · on file, not credited | I9: • | J9: Conforms (ImB spec.) | K9: ППК25051, (26.02.2025) [CNP] | L9: ✓ | M9: 21.03 | N9: ППК25051, (26.02.2025) [CNP] | O9: ✓ | P9: 0.04 | Q9: ППК25051, (26.02.2025) [CNP] | R9: ✓ | S9: 0.02 ᴰ | T9: ППК25051, (26.02.2025) [CNP] | U9: ✓ | V9: Conforms | W9: =IFERROR(INDEX('iCoA Register'!$B:$B,MATCH("BSS1024|I",'iCoA Register'!$AA:$AA,0)),"iCoA — at issue")&", (04.03.2025) [PP]" | X9: ✓ | Y9: 5.99 | Z9: ППК25051, (26.02.2025) [CNP] | AA9: ✓ | AB9: 1.5 × 10⁴ | AC9: 2.2 × 10³ | AD9: < 10² and > 10 | AE9: Absent | AF9: Absent | AG9: ✓ | AH9: ND | AI9: < 2 | AJ9: ND | AK9: ✓ | AL9: 0.071 | AM9: 0.014 | AN9: 0.081 | AO9: 0.014 | AP9: ✓ | AQ9: ≤ LOQ (all 29 compounds) | AR9: 751-2025, (27.02.2025) [IJZ] | AS9: ✓
AB10: 161-0269-25, (24.02.2025) [IJZ-MB] | AH10: 751-2025, (27.02.2025) [IJZ] | AL10: 751-2025, (27.02.2025) [IJZ]
G11: Conforms | H11: =IFERROR(INDEX('iCoA Register'!$B:$B,MATCH("BSS1024|I",'iCoA Register'!$AA:$AA,0)),"iCoA — at issue")&", (04.03.2025) [PP]" | I11: ✓ | J11: Conforms (ImB spec.) | K11: 197-2-K-26, (07.08.2026) [FHM-K] | L11: ✓ | M11: 25.01 | N11: 197-2-K-26, (07.08.2026) [FHM-K] | O11: ✓ | P11: < LOQ | Q11: 197-2-K-26, (07.08.2026) [FHM-K] | R11: ✓ | S11: < LOQ | T11: 197-2-K-26, (07.08.2026) [FHM-K] | U11: ✓ | Y11: not on this certificate | Z11: 197-2-K-26, (07.08.2026) [FHM-K] · on file, not credited | AA11: • | AH11: ND | AI11: ND | AJ11: ND | AK11: ✓
AH12: 197-2-M-26, (10.08.2026) [FHM-M]
A13: CC112501 | B13: P060272 | C13: ✓ COMPLETE 2 testing instances • 1 document(s) on file, not credited | D13: Conforms | E13: =IFERROR(INDEX('iCoA Register'!$B:$B,MATCH("P060272|I",'iCoA Register'!$AA:$AA,0)),"iCoA — at issue")&", (18.05.2026) [PP]" | F13: ✓ | G13: not on this certificate | H13: ППК26068, (11.05.2026) [CNP] · on file, not credited | I13: • | J13: Conforms (ImB spec.) | K13: ППК26068, (11.05.2026) [CNP] | L13: ✓ | M13: 13.35 | N13: ППК26068, (11.05.2026) [CNP] | O13: ✓ | P13: 0.04 | Q13: ППК26068, (11.05.2026) [CNP] | R13: ✓ | S13: < LOQ ᴰ | T13: ППК26068, (11.05.2026) [CNP] | U13: ✓ | V13: Conforms | W13: =IFERROR(INDEX('iCoA Register'!$B:$B,MATCH("P060272|I",'iCoA Register'!$AA:$AA,0)),"iCoA — at issue")&", (18.05.2026) [PP]" | X13: ✓ | Y13: 7.39 | Z13: ППК26068, (11.05.2026) [CNP] | AA13: ✓ | AB13: 3.8 × 10³ | AC13: 2.7 × 10³ | AD13: < 10³ and > 10² | AE13: Absent | AF13: Absent | AG13: ✓ | AH13: ND | AI13: < 2 | AJ13: ND | AK13: ✓ | AL13: 0.0289 | AM13: 0.0119 | AN13: 0.016 | AO13: 0.0102 | AP13: ✓ | AQ13: ≤ LOQ (all 29 compounds) | AR13: 2359-2026, (29.04.2026) [IJZ] | AS13: ✓
AB14: 311-0555-26, (28.04.2026) [IJZ-MB] | AH14: 2359-2026, (29.04.2026) [IJZ] | AL14: 2359-2026, (29.04.2026) [IJZ]
G15: Conforms | H15: =IFERROR(INDEX('iCoA Register'!$B:$B,MATCH("P060272|I",'iCoA Register'!$AA:$AA,0)),"iCoA — at issue")&", (18.05.2026) [PP]" | I15: ✓ | J15: Conforms (ImB spec.) | K15: 227-25-K-26, (11.09.2026) [FHM-K] | L15: ✓ | M15: 16.36 | N15: 227-25-K-26, (11.09.2026) [FHM-K] | O15: ✓ | P15: < LOQ | Q15: 227-25-K-26, (11.09.2026) [FHM-K] | R15: ✓ | S15: < LOQ | T15: 227-25-K-26, (11.09.2026) [FHM-K] | U15: ✓ | AB15: 1.6 × 10³ | AC15: 1 × 10³ | AD15: < 10³ and > 10² | AE15: Absent | AF15: Absent | AG15: ✓
AB16: 543-1074-26, (31.08.2026) [IJZ-MB]
A17: CJ1024 | B17: N/A — no P batch assigned | C17: ✓ COMPLETE 2 testing instances • 1 document(s) on file, not credited | D17: Conforms | E17: =IFERROR(INDEX('iCoA Register'!$B:$B,MATCH("CJ1024|I",'iCoA Register'!$AA:$AA,0)),"iCoA — at issue")&", (03.03.2025) [PP]" | F17: ✓ | G17: not on this certificate | H17: ППК25052, (26.02.2025) [CNP] · on file, not credited | I17: • | J17: Conforms (ImB spec.) | K17: ППК25052, (26.02.2025) [CNP] | L17: ✓ | M17: 23.00 | N17: ППК25052, (26.02.2025) [CNP] | O17: ✓ | P17: 0.05 | Q17: ППК25052, (26.02.2025) [CNP] | R17: ✓ | S17: 0.02 ᴰ | T17: ППК25052, (26.02.2025) [CNP] | U17: ✓ | V17: Conforms | W17: =IFERROR(INDEX('iCoA Register'!$B:$B,MATCH("CJ1024|I",'iCoA Register'!$AA:$AA,0)),"iCoA — at issue")&", (03.03.2025) [PP]" | X17: ✓ | Y17: 5.91 | Z17: ППК25052, (26.02.2025) [CNP] | AA17: ✓ | AB17: 8.4 × 10³ | AC17: < 10 | AD17: < 10 | AE17: Absent | AF17: Absent | AG17: ✓ | AH17: ND | AI17: < 2 | AJ17: ND | AK17: ✓ | AL17: 0.036 | AM17: 0.013 | AN17: 0.063 | AO17: 0.006 | AP17: ✓ | AQ17: ≤ LOQ (all 29 compounds) | AR17: 750-2025, (27.02.2025) [IJZ] | AS17: ✓
AB18: 164-0272-25, (24.02.2025) [IJZ-MB] | AH18: 750-2025, (27.02.2025) [IJZ] | AL18: 750-2025, (27.02.2025) [IJZ]
G19: Conforms | H19: =IFERROR(INDEX('iCoA Register'!$B:$B,MATCH("CJ1024|I",'iCoA Register'!$AA:$AA,0)),"iCoA — at issue")&", (03.03.2025) [PP]" | I19: ✓ | J19: Conforms (ImB spec.) | K19: 227-26-K-26, (11.09.2026) [FHM-K] | L19: ✓ | M19: 28.12 | N19: 227-26-K-26, (11.09.2026) [FHM-K] | O19: ✓ | P19: < LOQ | Q19: 227-26-K-26, (11.09.2026) [FHM-K] | R19: ✓ | S19: 0.20 | T19: 227-26-K-26, (11.09.2026) [FHM-K] | U19: ✓ | AB19: < 10 | AC19: 10 | AD19: < 10 | AE19: Absent | AF19: Absent | AG19: ✓
AB20: 565-1096-26, (01.09.2026) [IJZ-MB]
A21: FB012601_1 | B21: P060322 | C21: ✓ COMPLETE 2 testing instances • 1 document(s) on file, not credited | D21: Conforms | E21: =IFERROR(INDEX('iCoA Register'!$B:$B,MATCH("P060322|I",'iCoA Register'!$AA:$AA,0)),"iCoA — at issue")&", (22.05.2026) [PP]" | F21: ✓ | G21: not on this certificate | H21: ППК26067, (11.05.2026) [CNP] · on file, not credited | I21: • | J21: Conforms (ImB spec.) | K21: ППК26067, (11.05.2026) [CNP] | L21: ✓ | M21: 14.68 | N21: ППК26067, (11.05.2026) [CNP] | O21: ✓ | P21: 0.04 | Q21: ППК26067, (11.05.2026) [CNP] | R21: ✓ | S21: < LOQ ᴰ | T21: ППК26067, (11.05.2026) [CNP] | U21: ✓ | V21: Conforms | W21: =IFERROR(INDEX('iCoA Register'!$B:$B,MATCH("P060322|I",'iCoA Register'!$AA:$AA,0)),"iCoA — at issue")&", (22.05.2026) [PP]" | X21: ✓ | Y21: 7.67 | Z21: ППК26067, (11.05.2026) [CNP] | AA21: ✓ | AB21: 2 × 10³ | AC21: 2.1 × 10³ | AD21: < 10 | AE21: Absent | AF21: Absent | AG21: ✓ | AH21: ND | AI21: < 2 | AJ21: ND | AK21: ✓ | AL21: 0.0114 | AM21: 0.017 | AN21: 0.0144 | AO21: 0.0155 | AP21: ✓ | AQ21: ≤ LOQ (all 26 compounds) | AR21: 2362-2026, (30.04.2026) [IJZ] | AS21: ✓
AB22: 308-0552-26, (28.04.2026) [IJZ-MB] | AH22: 2362-2026, (30.04.2026) [IJZ] | AL22: 2362-2026, (30.04.2026) [IJZ]
G23: Conforms | H23: =IFERROR(INDEX('iCoA Register'!$B:$B,MATCH("P060322|I",'iCoA Register'!$AA:$AA,0)),"iCoA — at issue")&", (22.05.2026) [PP]" | I23: ✓ | AH23: ND | AI23: ND | AJ23: ND | AK23: ✓
AH24: 220-8-M-26, (11.09.2026) [FHM-M]
A25: FB012603 | B25: P060432 | C25: ⚠ 3 NO RESULT (3 no cert / 0 cert w/o result) 2 testing instances | D25: Conforms | E25: ППК26112, (30.06.2026) [CNP] | F25: ✓ | G25: Conforms | H25: ППК26112, (30.06.2026) [CNP] | I25: ✓ | J25: Conforms (ImB spec.) | K25: ППК26112, (30.06.2026) [CNP] | L25: ✓ | M25: 20.83 | N25: ППК26112, (30.06.2026) [CNP] | O25: ✓ | P25: 0.21 | Q25: ППК26112, (30.06.2026) [CNP] | R25: ✓ | S25: 0.06 | T25: ППК26112, (30.06.2026) [CNP] | U25: ✓ | V25: Conforms (no value printed) | W25: ППК26112, (30.06.2026) [CNP] | X25: ✓ | Y25: 7.04 | Z25: ППК26112, (30.06.2026) [CNP] | AA25: ✓ | AB25: 9.8 × 10³ | AC25: 2.5 × 10³ | AD25: < 10² and > 10 | AE25: Absent | AF25: Absent | AG25: ✓ | AH25: — MISSING — | AI25: — MISSING — | AJ25: — MISSING — | AK25: ✗ | AL25: — MISSING — | AM25: — MISSING — | AN25: — MISSING — | AO25: — MISSING — | AP25: ✗ | AQ25: — MISSING — | AR25: — no certificate — | AS25: ✗
AB26: 537-1068-26, (31.08.2026) [IJZ-MB] | AH26: — no certificate — | AL26: — no certificate —
J27: Conforms (ImB spec.) | K27: 227-24-K-26, (11.09.2026) [FHM-K] | L27: ✓ | M27: 20.00 | N27: 227-24-K-26, (11.09.2026) [FHM-K] | O27: ✓ | P27: 0.21 | Q27: 227-24-K-26, (11.09.2026) [FHM-K] | R27: ✓ | S27: < LOQ | T27: 227-24-K-26, (11.09.2026) [FHM-K] | U27: ✓
A29: FB012603V | B29: P060392 | C29: ⚠ 3 NO RESULT (3 no cert / 0 cert w/o result) 2 testing instances | D29: Conforms | E29: ППК26110, (30.06.2026) [CNP] | F29: ✓ | G29: Conforms | H29: ППК26110, (30.06.2026) [CNP] | I29: ✓ | J29: Conforms (ImB spec.) | K29: ППК26110, (30.06.2026) [CNP] | L29: ✓ | M29: 18.29 | N29: ППК26110, (30.06.2026) [CNP] | O29: ✓ | P29: 0.16 | Q29: ППК26110, (30.06.2026) [CNP] | R29: ✓ | S29: 0.06 | T29: ППК26110, (30.06.2026) [CNP] | U29: ✓ | V29: Conforms (no value printed) | W29: ППК26110, (30.06.2026) [CNP] | X29: ✓ | Y29: 6.36 | Z29: ППК26110, (30.06.2026) [CNP] | AA29: ✓ | AB29: 2.9 × 10³ | AC29: 2.5 × 10³ | AD29: < 10 | AE29: Absent | AF29: Absent | AG29: ✓ | AH29: — MISSING — | AI29: — MISSING — | AJ29: — MISSING — | AK29: ✗ | AL29: — MISSING — | AM29: — MISSING — | AN29: — MISSING — | AO29: — MISSING — | AP29: ✗ | AQ29: — MISSING — | AR29: — no certificate — | AS29: ✗
AB30: 538-1069-26, (31.08.2026) [IJZ-MB] | AH30: — no certificate — | AL30: — no certificate —
J31: Conforms (ImB spec.) | K31: 227-23-K-26, (11.09.2026) [FHM-K] | L31: ✓ | M31: 19.31 | N31: 227-23-K-26, (11.09.2026) [FHM-K] | O31: ✓ | P31: < LOQ | Q31: 227-23-K-26, (11.09.2026) [FHM-K] | R31: ✓ | S31: < LOQ | T31: 227-23-K-26, (11.09.2026) [FHM-K] | U31: ✓
A33: FB032601 | B33: P060452 | C33: ✗ 4 NO RESULT (4 no cert / 0 cert w/o result) ✗ OUT OF SPECIFICATION: #7 | D33: Conforms | E33: ППК26127, (21.07.2026) [CNP] | F33: ✓ | G33: Conforms | H33: ППК26127, (21.07.2026) [CNP] | I33: ✓ | J33: Conforms (ImB spec.) | K33: ППК26127, (21.07.2026) [CNP] | L33: ✓ | M33: 12.39 | N33: ППК26127, (21.07.2026) [CNP] | O33: ✓ | P33: 0.06 | Q33: ППК26127, (21.07.2026) [CNP] | R33: ✓ | S33: 0.04 | T33: ППК26127, (21.07.2026) [CNP] | U33: ✓ | V33: 0.08 % (Does not conform) | W33: ППК26127, (21.07.2026) [CNP] | X33: ✓ | Y33: 7.77 | Z33: ППК26127, (21.07.2026) [CNP] | AA33: ✓ | AB33: — MISSING — | AC33: — MISSING — | AD33: — MISSING — | AE33: — MISSING — | AF33: — MISSING — | AG33: ✗ | AH33: — MISSING — | AI33: — MISSING — | AJ33: — MISSING — | AK33: ✗ | AL33: — MISSING — | AM33: — MISSING — | AN33: — MISSING — | AO33: — MISSING — | AP33: ✗ | AQ33: — MISSING — | AR33: — no certificate — | AS33: ✗
AB34: — no certificate — | AH34: — no certificate — | AL34: — no certificate —
A35: FB112501 | B35: P060292 | C35: ✓ COMPLETE 2 testing instances • 1 document(s) on file, not credited | D35: Conforms | E35: =IFERROR(INDEX('iCoA Register'!$B:$B,MATCH("P060292|I",'iCoA Register'!$AA:$AA,0)),"iCoA — at issue")&", (19.05.2026) [PP]" | F35: ✓ | G35: not on this certificate | H35: ППК26066, (11.05.2026) [CNP] · on file, not credited | I35: • | J35: Conforms (ImB spec.) | K35: ППК26066, (11.05.2026) [CNP] | L35: ✓ | M35: 16.69 | N35: ППК26066, (11.05.2026) [CNP] | O35: ✓ | P35: 0.05 | Q35: ППК26066, (11.05.2026) [CNP] | R35: ✓ | S35: < LOQ ᴰ | T35: ППК26066, (11.05.2026) [CNP] | U35: ✓ | V35: Conforms | W35: =IFERROR(INDEX('iCoA Register'!$B:$B,MATCH("P060292|I",'iCoA Register'!$AA:$AA,0)),"iCoA — at issue")&", (19.05.2026) [PP]" | X35: ✓ | Y35: 6.09 | Z35: ППК26066, (11.05.2026) [CNP] | AA35: ✓ | AB35: 3.9 × 10³ | AC35: 2.4 × 10³ | AD35: < 10 | AE35: Absent | AF35: Absent | AG35: ✓ | AH35: ND | AI35: < 2 | AJ35: ND | AK35: ✓ | AL35: 0.0215 | AM35: 0.0108 | AN35: 0.0199 | AO35: 0.0078 | AP35: ✓ | AQ35: ≤ LOQ (all 29 compounds) | AR35: 2357-2026, (29.04.2026) [IJZ] | AS35: ✓
AB36: 312-0556-26, (28.04.2026) [IJZ-MB] | AH36: 2357-2026, (29.04.2026) [IJZ] | AL36: 2357-2026, (29.04.2026) [IJZ]
G37: Conforms | H37: =IFERROR(INDEX('iCoA Register'!$B:$B,MATCH("P060292|I",'iCoA Register'!$AA:$AA,0)),"iCoA — at issue")&", (19.05.2026) [PP]" | I37: ✓ | J37: Conforms (ImB spec.) | K37: 227-22-K-26, (11.09.2026) [FHM-K] | L37: ✓ | M37: 18.75 | N37: 227-22-K-26, (11.09.2026) [FHM-K] | O37: ✓ | P37: < LOQ | Q37: 227-22-K-26, (11.09.2026) [FHM-K] | R37: ✓ | S37: < LOQ | T37: 227-22-K-26, (11.09.2026) [FHM-K] | U37: ✓ | AB37: 3 × 10³ | AC37: 5.2 × 10² | AD37: < 10² and > 10 | AE37: Absent | AF37: Absent | AG37: ✓
AB38: 542-1073-26, (31.08.2026) [IJZ-MB]
A39: GG012601＊ | B39: P060302 | C39: ✓ COMPLETE 2 testing instances • 1 document(s) on file, not credited | D39: Conforms | E39: =IFERROR(INDEX('iCoA Register'!$B:$B,MATCH("P060302|I",'iCoA Register'!$AA:$AA,0)),"iCoA — at issue")&", (20.05.2026) [PP]" | F39: ✓ | G39: not on this certificate | H39: ППК26062, (11.05.2026) [CNP] · on file, not credited | I39: • | J39: Conforms (ImB spec.) | K39: ППК26062, (11.05.2026) [CNP] | L39: ✓ | M39: 15.35 | N39: ППК26062, (11.05.2026) [CNP] | O39: ✓ | P39: 0.06 | Q39: ППК26062, (11.05.2026) [CNP] | R39: ✓ | S39: < LOQ ᴰ | T39: ППК26062, (11.05.2026) [CNP] | U39: ✓ | V39: Conforms | W39: =IFERROR(INDEX('iCoA Register'!$B:$B,MATCH("P060302|I",'iCoA Register'!$AA:$AA,0)),"iCoA — at issue")&", (20.05.2026) [PP]" | X39: ✓ | Y39: 6.13 | Z39: ППК26062, (11.05.2026) [CNP] | AA39: ✓ | AB39: 1 × 10⁴ | AC39: 1 × 10⁴ | AD39: < 10 | AE39: Absent | AF39: Absent | AG39: ✓ | AH39: ND | AI39: < 2 | AJ39: ND | AK39: ✓ | AL39: 0.0227 | AM39: 0.0179 | AN39: 0.0163 | AO39: 0.031 | AP39: ✓ | AQ39: ≤ LOQ (all 29 compounds) | AR39: 2364-2026, (30.04.2026) [IJZ] | AS39: ✓
AB40: 310-0554-26, (28.04.2026) [IJZ-MB] | AH40: 2364-2026, (30.04.2026) [IJZ] | AL40: 2364-2026, (30.04.2026) [IJZ]
G41: Conforms | H41: =IFERROR(INDEX('iCoA Register'!$B:$B,MATCH("P060302|I",'iCoA Register'!$AA:$AA,0)),"iCoA — at issue")&", (20.05.2026) [PP]" | I41: ✓ | J41: Conforms (ImB spec.) | K41: 227-21-K-26, (11.09.2026) [FHM-K] | L41: ✓ | M41: 19.16 | N41: 227-21-K-26, (11.09.2026) [FHM-K] | O41: ✓ | P41: < LOQ | Q41: 227-21-K-26, (11.09.2026) [FHM-K] | R41: ✓ | S41: < LOQ | T41: 227-21-K-26, (11.09.2026) [FHM-K] | U41: ✓ | AB41: 2.2 × 10³ | AC41: 2.1 × 10³ | AD41: < 10 | AE41: Absent | AF41: Absent | AG41: ✓
AB42: 541-1072-26, (31.08.2026) [IJZ-MB]
A43: GG012603 | B43: P060402 | C43: ⚠ 3 NO RESULT (3 no cert / 0 cert w/o result) 2 testing instances • 1 document(s) on file, not credited | D43: Conforms | E43: ППК26114, (30.06.2026) [CNP] | F43: ✓ | G43: Conforms | H43: ППК26114, (30.06.2026) [CNP] | I43: ✓ | J43: Conforms (ImB spec.) | K43: ППК26114, (30.06.2026) [CNP] | L43: ✓ | M43: 17.59 | N43: ППК26114, (30.06.2026) [CNP] | O43: ✓ | P43: 0.05 | Q43: ППК26114, (30.06.2026) [CNP] | R43: ✓ | S43: 0.15 | T43: ППК26114, (30.06.2026) [CNP] | U43: ✓ | V43: 0.09 % (Conforms) | W43: ППК26114, (30.06.2026) [CNP] | X43: ✓ | Y43: 6.48 | Z43: ППК26114, (30.06.2026) [CNP] | AA43: ✓ | AB43: — MISSING — | AC43: — MISSING — | AD43: — MISSING — | AE43: — MISSING — | AF43: — MISSING — | AG43: ✗ | AH43: ND | AI43: ND | AJ43: ND | AK43: ✓ | AL43: — MISSING — | AM43: — MISSING — | AN43: — MISSING — | AO43: — MISSING — | AP43: ✗ | AQ43: — MISSING — | AR43: — no certificate — | AS43: ✗
AB44: — no certificate — | AH44: 197-8-M-26, (10.08.2026) [FHM-M] | AL44: — no certificate —
J45: Conforms (ImB spec.) ᴿ | K45: 197-8-K-26, (07.08.2026) [FHM-K] | L45: ✓ | M45: 16.70 | N45: 197-8-K-26, (07.08.2026) [FHM-K] | O45: ✓ | P45: < LOQ | Q45: 197-8-K-26, (07.08.2026) [FHM-K] | R45: ✓ | S45: < LOQ | T45: 197-8-K-26, (07.08.2026) [FHM-K] | U45: ✓ | Y45: not on this certificate | Z45: 197-8-K-26, (07.08.2026) [FHM-K] · on file, not credited | AA45: •
A47: GG032601 | B47: P060462 | C47: ✗ 4 NO RESULT (4 no cert / 0 cert w/o result) | D47: Conforms | E47: ППК26128, (21.07.2026) [CNP] | F47: ✓ | G47: Conforms | H47: ППК26128, (21.07.2026) [CNP] | I47: ✓ | J47: Conforms (ImB spec.) | K47: ППК26128, (21.07.2026) [CNP] | L47: ✓ | M47: 18.98 | N47: ППК26128, (21.07.2026) [CNP] | O47: ✓ | P47: 0.25 | Q47: ППК26128, (21.07.2026) [CNP] | R47: ✓ | S47: 0.04 | T47: ППК26128, (21.07.2026) [CNP] | U47: ✓ | V47: Conforms (no value printed) | W47: ППК26128, (21.07.2026) [CNP] | X47: ✓ | Y47: 7.88 | Z47: ППК26128, (21.07.2026) [CNP] | AA47: ✓ | AB47: — MISSING — | AC47: — MISSING — | AD47: — MISSING — | AE47: — MISSING — | AF47: — MISSING — | AG47: ✗ | AH47: — MISSING — | AI47: — MISSING — | AJ47: — MISSING — | AK47: ✗ | AL47: — MISSING — | AM47: — MISSING — | AN47: — MISSING — | AO47: — MISSING — | AP47: ✗ | AQ47: — MISSING — | AR47: — no certificate — | AS47: ✗
AB48: — no certificate — | AH48: — no certificate — | AL48: — no certificate —
A49: GG1024 | B49: N/A — no P batch assigned | C49: ✗ 8 NO RESULT (8 no cert / 0 cert w/o result) 2 testing instances | D49: Conforms | E49: =IFERROR(INDEX('iCoA Register'!$B:$B,MATCH("GG1024|I",'iCoA Register'!$AA:$AA,0)),"iCoA — at issue")&", (11.03.2025) [PP]" | F49: ✓ | G49: Conforms | H49: =IFERROR(INDEX('iCoA Register'!$B:$B,MATCH("GG1024|I",'iCoA Register'!$AA:$AA,0)),"iCoA — at issue")&", (11.03.2025) [PP]" | I49: ✓ | J49: — MISSING — | K49: — no certificate — | L49: ✗ | M49: — MISSING — | N49: — no certificate — | O49: ✗ | P49: — MISSING — | Q49: — no certificate — | R49: ✗ | S49: — MISSING — | T49: — no certificate — | U49: ✗ | V49: Conforms | W49: =IFERROR(INDEX('iCoA Register'!$B:$B,MATCH("GG1024|I",'iCoA Register'!$AA:$AA,0)),"iCoA — at issue")&", (11.03.2025) [PP]" | X49: ✓ | Y49: — MISSING — | Z49: — no certificate — | AA49: ✗ | AB49: — MISSING — | AC49: — MISSING — | AD49: — MISSING — | AE49: — MISSING — | AF49: — MISSING — | AG49: ✗ | AH49: ND | AI49: ND | AJ49: ND | AK49: ✓ | AL49: — MISSING — | AM49: — MISSING — | AN49: — MISSING — | AO49: — MISSING — | AP49: ✗ | AQ49: — MISSING — | AR49: — no certificate — | AS49: ✗
AB50: — no certificate — | AH50: 220-9-M-26, (11.09.2026) [FHM-M] | AL50: — no certificate —
D51: Conforms | E51: iCoA — at issue (GG1024), (23.04.2025) [PP] | F51: ✓ | V51: Conforms | W51: iCoA — at issue (GG1024), (23.04.2025) [PP] | X51: ✓
A53: GG112501 | B53: P060252 | C53: ✓ COMPLETE 2 testing instances • 1 document(s) on file, not credited | D53: Conforms | E53: =IFERROR(INDEX('iCoA Register'!$B:$B,MATCH("P060252|I",'iCoA Register'!$AA:$AA,0)),"iCoA — at issue")&", (05.05.2026) [PP]" | F53: ✓ | G53: Conforms | H53: =IFERROR(INDEX('iCoA Register'!$B:$B,MATCH("P060252|I",'iCoA Register'!$AA:$AA,0)),"iCoA — at issue")&", (05.05.2026) [PP]" | I53: ✓ | J53: Conforms (ImB spec.) | K53: ППК26061, (11.05.2026) [CNP] | L53: ✓ | M53: 17.94 | N53: ППК26061, (11.05.2026) [CNP] | O53: ✓ | P53: 0.08 | Q53: ППК26061, (11.05.2026) [CNP] | R53: ✓ | S53: < LOQ ᴰ | T53: ППК26061, (11.05.2026) [CNP] | U53: ✓ | V53: Conforms | W53: =IFERROR(INDEX('iCoA Register'!$B:$B,MATCH("P060252|I",'iCoA Register'!$AA:$AA,0)),"iCoA — at issue")&", (05.05.2026) [PP]" | X53: ✓ | Y53: 6.31 | Z53: ППК26061, (11.05.2026) [CNP] | AA53: ✓ | AB53: 5.1 × 10³ | AC53: 4.5 × 10³ | AD53: < 10² | AE53: Absent | AF53: Absent | AG53: ✓ | AH53: ND | AI53: < 2 | AJ53: ND | AK53: ✓ | AL53: 0.033 | AM53: 0.0154 | AN53: 0.0272 | AO53: 0.0146 | AP53: ✓ | AQ53: ≤ LOQ (all 26 compounds) | AR53: 2358-2026, (29.04.2026) [IJZ] | AS53: ✓
AB54: 304-0548-26, (28.04.2026) [IJZ-MB] | AH54: 2358-2026, (29.04.2026) [IJZ] | AL54: 2358-2026, (29.04.2026) [IJZ]
G55: not on this certificate | H55: ППК26061, (11.05.2026) [CNP] · on file, not credited | I55: • | J55: Conforms (ImB spec.) | K55: 227-20-K-26, (11.09.2026) [FHM-K] | L55: ✓ | M55: 18.64 | N55: 227-20-K-26, (11.09.2026) [FHM-K] | O55: ✓ | P55: < LOQ | Q55: 227-20-K-26, (11.09.2026) [FHM-K] | R55: ✓ | S55: < LOQ | T55: 227-20-K-26, (11.09.2026) [FHM-K] | U55: ✓ | AB55: 5 × 10³ | AC55: 1.1 × 10³ | AD55: < 10³ and > 10² | AE55: Absent | AF55: Absent | AG55: ✓
AB56: 545-1076-26, (31.08.2026) [IJZ-MB]
A57: GRC102501 | B57: P060142 / P060182 | C57: ⚠ 2 NO RESULT (2 no cert / 0 cert w/o result) 3 testing instances • 2 document(s) on file, not credited | D57: Conforms | E57: =IFERROR(INDEX('iCoA Register'!$B:$B,MATCH("P060142|I",'iCoA Register'!$AA:$AA,0)),"iCoA — at issue")&", (23.02.2026) [PP]" | F57: ✓ | G57: Conforms | H57: =IFERROR(INDEX('iCoA Register'!$B:$B,MATCH("P060142|I",'iCoA Register'!$AA:$AA,0)),"iCoA — at issue")&", (23.02.2026) [PP]" | I57: ✓ | J57: not on this certificate | K57: 051-6-LoD-26, (02.03.2026) [FHM-K] · on file, not credited | L57: • | M57: not on this certificate | N57: 051-6-LoD-26, (02.03.2026) [FHM-K] · on file, not credited | O57: • | P57: not on this certificate | Q57: 051-6-LoD-26, (02.03.2026) [FHM-K] · on file, not credited | R57: • | S57: not on this certificate | T57: 051-6-LoD-26, (02.03.2026) [FHM-K] · on file, not credited | U57: • | V57: Conforms | W57: =IFERROR(INDEX('iCoA Register'!$B:$B,MATCH("P060142|I",'iCoA Register'!$AA:$AA,0)),"iCoA — at issue")&", (23.02.2026) [PP]" | X57: ✓ | Y57: 7.7 | Z57: 051-6-LoD-26, (02.03.2026) [FHM-K] | AA57: ✓ | AB57: 10 | AC57: < 10 | AD57: < 10 | AE57: Absent | AF57: Absent | AG57: ✓ | AH57: ND | AI57: ND | AJ57: ND | AK57: ✓ | AL57: — MISSING — | AM57: — MISSING — | AN57: — MISSING — | AO57: — MISSING — | AP57: ✗ | AQ57: — MISSING — | AR57: — no certificate — | AS57: ✗
AB58: 550-1081-26, (01.09.2026) [IJZ-MB] | AH58: 220-14-M-26, (11.09.2026) [FHM-M] | AL58: — no certificate —
D59: Conforms | E59: =IFERROR(INDEX('iCoA Register'!$B:$B,MATCH("P060182|I",'iCoA Register'!$AA:$AA,0)),"iCoA — at issue")&", (14.03.2026) [PP]" | F59: ✓ | G59: Conforms | H59: =IFERROR(INDEX('iCoA Register'!$B:$B,MATCH("P060182|I",'iCoA Register'!$AA:$AA,0)),"iCoA — at issue")&", (14.03.2026) [PP]" | I59: ✓ | J59: Conforms (ImB spec.) ᴿ | K59: 051-6-K-26, (04.03.2026) [FHM-K] | L59: ✓ | M59: 11.53 | N59: 051-6-K-26, (04.03.2026) [FHM-K] | O59: ✓ | P59: < LOQ** | Q59: 051-6-K-26, (04.03.2026) [FHM-K] | R59: ✓ | S59: < LOQ** | T59: 051-6-K-26, (04.03.2026) [FHM-K] | U59: ✓ | V59: Conforms | W59: =IFERROR(INDEX('iCoA Register'!$B:$B,MATCH("P060182|I",'iCoA Register'!$AA:$AA,0)),"iCoA — at issue")&", (14.03.2026) [PP]" | X59: ✓ | Y59: not on this certificate | Z59: 051-6-K-26, (04.03.2026) [FHM-K] · on file, not credited | AA59: •
J61: Conforms (ImB spec.) | K61: 227-16-K-26, (11.09.2026) [FHM-K] | L61: ✓ | M61: 7.50 | N61: 227-16-K-26, (11.09.2026) [FHM-K] | O61: ✓ | P61: < LOQ | Q61: 227-16-K-26, (11.09.2026) [FHM-K] | R61: ✓ | S61: < LOQ | T61: 227-16-K-26, (11.09.2026) [FHM-K] | U61: ✓
A63: HPA1024 | B63: N/A — no P batch assigned | C63: ✗ 4 NO RESULT (4 no cert / 0 cert w/o result) 2 testing instances • 2 document(s) on file, not credited | D63: Conforms | E63: =IFERROR(INDEX('iCoA Register'!$B:$B,MATCH("HPA1024|I",'iCoA Register'!$AA:$AA,0)),"iCoA — at issue")&", (11.04.2025) [PP]" | F63: ✓ | G63: Conforms | H63: =IFERROR(INDEX('iCoA Register'!$B:$B,MATCH("HPA1024|I",'iCoA Register'!$AA:$AA,0)),"iCoA — at issue")&", (11.04.2025) [PP]" | I63: ✓ | J63: Conforms (ImB spec.) ᴿ | K63: 197-13-K-26, (07.08.2026) [FHM-K] | L63: ✓ | M63: 14.97 ᴿ | N63: =IFERROR(INDEX('iCoA Register'!$B:$B,MATCH("HPA1024|I",'iCoA Register'!$AA:$AA,0)),"iCoA — at issue")&", (11.04.2025) [PP] · on file, not credited" | O63: • | P63: 0.04 ᴿ | Q63: =IFERROR(INDEX('iCoA Register'!$B:$B,MATCH("HPA1024|I",'iCoA Register'!$AA:$AA,0)),"iCoA — at issue")&", (11.04.2025) [PP] · on file, not credited" | R63: • | S63: 0.36 | T63: 197-13-K-26, (07.08.2026) [FHM-K] | U63: ✓ | V63: Conforms | W63: =IFERROR(INDEX('iCoA Register'!$B:$B,MATCH("HPA1024|I",'iCoA Register'!$AA:$AA,0)),"iCoA — at issue")&", (11.04.2025) [PP]" | X63: ✓ | Y63: not on this certificate | Z63: 197-13-K-26, (07.08.2026) [FHM-K] · on file, not credited | AA63: • | AB63: 5.2 × 10⁴ ᴿ | AC63: 7 × 10² ᴿ | AD63: < 10 ᴿ | AE63: Absent ᴿ | AF63: Absent ᴿ | AG63: • | AH63: not reported | AI63: < 2 ᴿ | AJ63: not reported | AK63: • | AL63: 0.02 ᴿ | AM63: 0.013 ᴿ | AN63: 0.017 ᴿ | AO63: 0.0026 ᴿ | AP63: • | AQ63: ND ᴿ | AR63: =IFERROR(INDEX('iCoA Register'!$B:$B,MATCH("HPA1024|I",'iCoA Register'!$AA:$AA,0)),"iCoA — at issue")&", (11.04.2025) [PP] · on file, not credited" | AS63: •
AB64: =IFERROR(INDEX('iCoA Register'!$B:$B,MATCH("HPA1024|I",'iCoA Register'!$AA:$AA,0)),"iCoA — at issue")&", (11.04.2025) [PP] · on file, not credited" | AH64: =IFERROR(INDEX('iCoA Register'!$B:$B,MATCH("HPA1024|I",'iCoA Register'!$AA:$AA,0)),"iCoA — at issue")&", (11.04.2025) [PP] · on file, not credited" | AL64: =IFERROR(INDEX('iCoA Register'!$B:$B,MATCH("HPA1024|I",'iCoA Register'!$AA:$AA,0)),"iCoA — at issue")&", (11.04.2025) [PP] · on file, not credited"
D65: Conforms | E65: iCoA — at issue (HPA1024), (23.04.2025) [PP] | F65: ✓ | M65: 17.31 | N65: 197-13-K-26, (07.08.2026) [FHM-K] | O65: ✓ | P65: < LOQ | Q65: 197-13-K-26, (07.08.2026) [FHM-K] | R65: ✓ | V65: Conforms | W65: iCoA — at issue (HPA1024), (23.04.2025) [PP] | X65: ✓ | AH65: ND | AI65: ND | AJ65: < LOQ | AK65: ✓
AH66: 197-13-M-26, (10.08.2026) [FHM-M]
A67: J31102501 | B67: P060152 | C67: ⚠ 3 NO RESULT (3 no cert / 0 cert w/o result) 3 testing instances • 3 document(s) on file, not credited | D67: Conforms | E67: =IFERROR(INDEX('iCoA Register'!$B:$B,MATCH("P060152|I",'iCoA Register'!$AA:$AA,0)),"iCoA — at issue")&", (05.03.2026) [PP]" | F67: ✓ | G67: Conforms | H67: =IFERROR(INDEX('iCoA Register'!$B:$B,MATCH("P060152|I",'iCoA Register'!$AA:$AA,0)),"iCoA — at issue")&", (05.03.2026) [PP]" | I67: ✓ | J67: not on this certificate | K67: 051-1-LoD-26, (02.03.2026) [FHM-K] · on file, not credited | L67: • | M67: not on this certificate | N67: 051-1-LoD-26, (02.03.2026) [FHM-K] · on file, not credited | O67: • | P67: not on this certificate | Q67: 051-1-LoD-26, (02.03.2026) [FHM-K] · on file, not credited | R67: • | S67: not on this certificate | T67: 051-1-LoD-26, (02.03.2026) [FHM-K] · on file, not credited | U67: • | V67: Conforms | W67: =IFERROR(INDEX('iCoA Register'!$B:$B,MATCH("P060152|I",'iCoA Register'!$AA:$AA,0)),"iCoA — at issue")&", (05.03.2026) [PP]" | X67: ✓ | Y67: 6.3 | Z67: 051-1-LoD-26, (02.03.2026) [FHM-K] | AA67: ✓ | AB67: — MISSING — | AC67: — MISSING — | AD67: — MISSING — | AE67: — MISSING — | AF67: — MISSING — | AG67: ✗ | AH67: ND | AI67: ND | AJ67: ND | AK67: ✓ | AL67: — MISSING — | AM67: — MISSING — | AN67: — MISSING — | AO67: — MISSING — | AP67: ✗ | AQ67: — MISSING — | AR67: — no certificate — | AS67: ✗
AB68: — no certificate — | AH68: 197-16-M-26, (10.08.2026) [FHM-M] | AL68: — no certificate —
J69: Conforms (ImB spec.) ᴿ | K69: 051-1-K-26, (04.03.2026) [FHM-K] | L69: ✓ | M69: 19.14 | N69: 051-1-K-26, (04.03.2026) [FHM-K] | O69: ✓ | P69: < LOQ** | Q69: 051-1-K-26, (04.03.2026) [FHM-K] | R69: ✓ | S69: < LOQ** | T69: 051-1-K-26, (04.03.2026) [FHM-K] | U69: ✓ | Y69: not on this certificate | Z69: 051-1-K-26, (04.03.2026) [FHM-K] · on file, not credited | AA69: •
J71: Conforms (ImB spec.) | K71: 197-16-K-26, (07.08.2026) [FHM-K] | L71: ✓ | M71: 17.32 | N71: 197-16-K-26, (07.08.2026) [FHM-K] | O71: ✓ | P71: < LOQ | Q71: 197-16-K-26, (07.08.2026) [FHM-K] | R71: ✓ | S71: < LOQ | T71: 197-16-K-26, (07.08.2026) [FHM-K] | U71: ✓ | Y71: not on this certificate | Z71: 197-16-K-26, (07.08.2026) [FHM-K] · on file, not credited | AA71: •
A73: J31112501 | B73: P060202 | C73: ⚠ 3 NO RESULT (3 no cert / 0 cert w/o result) 7 testing instances • 6 document(s) on file, not credited | D73: Conforms | E73: =IFERROR(INDEX('iCoA Register'!$B:$B,MATCH("P060202|I",'iCoA Register'!$AA:$AA,0)),"iCoA — at issue")&", (17.04.2026) [PP]" | F73: ✓ | G73: Conforms | H73: =IFERROR(INDEX('iCoA Register'!$B:$B,MATCH("P060202|I",'iCoA Register'!$AA:$AA,0)),"iCoA — at issue")&", (17.04.2026) [PP]" | I73: ✓ | J73: not on this certificate | K73: 051-5-LoD-26, (02.03.2026) [FHM-K] · on file, not credited | L73: • | M73: not on this certificate | N73: 051-5-LoD-26, (02.03.2026) [FHM-K] · on file, not credited | O73: • | P73: not on this certificate | Q73: 051-5-LoD-26, (02.03.2026) [FHM-K] · on file, not credited | R73: • | S73: not on this certificate | T73: 051-5-LoD-26, (02.03.2026) [FHM-K] · on file, not credited | U73: • | V73: Conforms | W73: =IFERROR(INDEX('iCoA Register'!$B:$B,MATCH("P060202|I",'iCoA Register'!$AA:$AA,0)),"iCoA — at issue")&", (17.04.2026) [PP]" | X73: ✓ | Y73: 8.4 | Z73: 051-5-LoD-26, (02.03.2026) [FHM-K] | AA73: ✓ | AB73: 4.4 × 10² | AC73: 8.6 × 10² | AD73: < 10² and > 10 | AE73: Absent | AF73: Absent | AG73: ✓ | AH73: — MISSING — | AI73: — MISSING — | AJ73: — MISSING — | AK73: ✗ | AL73: — MISSING — | AM73: — MISSING — | AN73: — MISSING — | AO73: — MISSING — | AP73: ✗ | AQ73: — MISSING — | AR73: — no certificate — | AS73: ✗
AB74: 547-1078-26, (31.08.2026) [IJZ-MB] | AH74: — no certificate — | AL74: — no certificate —
J75: Conforms (ImB spec.) ᴿ | K75: 051-5-K-26, (04.03.2026) [FHM-K] | L75: ✓ | M75: 25.27 | N75: 051-5-K-26, (04.03.2026) [FHM-K] | O75: ✓ | P75: < LOQ** | Q75: 051-5-K-26, (04.03.2026) [FHM-K] | R75: ✓ | S75: < LOQ** | T75: 051-5-K-26, (04.03.2026) [FHM-K] | U75: ✓ | Y75: not on this certificate | Z75: 051-5-K-26, (04.03.2026) [FHM-K] · on file, not credited | AA75: •
J77: held for review | K77: 100-1-K-26, (09.04.2026) [FHM-K] | L77: ✗ | M77: 20.21 | N77: 100-1-K-26, (09.04.2026) [FHM-K] | O77: ✓ | P77: < LOQ | Q77: 100-1-K-26, (09.04.2026) [FHM-K] | R77: ✓ | S77: < LOQ | T77: 100-1-K-26, (09.04.2026) [FHM-K] | U77: ✓ | Y77: not on this certificate | Z77: 100-1-K-26, (09.04.2026) [FHM-K] · on file, not credited | AA77: •
J79: not on this certificate | K79: 100-1-LoD-26, (09.04.2026) [FHM-K] · on file, not credited | L79: • | M79: not on this certificate | N79: 100-1-LoD-26, (09.04.2026) [FHM-K] · on file, not credited | O79: • | P79: not on this certificate | Q79: 100-1-LoD-26, (09.04.2026) [FHM-K] · on file, not credited | R79: • | S79: not on this certificate | T79: 100-1-LoD-26, (09.04.2026) [FHM-K] · on file, not credited | U79: • | Y79: 7.6 | Z79: 100-1-LoD-26, (09.04.2026) [FHM-K] | AA79: ✓
J81: not on this certificate | K81: 100-2-LoD-26, (09.04.2026) [FHM-K] · on file, not credited | L81: • | M81: not on this certificate | N81: 100-2-LoD-26, (09.04.2026) [FHM-K] · on file, not credited | O81: • | P81: not on this certificate | Q81: 100-2-LoD-26, (09.04.2026) [FHM-K] · on file, not credited | R81: • | S81: not on this certificate | T81: 100-2-LoD-26, (09.04.2026) [FHM-K] · on file, not credited | U81: • | Y81: 10.3 ± 0.2 | Z81: 100-2-LoD-26, (09.04.2026) [FHM-K] | AA81: ✓
J83: not on this certificate | K83: 100-3-LoD-26, (09.04.2026) [FHM-K] · on file, not credited | L83: • | M83: not on this certificate | N83: 100-3-LoD-26, (09.04.2026) [FHM-K] · on file, not credited | O83: • | P83: not on this certificate | Q83: 100-3-LoD-26, (09.04.2026) [FHM-K] · on file, not credited | R83: • | S83: not on this certificate | T83: 100-3-LoD-26, (09.04.2026) [FHM-K] · on file, not credited | U83: • | Y83: 10.3 | Z83: 100-3-LoD-26, (09.04.2026) [FHM-K] | AA83: ✓
J85: Conforms (ImB spec.) | K85: 227-14-K-26, (11.09.2026) [FHM-K] | L85: ✓ | M85: 23.85 | N85: 227-14-K-26, (11.09.2026) [FHM-K] | O85: ✓ | P85: < LOQ | Q85: 227-14-K-26, (11.09.2026) [FHM-K] | R85: ✓ | S85: < LOQ | T85: 227-14-K-26, (11.09.2026) [FHM-K] | U85: ✓
A87: J31122501 | B87: P060262 | C87: ⚠ 1 NO RESULT (1 no cert / 0 cert w/o result) 3 testing instances • 2 document(s) on file, not credited | D87: Conforms | E87: =IFERROR(INDEX('iCoA Register'!$B:$B,MATCH("P060262|I",'iCoA Register'!$AA:$AA,0)),"iCoA — at issue")&", (14.05.2026) [PP]" | F87: ✓ | G87: Conforms | H87: =IFERROR(INDEX('iCoA Register'!$B:$B,MATCH("P060262|I",'iCoA Register'!$AA:$AA,0)),"iCoA — at issue")&", (14.05.2026) [PP]" | I87: ✓ | J87: Conforms (ImB spec.) ᴿ | K87: 100-2-K-26, (09.04.2026) [FHM-K] | L87: ✓ | M87: 19.84 ᴿ | N87: 100-2-K-26, (09.04.2026) [FHM-K] | O87: ✓ | P87: < LOQ (<0.20) ᴿ | Q87: 100-2-K-26, (09.04.2026) [FHM-K] | R87: ✓ | S87: < LOQ ᴿ | T87: 100-2-K-26, (09.04.2026) [FHM-K] | U87: ✓ | V87: Conforms | W87: =IFERROR(INDEX('iCoA Register'!$B:$B,MATCH("P060262|I",'iCoA Register'!$AA:$AA,0)),"iCoA — at issue")&", (14.05.2026) [PP]" | X87: ✓ | Y87: not ingested | Z87: 100-2-K-26, (09.04.2026) [FHM-K] · on file, not credited | AA87: • | AB87: 1900 ᴿ | AC87: 840 ᴿ | AD87: < 10³ and > 10² ᴿ | AE87: Absent ᴿ | AF87: Absent ᴿ | AG87: ✓ | AH87: not reported | AI87: Complies ᴿ | AJ87: not reported | AK87: ✓ | AL87: not ingested | AP87: ✗ | AQ87: ND ᴿ | AR87: 1625-2026, (23.04.2026) [IJZ] | AS87: ✓
AB88: 230-0393-26, (07.04.2026) [IJZ-MB] | AH88: 1625-2026, (23.04.2026) [IJZ] | AL88: 1625-2026, (23.04.2026) [IJZ]
J89: not ingested | K89: 100-3-K-26, (09.04.2026) [FHM-K] | L89: ✗ | M89: 21.84 ᴿ | N89: 100-3-K-26, (09.04.2026) [FHM-K] | O89: ✓ | P89: < LOQ (<0.20) ᴿ | Q89: 100-3-K-26, (09.04.2026) [FHM-K] | R89: ✓ | S89: < LOQ ᴿ | T89: 100-3-K-26, (09.04.2026) [FHM-K] | U89: ✓ | Y89: not ingested | Z89: 100-3-K-26, (09.04.2026) [FHM-K] · on file, not credited | AA89: • | AB89: 850 ᴿ | AC89: 370 ᴿ | AD89: < 10² and > 10 ᴿ | AE89: Absent ᴿ | AF89: Absent ᴿ | AG89: ✓ | AH89: not reported | AI89: 2.5 ᴿ | AJ89: not reported | AK89: ✓ | AL89: ND ᴿ | AM89: ND ᴿ | AN89: ND ᴿ | AO89: ND ᴿ | AP89: ✓ | AQ89: ND ᴿ | AR89: 1628-2026, (23.04.2026) [IJZ] | AS89: ✓
AB90: 231-0394-26, (07.04.2026) [IJZ-MB] | AH90: 1628-2026, (23.04.2026) [IJZ] | AL90: 1628-2026, (23.04.2026) [IJZ]
J91: Conforms (ImB spec.) | K91: 227-13-K-26, (11.09.2026) [FHM-K] | L91: ✓ | M91: 24.48 | N91: 227-13-K-26, (11.09.2026) [FHM-K] | O91: ✓ | P91: < LOQ | Q91: 227-13-K-26, (11.09.2026) [FHM-K] | R91: ✓ | S91: < LOQ | T91: 227-13-K-26, (11.09.2026) [FHM-K] | U91: ✓ | AB91: 1 × 10³ | AC91: 1.7 × 10² | AD91: < 10³ and > 10² | AE91: Absent | AF91: Absent | AG91: ✓
AB92: 544-1075-26, (31.08.2026) [IJZ-MB]
A93: JD012601＊ | B93: P060312 | C93: ✓ COMPLETE 2 testing instances • 1 document(s) on file, not credited | D93: Conforms | E93: =IFERROR(INDEX('iCoA Register'!$B:$B,MATCH("P060312|I",'iCoA Register'!$AA:$AA,0)),"iCoA — at issue")&", (21.05.2026) [PP]" | F93: ✓ | G93: not on this certificate | H93: ППК26064, (11.05.2026) [CNP] · on file, not credited | I93: • | J93: Conforms (ImB spec.) | K93: ППК26064, (11.05.2026) [CNP] | L93: ✓ | M93: 18.16 | N93: ППК26064, (11.05.2026) [CNP] | O93: ✓ | P93: 0.06 | Q93: ППК26064, (11.05.2026) [CNP] | R93: ✓ | S93: < LOQ ᴰ | T93: ППК26064, (11.05.2026) [CNP] | U93: ✓ | V93: Conforms | W93: =IFERROR(INDEX('iCoA Register'!$B:$B,MATCH("P060312|I",'iCoA Register'!$AA:$AA,0)),"iCoA — at issue")&", (21.05.2026) [PP]" | X93: ✓ | Y93: 6.68 | Z93: ППК26064, (11.05.2026) [CNP] | AA93: ✓ | AB93: 1.9 × 10³ | AC93: 2.4 × 10³ | AD93: < 10 | AE93: Absent | AF93: Absent | AG93: ✓ | AH93: ND | AI93: < 2 | AJ93: ND | AK93: ✓ | AL93: 0.0739 | AM93: 0.0166 | AN93: 0.0136 | AO93: 0.0322 | AP93: ✓ | AQ93: ≤ LOQ (all 28 compounds) | AR93: 2363-2026, (30.04.2026) [IJZ] | AS93: ✓
AB94: 309-0553-26, (28.04.2026) [IJZ-MB] | AH94: 2363-2026, (30.04.2026) [IJZ] | AL94: 2363-2026, (30.04.2026) [IJZ]
G95: Conforms | H95: =IFERROR(INDEX('iCoA Register'!$B:$B,MATCH("P060312|I",'iCoA Register'!$AA:$AA,0)),"iCoA — at issue")&", (21.05.2026) [PP]" | I95: ✓ | J95: Conforms (ImB spec.) | K95: 227-15-K-26, (11.09.2026) [FHM-K] | L95: ✓ | M95: 19.99 | N95: 227-15-K-26, (11.09.2026) [FHM-K] | O95: ✓ | P95: < LOQ | Q95: 227-15-K-26, (11.09.2026) [FHM-K] | R95: ✓ | S95: < LOQ | T95: 227-15-K-26, (11.09.2026) [FHM-K] | U95: ✓ | AB95: 2.2 × 10³ | AC95: 1.7 × 10³ | AD95: < 10 | AE95: Absent | AF95: Absent | AG95: ✓
AB96: 540-1071-26, (31.08.2026) [IJZ-MB]
A97: JD012603 | B97: P060362 / P060412 / P060422 | C97: ⚠ 3 NO RESULT (3 no cert / 0 cert w/o result) 3 testing instances • 1 document(s) on file, not credited | D97: Conforms | E97: ППК26111, (30.06.2026) [CNP] | F97: ✓ | G97: Conforms | H97: ППК26111, (30.06.2026) [CNP] | I97: ✓ | J97: Conforms (ImB spec.) | K97: ППК26111, (30.06.2026) [CNP] | L97: ✓ | M97: 15.16 | N97: ППК26111, (30.06.2026) [CNP] | O97: ✓ | P97: < LOQ | Q97: ППК26111, (30.06.2026) [CNP] | R97: ✓ | S97: 0.04 | T97: ППК26111, (30.06.2026) [CNP] | U97: ✓ | V97: Conforms (no value printed) | W97: ППК26111, (30.06.2026) [CNP] | X97: ✓ | Y97: 7.04 | Z97: ППК26111, (30.06.2026) [CNP] | AA97: ✓ | AB97: — MISSING — | AC97: — MISSING — | AD97: — MISSING — | AE97: — MISSING — | AF97: — MISSING — | AG97: ✗ | AH97: ND | AI97: ND | AJ97: ND | AK97: ✓ | AL97: — MISSING — | AM97: — MISSING — | AN97: — MISSING — | AO97: — MISSING — | AP97: ✗ | AQ97: — MISSING — | AR97: — no certificate — | AS97: ✗
AB98: — no certificate — | AH98: 220-16-M-26, (11.09.2026) [FHM-M] | AL98: — no certificate —
D99: Conforms | E99: ППК26113, (30.06.2026) [CNP] · on file, not credited | F99: • | G99: Conforms | H99: ППК26113, (30.06.2026) [CNP] | I99: ✓ | J99: Conforms (ImB spec.) | K99: ППК26113, (30.06.2026) [CNP] | L99: ✓ | M99: 20.54 | N99: ППК26113, (30.06.2026) [CNP] | O99: ✓ | P99: 0.05 | Q99: ППК26113, (30.06.2026) [CNP] | R99: ✓ | S99: 0.05 | T99: ППК26113, (30.06.2026) [CNP] | U99: ✓ | V99: Conforms (no value printed) | W99: ППК26113, (30.06.2026) [CNP] · on file, not credited | X99: • | Y99: 7.52 | Z99: ППК26113, (30.06.2026) [CNP] | AA99: ✓ | AH99: ND | AI99: ND | AJ99: ND | AK99: ✓
AH100: 220-17-M-26, (11.09.2026) [FHM-M]
AH101: ND | AI101: ND | AJ101: ND | AK101: ✓
AH102: 220-18-M-26, (11.09.2026) [FHM-M]
A103: JD022601 | B103: P060482 | C103: ✗ 4 NO RESULT (4 no cert / 0 cert w/o result) | D103: Conforms | E103: ППК26115, (30.06.2026) [CNP] | F103: ✓ | G103: Conforms | H103: ППК26115, (30.06.2026) [CNP] | I103: ✓ | J103: Conforms (ImB spec.) | K103: ППК26115, (30.06.2026) [CNP] | L103: ✓ | M103: 18.58 | N103: ППК26115, (30.06.2026) [CNP] | O103: ✓ | P103: < LOQ | Q103: ППК26115, (30.06.2026) [CNP] | R103: ✓ | S103: 0.05 | T103: ППК26115, (30.06.2026) [CNP] | U103: ✓ | V103: Conforms (no value printed) | W103: ППК26115, (30.06.2026) [CNP] | X103: ✓ | Y103: 7.73 | Z103: ППК26115, (30.06.2026) [CNP] | AA103: ✓ | AB103: — MISSING — | AC103: — MISSING — | AD103: — MISSING — | AE103: — MISSING — | AF103: — MISSING — | AG103: ✗ | AH103: — MISSING — | AI103: — MISSING — | AJ103: — MISSING — | AK103: ✗ | AL103: — MISSING — | AM103: — MISSING — | AN103: — MISSING — | AO103: — MISSING — | AP103: ✗ | AQ103: — MISSING — | AR103: — no certificate — | AS103: ✗
AB104: — no certificate — | AH104: — no certificate — | AL104: — no certificate —
A105: JD112501 | B105: P060212 | C105: ✓ COMPLETE 3 testing instances • 5 document(s) on file, not credited | D105: Conforms | E105: =IFERROR(INDEX('iCoA Register'!$B:$B,MATCH("P060212|I",'iCoA Register'!$AA:$AA,0)),"iCoA — at issue")&", (21.04.2026) [PP]" | F105: ✓ | G105: Conforms | H105: =IFERROR(INDEX('iCoA Register'!$B:$B,MATCH("P060212|I",'iCoA Register'!$AA:$AA,0)),"iCoA — at issue")&", (21.04.2026) [PP]" | I105: ✓ | J105: Conforms (ImB spec.) | K105: ППК26063, (11.05.2026) [CNP] | L105: ✓ | M105: 19.64 | N105: ППК26063, (11.05.2026) [CNP] | O105: ✓ | P105: 0.06 | Q105: ППК26063, (11.05.2026) [CNP] | R105: ✓ | S105: < LOQ ᴰ | T105: ППК26063, (11.05.2026) [CNP] | U105: ✓ | V105: Conforms | W105: =IFERROR(INDEX('iCoA Register'!$B:$B,MATCH("P060212|I",'iCoA Register'!$AA:$AA,0)),"iCoA — at issue")&", (21.04.2026) [PP]" | X105: ✓ | Y105: 6.69 | Z105: ППК26063, (11.05.2026) [CNP] | AA105: ✓ | AB105: 1 × 10⁴ | AC105: 6.7 × 10³ | AD105: < 10³ and > 10² | AE105: Absent | AF105: Absent | AG105: • | AH105: ND | AI105: < 2 | AJ105: ND | AK105: ✓ | AL105: 0.022 | AM105: 0.0149 | AN105: 0.02 | AO105: 0.0166 | AP105: ✓ | AQ105: ≤ LOQ (all 26 compounds) | AR105: 2361-2026, (30.04.2026) [IJZ] | AS105: ✓
AB106: 306-0550-26, (28.04.2026) [IJZ-MB] · on file, not credited | AH106: 2361-2026, (30.04.2026) [IJZ] | AL106: 2361-2026, (30.04.2026) [IJZ]
G107: not on this certificate | H107: ППК26063, (11.05.2026) [CNP] · on file, not credited | I107: • | J107: Conforms (ImB spec.) | K107: ППК26065, (11.05.2026) [CNP] · on file, not credited | L107: • | M107: 13.93 | N107: ППК26065, (11.05.2026) [CNP] · on file, not credited | O107: • | P107: 0.04 | Q107: ППК26065, (11.05.2026) [CNP] · on file, not credited | R107: • | S107: < LOQ ᴰ | T107: ППК26065, (11.05.2026) [CNP] · on file, not credited | U107: • | Y107: 6.38 | Z107: ППК26065, (11.05.2026) [CNP] · on file, not credited | AA107: • | AB107: 2.6 × 10³ | AC107: 3.3 × 10³ | AD107: not reported | AE107: Absent | AF107: Absent | AG107: ✓ | AH107: ND | AI107: < 2 | AJ107: ND | AK107: • | AL107: 0.0109 | AM107: 0.01287 | AN107: 0.0175 | AO107: 0.0165 | AP107: • | AQ107: ≤ LOQ (all 27 compounds) | AR107: 2365-2026, (30.04.2026) [IJZ] · on file, not credited | AS107: •
AB108: 307-0551-26, (28.04.2026) [IJZ-MB] | AH108: 2365-2026, (30.04.2026) [IJZ] · on file, not credited | AL108: 2365-2026, (30.04.2026) [IJZ] · on file, not credited
G109: not on this certificate | H109: ППК26065, (11.05.2026) [CNP] · on file, not credited | I109: • | J109: Conforms (ImB spec.) ᴿ | K109: 197-15-K-26, (07.08.2026) [FHM-K] | L109: ✓ | M109: 20.32 | N109: 197-15-K-26, (07.08.2026) [FHM-K] | O109: ✓ | P109: < LOQ | Q109: 197-15-K-26, (07.08.2026) [FHM-K] | R109: ✓ | S109: < LOQ | T109: 197-15-K-26, (07.08.2026) [FHM-K] | U109: ✓ | Y109: not on this certificate | Z109: 197-15-K-26, (07.08.2026) [FHM-K] · on file, not credited | AA109: • | AH109: ND | AI109: ND | AJ109: ND | AK109: ✓
AH110: 197-15-M-26, (10.08.2026) [FHM-M]
A111: JD112501＊ | B111: N/A — no P batch assigned | C111: ✓ COMPLETE | D111: Conforms | E111: =IFERROR(INDEX('iCoA Register'!$B:$B,MATCH("JD112501|I",'iCoA Register'!$AA:$AA,0)),"iCoA — at issue")&", (packaging date — to record) [PP]" | F111: ✓ | G111: Conforms | H111: =IFERROR(INDEX('iCoA Register'!$B:$B,MATCH("JD112501|I",'iCoA Register'!$AA:$AA,0)),"iCoA — at issue")&", (packaging date — to record) [PP]" | I111: ✓ | J111: Conforms (ImB spec.) | K111: ППК26065, (11.05.2026) [CNP] | L111: ✓ | M111: 13.93 | N111: ППК26065, (11.05.2026) [CNP] | O111: ✓ | P111: 0.04 | Q111: ППК26065, (11.05.2026) [CNP] | R111: ✓ | S111: < LOQ ᴰ | T111: ППК26065, (11.05.2026) [CNP] | U111: ✓ | V111: Conforms | W111: =IFERROR(INDEX('iCoA Register'!$B:$B,MATCH("JD112501|I",'iCoA Register'!$AA:$AA,0)),"iCoA — at issue")&", (packaging date — to record) [PP]" | X111: ✓ | Y111: 6.38 | Z111: ППК26065, (11.05.2026) [CNP] | AA111: ✓ | AB111: 1 × 10⁴ | AC111: 6.7 × 10³ | AD111: < 10³ and > 10² | AE111: Absent | AF111: Absent | AG111: ✓ | AH111: ND | AI111: < 2 | AJ111: ND | AK111: ✓ | AL111: 0.0109 | AM111: 0.01287 | AN111: 0.0175 | AO111: 0.0165 | AP111: ✓ | AQ111: ≤ LOQ (all 27 compounds) | AR111: 2365-2026, (30.04.2026) [IJZ] | AS111: ✓
AB112: 306-0550-26, (28.04.2026) [IJZ-MB] | AH112: 2365-2026, (30.04.2026) [IJZ] | AL112: 2365-2026, (30.04.2026) [IJZ]
A113: KC102501 | B113: P060172 | C113: ⚠ 3 NO RESULT (3 no cert / 0 cert w/o result) 2 testing instances • 2 document(s) on file, not credited | D113: Conforms | E113: =IFERROR(INDEX('iCoA Register'!$B:$B,MATCH("P060172|I",'iCoA Register'!$AA:$AA,0)),"iCoA — at issue")&", (12.03.2026) [PP]" | F113: ✓ | G113: Conforms | H113: =IFERROR(INDEX('iCoA Register'!$B:$B,MATCH("P060172|I",'iCoA Register'!$AA:$AA,0)),"iCoA — at issue")&", (12.03.2026) [PP]" | I113: ✓ | J113: not on this certificate | K113: 051-4-LoD-26, (02.03.2026) [FHM-K] · on file, not credited | L113: • | M113: not on this certificate | N113: 051-4-LoD-26, (02.03.2026) [FHM-K] · on file, not credited | O113: • | P113: not on this certificate | Q113: 051-4-LoD-26, (02.03.2026) [FHM-K] · on file, not credited | R113: • | S113: not on this certificate | T113: 051-4-LoD-26, (02.03.2026) [FHM-K] · on file, not credited | U113: • | V113: Conforms | W113: =IFERROR(INDEX('iCoA Register'!$B:$B,MATCH("P060172|I",'iCoA Register'!$AA:$AA,0)),"iCoA — at issue")&", (12.03.2026) [PP]" | X113: ✓ | Y113: 8.6 | Z113: 051-4-LoD-26, (02.03.2026) [FHM-K] | AA113: ✓ | AB113: — MISSING — | AC113: — MISSING — | AD113: — MISSING — | AE113: — MISSING — | AF113: — MISSING — | AG113: ✗ | AH113: ND | AI113: ND | AJ113: ND | AK113: ✓ | AL113: — MISSING — | AM113: — MISSING — | AN113: — MISSING — | AO113: — MISSING — | AP113: ✗ | AQ113: — MISSING — | AR113: — no certificate — | AS113: ✗
AB114: — no certificate — | AH114: 220-19-M-26, (11.09.2026) [FHM-M] | AL114: — no certificate —
...

Sheet Batch Dates
A1: Seq | B1: Batch (as listed) | C1: P Batch | D1: Harvest from | E1: Harvest to | F1: Packaging from | G1: Packaging to | H1: iCoA basis (first day of packaging) | I1: Tracker lot | J1: Note
A2: 1 | B2: CJ1024 | D2: 45677 | E2: 45677 | F2: 45719 | G2: 45719 | H2: =F2 | I2: CJ1024 | J2: listed as 'CJ1024 - R&D'
A3: 2 | B3: GG1024 | D3: 45677 | E3: 45677 | F3: 45727 | G3: 45727 | H3: =F3 | I3: GG1024 | J3: listed as 'GG1024- R&D'
A4: 3 | B4: OPM1024 | D4: 45678 | E4: 45678 | F4: 45771 | G4: 45772 | H4: =F4 | I4: OPM1024 | J4: listed as 'OPM1024- R&D'
A5: 4 | B5: BG1024 | D5: 45678 | E5: 45678 | F5: 45723 | G5: 45723 | H5: =F5 | I5: BG1024 | J5: listed as 'BG1024- R&D'
A6: 5 | B6: BSS1024 | D6: 45679 | E6: 45679 | F6: 45720 | G6: 45720 | H6: =F6 | I6: BSS1024 | J6: listed as 'BSS1024- R&D'
A7: 6 | B7: HPA1024 | D7: 45679 | E7: 45679 | F7: 45758 | G7: 45758 | H7: =F7 | I7: HPA1024 | J7: listed as 'HPA1024- R&D'
A8: 7 | B8: GG1024_01 | C8: P050092 | D8: 45733 | E8: 45734 | F8: 45869 | G8: 45874 | H8: =F8 | I8: GG1024_01 | J8: packaging: year 2025 inferred (not printed)
A9: 8 | B9: GP0824_01 | C9: P050102 | D9: 45736 | E9: 45737 | F9: 45874 | G9: 45876 | H9: =F9 | I9: GP0824_01 | J9: packaging: year 2025 inferred (not printed)
A10: 9 | B10: OMP1024_01 | C10: P050042 | D10: 45742 | E10: 45743 | F10: 45828 | G10: 45828 | H10: =F10 | I10: OMP1024_01
A11: 10 | B11: MB0824_04 | C11: P050032 | D11: 45749 | E11: 45750 | F11: 45824 | G11: 45827 | H11: =F11 | I11: MB0824_04
A12: 11 | B12: GG1024_02 | C12: P050012 | D12: 45761 | E12: 45762 | F12: 45819 | G12: 45824 | H12: =F12 | I12: GG1024_02
A13: 12 | B13: GP0824_02 | C13: P050022 | D13: 45769 | E13: 45770 | F13: 45811 | G13: 45819 | H13: =F13 | I13: GP0824_02
A14: 13 | B14: HPA1024_01 | C14: P050052 | D14: 45804 | E14: 45805 | F14: 45835 | G14: 45842 | H14: =F14 | I14: HPA1024_01
A15: 14 | B15: OPM1024_02 | C15: P050062 | D15: 45806 | E15: 45807 | F15: 45842 | G15: 45848 | H15: =F15 | I15: OPM1024_02
A16: 15 | B16: BSS1024_01/1 | C16: P050122 | D16: 45812 | E16: 45813 | F16: 45901 | G16: 45909 | H16: =F16 | I16: BSS1024_01/1 | J16: packaging: year 2025 inferred (not printed)
A17: 16 | B17: BSS1024_01/2 | C17: P050142 | D17: — not given — | E17: — not given — | F17: 45930 | G17: 45930 | H17: =F17 | I17: BSS1024_01/2 | J17: harvest: no date given; packaging: year 2025 inferred (not printed)
A18: 17 | B18: GP0824_03 | C18: P050072 | D18: 45817 | E18: 45818 | F18: 45852 | G18: 45855 | H18: =F18 | I18: GP0824_03 | J18: packaging: year 2025 inferred (not printed)
A19: 18 | B19: OPM1024_03 | C19: P050082 | D19: 45839 | E19: 45840 | F19: 45860 | G19: 45868 | H19: =F19 | I19: OPM1024_03
A20: 19 | B20: MB0824_05 | C20: P050112 | D20: 45846 | E20: 45847 | F20: 45894 | G20: 45900 | H20: =F20 | I20: MB0824_05 | J20: packaging: year 2025 inferred (not printed)
A21: 20 | B21: OPM052501 | C21: P050132 | D21: 45880 | E21: 45882 | F21: 45909 | G21: 45915 | H21: =F21 | I21: OPM052501 | J21: packaging: year 2025 inferred (not printed)
A22: 21 | B22: GP052501 | C22: P050152 | D22: — not given — | E22: — not given — | F22: 45925 | G22: 45925 | H22: =F22 | I22: GP052501 | J22: harvest: no date given
A23: 22 | B23: CJ052501/01 | C23: P050162 | D23: 45889 | E23: 45889 | F23: 45930 | G23: 45931 | H23: =F23 | I23: CJ052501/01
A24: 23 | B24: CJ052501/02 | C24: P050172 | D24: 45889 | E24: 45889 | F24: 45931 | G24: 45932 | H24: =F24 | I24: CJ052501/02
A25: 24 | B25: HPA052501 | C25: P050182 | D25: 45890 | E25: 45892 | F25: 45933 | G25: 45939 | H25: =F25 | I25: HPA052501
A26: 25 | B26: BSS052501 | C26: P050192 | D26: 45901 | E26: 45903 | F26: 45940 | G26: 45951 | H26: =F26 | I26: BSS052501
A27: 26 | B27: GP062501 | C27: P050202 | D27: 45915 | E27: 45917 | F27: 45960 | G27: 45968 | H27: =F27 | I27: GP062501
A28: 27 | B28: SC062501 | C28: P050242 | D28: 45917 | E28: 45917 | F28: 45988 | G28: 45988 | H28: =F28 | I28: — not on the tracker —
A29: 28 | B29: GOG062501 | C29: P050232 | D29: 45917 | E29: 45917 | F29: 45988 | G29: 45988 | H29: =F29 | I29: — not on the tracker —
A30: 29 | B30: CJ062501/1 | C30: P050222 | D30: 45923 | E30: 45923 | F30: 45985 | G30: 45986 | H30: =F30 | I30: CJ062501/1
A31: 30 | B31: CJ062501/2 | C31: P050212 | D31: 45923 | E31: 45924 | F31: 45979 | G31: 45985 | H31: =F31 | I31: CJ062501/2
A32: 31 | B32: CJ072501 | C32: P050252 | D32: 45957 | E32: 45957 | F32: 45988 | G32: 45989 | H32: =F32 | I32: CJ072501
A33: 32 | B33: PM072501 | C33: P050272 | D33: 45957 | E33: 45957 | F33: 45993 | G33: 45994 | H33: =F33 | I33: PM072501
A34: 33 | B34: WC072501 | C34: P050262 | D34: 45957 | E34: 45958 | F34: 45992 | G34: 45992 | H34: =F34 | I34: WC072501
A35: 34 | B35: CLE072501 | C35: P050282 | D35: 45958 | E35: 45958 | F35: 45994 | G35: 45995 | H35: =F35 | I35: CLE072501
A36: 35 | B36: GP072501/1 | C36: P050292 | D36: 45972 | E36: 45974 | F36: 46006 | G36: 46012 | H36: =F36 | I36: GP072501/1 | J36: harvest: printed 11-13-11.2025, read as 11-13.11.2025
A37: 36 | B37: GP072501/2 | C37: P050302 | D37: 45974 | E37: 45974 | F37: 46013 | G37: 46013 | H37: =F37 | I37: GP072501/2
A38: 37 | B38: GP082501/1 | C38: P050312 | D38: 45980 | E38: 45981 | F38: 46014 | G38: 46017 | H38: =F38 | I38: GP082501/1
A39: 38 | B39: GP082501/2 | C39: P050322 | D39: 45981 | E39: 45981 | F39: 46017 | G39: 46017 | H39: =F39 | I39: GP082501/2
A40: 39 | B40: WC082501 | C40: P060012 | D40: 46000 | E40: 46000 | F40: 46035 | G40: 46036 | H40: =F40 | I40: WC082501
A41: 40 | B41: CJ082501/1 | C41: P060022 | D41: 46000 | E41: 46001 | F41: 46038 | G41: 46038 | H41: =F41 | I41: CJ082501/1
A42: 41 | B42: CJ082501/2 | C42: P060032 | D42: 46001 | E42: 46001 | F42: 46051 | G42: 46051 | H42: =F42 | I42: CJ082501/2
A43: 42 | B43: PM092501 | C43: P060062 | D43: 46002 | E43: 46002 | F43: 46052 | G43: 46052 | H43: =F43 | I43: PM092501
A44: 43 | B44: AB092501 | C44: P060052 | D44: 46002 | E44: 46002 | F44: 46052 | G44: 46052 | H44: =F44 | I44: AB092501
A45: 44 | B45: SJ0925021 | C45: P060082 | D45: 46002 | E45: 46003 | F45: 46055 | G45: 46055 | H45: =F45 | I45: SJ0925021
A46: 45 | B46: CJ092501 | C46: P060072 | D46: 46003 | E46: 46003 | F46: 46055 | G46: 46055 | H46: =F46 | I46: CJ092501
A47: 46 | B47: OPM092501 | C47: P060042 | D47: 46003 | E47: 46003 | F47: 46051 | G47: 46051 | H47: =F47 | I47: OPM092501
A48: 47 | B48: GP092501 | C48: P060092 | D48: 46007 | E48: 46008 | F48: 46056 | G48: 46062 | H48: =F48 | I48: GP092501
... A88: 87 | B88: JD042601 | C88: P060492 | D88: 46224 | E88: 46224 | F88: 46247 | G88: 46247 | H88: =F88 | I88: JD042601
A90: Head of QC, 04.09.2026: date of harvest and packaging date per batch, as sent (batch_dates_raw_2026-09-04.tsv), normalised by batch_dates.py. A year the list does not print is the harvest year of the same row, else the year of the row above (the list is chronological); '11-13-11.2025' is read as 11-13.11.2025; '0' and ']' are no date. The iCoA for identification A, B and foreign matter is dated on the first day of packaging, the day the issuance plan of 31.08.2026 already uses as the CoQ basis. Rows without a tracker lot are batches the owner's tracker does not carry; tracker lots without a row keep 'packaging date — to record'. The iCoA Register looks its packaging dates up here by P batch (else by the batch as listed): a date corrected on this sheet moves the register's earliest and preliminary issue dates with it.

Sheet iCoA Register
A1: No. | B1: iCoA code | C1: Issuable | D1: Issue date (planned) | E1: Test date (packaging) | F1: Packaging complete | G1: Group | H1: Series | I1: CU Batch | J1: P Batch | K1: Strain | L1: iCoA scope | M1: CNP reference | N1: CoQ (register) | O1: Plan reference (31.08.2026) | P1: Basis date | Q1: Harvest | R1: Packaging | S1: CoQ issue (planned) | T1: #1 Ident. A | U1: #2 Ident. B | V1: #7 Foreign matter | W1: Ident C — covered by (eCoA) | X1: Retest assay #4–#6 (eCoA) | Y1: Retest mycotoxins #10 (eCoA) | Z1: Carried forward | AA1: Key | AB1: Status
A2: 1 | B2: iCoA-PP_26-001 | C2: yes | D2: =IF(A2="","",IF(ISNUMBER(E2),MAX(DATE(2026,6,3),E2),DATE(2026,6,3))) | E2: =IFERROR(INDEX('Batch Dates'!$F:$F,MATCH(J2,'Batch Dates'!$C:$C,0)),IFERROR(INDEX('Batch Dates'!$F:$F,MATCH(I2,'Batch Dates'!$B:$B,0)),"")) | F2: =IFERROR(INDEX('Batch Dates'!$G:$G,MATCH(J2,'Batch Dates'!$C:$C,0)),IFERROR(INDEX('Batch Dates'!$G:$G,MATCH(I2,'Batch Dates'!$B:$B,0)),"")) | G2: legacy | H2: initial release | I2: CJ1024 | J2: N/A — no P batch assigned | K2: Cap Junky | L2: Ident A + Ident B + Foreign matter | M2: — | N2: =IFERROR(INDEX('CoQ Register'!$B:$B,MATCH("CJ1024|I",'CoQ Register'!$S:$S,0)),"—") | O2: — | P2: 27.02.2025 | Q2: 20.01.2025 | R2: 03.03.2025 (the issuance plan's basis: 27.02.2025) | S2: =IFERROR(INDEX('CoQ Register'!$D:$D,MATCH("CJ1024|I",'CoQ Register'!$S:$S,0)),"") | T2: Conforms | U2: Conforms | V2: Conforms | W2: ППК25052, (26.02.2025) [CNP] | X2: — | Y2: — | Z2: — | AA2: CJ1024|I | AB2: registered — initial release, issued 03.06.2026
A3: 2 | B3: iCoA-PP_26-002 | C3: yes | D3: =IF(A3="","",IF(ISNUMBER(E3),MAX(DATE(2026,6,3),E3),DATE(2026,6,3))) | E3: =IFERROR(INDEX('Batch Dates'!$F:$F,MATCH(J3,'Batch Dates'!$C:$C,0)),IFERROR(INDEX('Batch Dates'!$F:$F,MATCH(I3,'Batch Dates'!$B:$B,0)),"")) | F3: =IFERROR(INDEX('Batch Dates'!$G:$G,MATCH(J3,'Batch Dates'!$C:$C,0)),IFERROR(INDEX('Batch Dates'!$G:$G,MATCH(I3,'Batch Dates'!$B:$B,0)),"")) | G3: legacy | H3: initial release | I3: BSS1024 | J3: N/A — no P batch assigned | K3: Blue Sunset Sherbet | L3: Ident A + Ident B + Foreign matter | M3: — | N3: =IFERROR(INDEX('CoQ Register'!$B:$B,MATCH("BSS1024|I",'CoQ Register'!$S:$S,0)),"—") | O3: iCoA-PP-2025-0001 | P3: 04.03.2025 | Q3: 22.01.2025 | R3: 04.03.2025 | S3: =IFERROR(INDEX('CoQ Register'!$D:$D,MATCH("BSS1024|I",'CoQ Register'!$S:$S,0)),"") | T3: Conforms | U3: Conforms | V3: Conforms | W3: ППК25051, (26.02.2025) [CNP] | X3: — | Y3: — | Z3: — | AA3: BSS1024|I | AB3: registered — initial release, issued 03.06.2026
A4: 3 | B4: iCoA-PP_26-003 | C4: yes | D4: =IF(A4="","",IF(ISNUMBER(E4),MAX(DATE(2026,6,3),E4),DATE(2026,6,3))) | E4: =IFERROR(INDEX('Batch Dates'!$F:$F,MATCH(J4,'Batch Dates'!$C:$C,0)),IFERROR(INDEX('Batch Dates'!$F:$F,MATCH(I4,'Batch Dates'!$B:$B,0)),"")) | F4: =IFERROR(INDEX('Batch Dates'!$G:$G,MATCH(J4,'Batch Dates'!$C:$C,0)),IFERROR(INDEX('Batch Dates'!$G:$G,MATCH(I4,'Batch Dates'!$B:$B,0)),"")) | G4: legacy | H4: initial release | I4: BG1024 | J4: N/A — no P batch assigned | K4: Blue Gelato | L4: Ident A + Ident B + Foreign matter | M4: — | N4: =IFERROR(INDEX('CoQ Register'!$B:$B,MATCH("BG1024|I",'CoQ Register'!$S:$S,0)),"—") | O4: iCoA-PP-2025-0002 | P4: 07.03.2025 | Q4: 21.01.2025 | R4: 07.03.2025 | S4: =IFERROR(INDEX('CoQ Register'!$D:$D,MATCH("BG1024|I",'CoQ Register'!$S:$S,0)),"") | T4: Conforms | U4: Conforms | V4: Conforms | W4: ППК25050, (26.02.2025) [CNP] | X4: — | Y4: — | Z4: — | AA4: BG1024|I | AB4: registered — initial release, issued 03.06.2026
A5: 4 | B5: iCoA-PP_26-004 | C5: yes | D5: =IF(A5="","",IF(ISNUMBER(E5),MAX(DATE(2026,6,3),E5),DATE(2026,6,3))) | E5: =IFERROR(INDEX('Batch Dates'!$F:$F,MATCH(J5,'Batch Dates'!$C:$C,0)),IFERROR(INDEX('Batch Dates'!$F:$F,MATCH(I5,'Batch Dates'!$B:$B,0)),"")) | F5: =IFERROR(INDEX('Batch Dates'!$G:$G,MATCH(J5,'Batch Dates'!$C:$C,0)),IFERROR(INDEX('Batch Dates'!$G:$G,MATCH(I5,'Batch Dates'!$B:$B,0)),"")) | G5: legacy | H5: initial release | I5: GG1024 | J5: N/A — no P batch assigned | K5: Gorilla Glue | L5: Ident A + Ident B + Foreign matter | M5: — | N5: =IFERROR(INDEX('CoQ Register'!$B:$B,MATCH("GG1024|I",'CoQ Register'!$S:$S,0)),"—") | O5: iCoA-PP-2025-0003 | P5: 11.03.2025 | Q5: 20.01.2025 | R5: 11.03.2025 | S5: =IFERROR(INDEX('CoQ Register'!$D:$D,MATCH("GG1024|I",'CoQ Register'!$S:$S,0)),"") | T5: Conforms | U5: Conforms | V5: Conforms | W5: — no cannabinoid certificate from the initial testing — | X5: — | Y5: — | Z5: — | AA5: GG1024|I | AB5: registered — initial release, issued 03.06.2026
A6: 5 | B6: iCoA-PP_26-005 | C6: yes | D6: =IF(A6="","",IF(ISNUMBER(E6),MAX(DATE(2026,6,3),E6),DATE(2026,6,3))) | E6: =IFERROR(INDEX('Batch Dates'!$F:$F,MATCH(J6,'Batch Dates'!$C:$C,0)),IFERROR(INDEX('Batch Dates'!$F:$F,MATCH(I6,'Batch Dates'!$B:$B,0)),"")) | F6: =IFERROR(INDEX('Batch Dates'!$G:$G,MATCH(J6,'Batch Dates'!$C:$C,0)),IFERROR(INDEX('Batch Dates'!$G:$G,MATCH(I6,'Batch Dates'!$B:$B,0)),"")) | G6: legacy | H6: initial release | I6: HPA1024 | J6: N/A — no P batch assigned | K6: High Pro Amnesia | L6: Ident A + Ident B + #4 + #5 + Foreign matter + #9.1 + #9.2 + #9.3 + #9.4 + #9.5 + #10.2 + #11.1 + #11.2 + #11.3 + #11.4 + #12 | M6: — | N6: =IFERROR(INDEX('CoQ Register'!$B:$B,MATCH("HPA1024|I",'CoQ Register'!$S:$S,0)),"—") | O6: iCoA-PP-2025-0004 | P6: 11.04.2025 | Q6: 22.01.2025 | R6: 11.04.2025 | S6: =IFERROR(INDEX('CoQ Register'!$D:$D,MATCH("HPA1024|I",'CoQ Register'!$S:$S,0)),"") | T6: Conforms | U6: Conforms | V6: Conforms | W6: — no cannabinoid certificate from the initial testing — | X6: — | Y6: — | Z6: — | AA6: HPA1024|I | AB6: registered — initial release, issued 03.06.2026
A7: 6 | B7: iCoA-PP_26-006 | C7: yes | D7: =IF(A7="","",IF(ISNUMBER(E7),MAX(DATE(2026,6,3),E7),DATE(2026,6,3))) | E7: =IFERROR(INDEX('Batch Dates'!$F:$F,MATCH(J7,'Batch Dates'!$C:$C,0)),IFERROR(INDEX('Batch Dates'!$F:$F,MATCH(I7,'Batch Dates'!$B:$B,0)),"")) | F7: =IFERROR(INDEX('Batch Dates'!$G:$G,MATCH(J7,'Batch Dates'!$C:$C,0)),IFERROR(INDEX('Batch Dates'!$G:$G,MATCH(I7,'Batch Dates'!$B:$B,0)),"")) | G7: legacy | H7: initial release | I7: OPM1024 | J7: N/A — no P batch assigned | K7: Orange Punch Mimosa | L7: Ident A + Ident B + #4 + #5 + Foreign matter + #9.1 + #9.2 + #9.3 + #9.4 + #9.5 + #10.2 + #11.1 + #11.2 + #11.3 + #11.4 + #12 | M7: — | N7: =IFERROR(INDEX('CoQ Register'!$B:$B,MATCH("OPM1024|I",'CoQ Register'!$S:$S,0)),"—") | O7: iCoA-PP-2025-0005 | P7: 24.04.2025 | Q7: 21.01.2025 | R7: 24.04.2025 – 25.04.2025 | S7: =IFERROR(INDEX('CoQ Register'!$D:$D,MATCH("OPM1024|I",'CoQ Register'!$S:$S,0)),"") | T7: Conforms | U7: Conforms | V7: Conforms | W7: — no cannabinoid certificate from the initial testing — | X7: — | Y7: — | Z7: — | AA7: OPM1024|I | AB7: registered — initial release, issued 03.06.2026
A8: 7 | B8: iCoA-PP_26-007 | C8: yes | D8: =IF(A8="","",IF(ISNUMBER(E8),MAX(DATE(2026,6,3),E8),DATE(2026,6,3))) | E8: =IFERROR(INDEX('Batch Dates'!$F:$F,MATCH(J8,'Batch Dates'!$C:$C,0)),IFERROR(INDEX('Batch Dates'!$F:$F,MATCH(I8,'Batch Dates'!$B:$B,0)),"")) | F8: =IFERROR(INDEX('Batch Dates'!$G:$G,MATCH(J8,'Batch Dates'!$C:$C,0)),IFERROR(INDEX('Batch Dates'!$G:$G,MATCH(I8,'Batch Dates'!$B:$B,0)),"")) | G8: legacy | H8: initial release | I8: GP0824_02 | J8: P050022 | K8: Grape Pie | L8: Ident A + Ident B + Foreign matter | M8: — | N8: =IFERROR(INDEX('CoQ Register'!$B:$B,MATCH("P050022|I",'CoQ Register'!$S:$S,0)),"—") | O8: iCoA-PP-2025-0006 | P8: 03.06.2025 | Q8: 22.04.2025 – 23.04.2025 | R8: 03.06.2025 – 11.06.2025 | S8: =IFERROR(INDEX('CoQ Register'!$D:$D,MATCH("P050022|I",'CoQ Register'!$S:$S,0)),"") | T8: Conforms | U8: Conforms | V8: Conforms | W8: ППК25139, (22.05.2025) [CNP] | X8: — | Y8: — | Z8: — | AA8: P050022|I | AB8: registered — initial release, issued 03.06.2026
A9: 8 | B9: iCoA-PP_26-008 | C9: yes | D9: =IF(A9="","",IF(ISNUMBER(E9),MAX(DATE(2026,6,3),E9),DATE(2026,6,3))) | E9: =IFERROR(INDEX('Batch Dates'!$F:$F,MATCH(J9,'Batch Dates'!$C:$C,0)),IFERROR(INDEX('Batch Dates'!$F:$F,MATCH(I9,'Batch Dates'!$B:$B,0)),"")) | F9: =IFERROR(INDEX('Batch Dates'!$G:$G,MATCH(J9,'Batch Dates'!$C:$C,0)),IFERROR(INDEX('Batch Dates'!$G:$G,MATCH(I9,'Batch Dates'!$B:$B,0)),"")) | G9: legacy | H9: initial release | I9: GG1024_02 | J9: P050012 | K9: Gorilla Glue | L9: Ident A + Ident B + Foreign matter | M9: — | N9: =IFERROR(INDEX('CoQ Register'!$B:$B,MATCH("P050012|I",'CoQ Register'!$S:$S,0)),"—") | O9: — | P9: 30.05.2025 | Q9: 14.04.2025 – 15.04.2025 | R9: 11.06.2025 – 16.06.2025 (the issuance plan's basis: 30.05.2025) | S9: =IFERROR(INDEX('CoQ Register'!$D:$D,MATCH("P050012|I",'CoQ Register'!$S:$S,0)),"") | T9: Conforms | U9: Conforms | V9: Conforms | W9: ППК25140, (22.05.2025) [CNP] | X9: — | Y9: — | Z9: — | AA9: P050012|I | AB9: registered — initial release, issued 03.06.2026
A10: 9 | B10: iCoA-PP_26-009 | C10: yes | D10: =IF(A10="","",IF(ISNUMBER(E10),MAX(DATE(2026,6,3),E10),DATE(2026,6,3))) | E10: =IFERROR(INDEX('Batch Dates'!$F:$F,MATCH(J10,'Batch Dates'!$C:$C,0)),IFERROR(INDEX('Batch Dates'!$F:$F,MATCH(I10,'Batch Dates'!$B:$B,0)),"")) | F10: =IFERROR(INDEX('Batch Dates'!$G:$G,MATCH(J10,'Batch Dates'!$C:$C,0)),IFERROR(INDEX('Batch Dates'!$G:$G,MATCH(I10,'Batch Dates'!$B:$B,0)),"")) | G10: legacy | H10: initial release | I10: MB0824_04 | J10: P050032 | K10: Motor Breath | L10: Ident A + Ident B + Foreign matter | M10: — | N10: =IFERROR(INDEX('CoQ Register'!$B:$B,MATCH("P050032|I",'CoQ Register'!$S:$S,0)),"—") | O10: — | P10: 07.05.2025 | Q10: 02.04.2025 – 03.04.2025 | R10: 16.06.2025 – 19.06.2025 (the issuance plan's basis: 07.05.2025) | S10: =IFERROR(INDEX('CoQ Register'!$D:$D,MATCH("P050032|I",'CoQ Register'!$S:$S,0)),"") | T10: Conforms | U10: Conforms | V10: Conforms | W10: ППК25118, (06.05.2025) [CNP] | X10: — | Y10: — | Z10: — | AA10: P050032|I | AB10: registered — initial release, issued 03.06.2026
A11: 10 | B11: iCoA-PP_26-010 | C11: yes | D11: =IF(A11="","",IF(ISNUMBER(E11),MAX(DATE(2026,6,3),E11),DATE(2026,6,3))) | E11: =IFERROR(INDEX('Batch Dates'!$F:$F,MATCH(J11,'Batch Dates'!$C:$C,0)),IFERROR(INDEX('Batch Dates'!$F:$F,MATCH(I11,'Batch Dates'!$B:$B,0)),"")) | F11: =IFERROR(INDEX('Batch Dates'!$G:$G,MATCH(J11,'Batch Dates'!$C:$C,0)),IFERROR(INDEX('Batch Dates'!$G:$G,MATCH(I11,'Batch Dates'!$B:$B,0)),"")) | G11: legacy | H11: initial release | I11: HPA1024_01 | J11: P050052 | K11: High Pro Amnesia | L11: Ident A + Ident B + Foreign matter | M11: — | N11: =IFERROR(INDEX('CoQ Register'!$B:$B,MATCH("P050052|I",'CoQ Register'!$S:$S,0)),"—") | O11: iCoA-PP-2025-0008 | P11: 27.06.2025 | Q11: 27.05.2025 – 28.05.2025 | R11: 27.06.2025 – 04.07.2025 | S11: =IFERROR(INDEX('CoQ Register'!$D:$D,MATCH("P050052|I",'CoQ Register'!$S:$S,0)),"") | T11: Conforms | U11: Conforms | V11: Conforms | W11: ППК25155, (24.06.2025) [CNP] | X11: — | Y11: — | Z11: — | AA11: P050052|I | AB11: registered — initial release, issued 03.06.2026
A12: 11 | B12: iCoA-PP_26-011 | C12: yes | D12: =IF(A12="","",IF(ISNUMBER(E12),MAX(DATE(2026,6,3),E12),DATE(2026,6,3))) | E12: =IFERROR(INDEX('Batch Dates'!$F:$F,MATCH(J12,'Batch Dates'!$C:$C,0)),IFERROR(INDEX('Batch Dates'!$F:$F,MATCH(I12,'Batch Dates'!$B:$B,0)),"")) | F12: =IFERROR(INDEX('Batch Dates'!$G:$G,MATCH(J12,'Batch Dates'!$C:$C,0)),IFERROR(INDEX('Batch Dates'!$G:$G,MATCH(I12,'Batch Dates'!$B:$B,0)),"")) | G12: legacy | H12: initial release | I12: OPM1024_02 | J12: P050062 | K12: Orange Punch Mimosa | L12: Ident A + Ident B + Foreign matter | M12: — | N12: =IFERROR(INDEX('CoQ Register'!$B:$B,MATCH("P050062|I",'CoQ Register'!$S:$S,0)),"—") | O12: iCoA-PP-2025-0009 | P12: 04.07.2025 | Q12: 29.05.2025 – 30.05.2025 | R12: 04.07.2025 – 10.07.2025 | S12: =IFERROR(INDEX('CoQ Register'!$D:$D,MATCH("P050062|I",'CoQ Register'!$S:$S,0)),"") | T12: Conforms | U12: Conforms | V12: Conforms | W12: ППК25154, (24.06.2025) [CNP] | X12: — | Y12: — | Z12: — | AA12: P050062|I | AB12: registered — initial release, issued 03.06.2026
A13: 12 | B13: iCoA-PP_26-012 | C13: yes | D13: =IF(A13="","",IF(ISNUMBER(E13),MAX(DATE(2026,6,3),E13),DATE(2026,6,3))) | E13: =IFERROR(INDEX('Batch Dates'!$F:$F,MATCH(J13,'Batch Dates'!$C:$C,0)),IFERROR(INDEX('Batch Dates'!$F:$F,MATCH(I13,'Batch Dates'!$B:$B,0)),"")) | F13: =IFERROR(INDEX('Batch Dates'!$G:$G,MATCH(J13,'Batch Dates'!$C:$C,0)),IFERROR(INDEX('Batch Dates'!$G:$G,MATCH(I13,'Batch Dates'!$B:$B,0)),"")) | G13: legacy | H13: initial release | I13: GP0824_03 | J13: P050072 | K13: Grape Pie | L13: Ident A + Ident B + Foreign matter | M13: — | N13: =IFERROR(INDEX('CoQ Register'!$B:$B,MATCH("P050072|I",'CoQ Register'!$S:$S,0)),"—") | O13: iCoA-PP-2025-0010 | P13: 14.07.2025 | Q13: 09.06.2025 – 10.06.2025 | R13: 14.07.2025 – 17.07.2025 | S13: =IFERROR(INDEX('CoQ Register'!$D:$D,MATCH("P050072|I",'CoQ Register'!$S:$S,0)),"") | T13: Conforms | U13: Conforms | V13: Conforms | W13: ППК25175, (10.07.2025) [CNP] | X13: — | Y13: — | Z13: — | AA13: P050072|I | AB13: registered — initial release, issued 03.06.2026
A14: 13 | B14: iCoA-PP_26-013 | C14: yes | D14: =IF(A14="","",IF(ISNUMBER(E14),MAX(DATE(2026,6,3),E14),DATE(2026,6,3))) | E14: =IFERROR(INDEX('Batch Dates'!$F:$F,MATCH(J14,'Batch Dates'!$C:$C,0)),IFERROR(INDEX('Batch Dates'!$F:$F,MATCH(I14,'Batch Dates'!$B:$B,0)),"")) | F14: =IFERROR(INDEX('Batch Dates'!$G:$G,MATCH(J14,'Batch Dates'!$C:$C,0)),IFERROR(INDEX('Batch Dates'!$G:$G,MATCH(I14,'Batch Dates'!$B:$B,0)),"")) | G14: legacy | H14: initial release | I14: OPM1024_03 | J14: P050082 | K14: Orange Punch Mimosa | L14: Ident A + Ident B + Foreign matter | M14: — | N14: =IFERROR(INDEX('CoQ Register'!$B:$B,MATCH("P050082|I",'CoQ Register'!$S:$S,0)),"—") | O14: iCoA-PP-2025-0011 | P14: 22.07.2025 | Q14: 01.07.2025 – 02.07.2025 | R14: 22.07.2025 – 30.07.2025 | S14: =IFERROR(INDEX('CoQ Register'!$D:$D,MATCH("P050082|I",'CoQ Register'!$S:$S,0)),"") | T14: Conforms | U14: Conforms | V14: Conforms | W14: ППК25210, (28.07.2025) [CNP] | X14: — | Y14: — | Z14: — | AA14: P050082|I | AB14: registered — initial release, issued 03.06.2026
A15: 14 | B15: iCoA-PP_26-014 | C15: yes | D15: =IF(A15="","",IF(ISNUMBER(E15),MAX(DATE(2026,6,3),E15),DATE(2026,6,3))) | E15: =IFERROR(INDEX('Batch Dates'!$F:$F,MATCH(J15,'Batch Dates'!$C:$C,0)),IFERROR(INDEX('Batch Dates'!$F:$F,MATCH(I15,'Batch Dates'!$B:$B,0)),"")) | F15: =IFERROR(INDEX('Batch Dates'!$G:$G,MATCH(J15,'Batch Dates'!$C:$C,0)),IFERROR(INDEX('Batch Dates'!$G:$G,MATCH(I15,'Batch Dates'!$B:$B,0)),"")) | G15: legacy | H15: initial release | I15: GG1024_01 | J15: P050092 | K15: Gorilla Glue | L15: Ident A + Ident B + Foreign matter | M15: — | N15: =IFERROR(INDEX('CoQ Register'!$B:$B,MATCH("P050092|I",'CoQ Register'!$S:$S,0)),"—") | O15: iCoA-PP-2025-0012 | P15: 31.07.2025 | Q15: 17.03.2025 – 18.03.2025 | R15: 31.07.2025 – 05.08.2025 | S15: =IFERROR(INDEX('CoQ Register'!$D:$D,MATCH("P050092|I",'CoQ Register'!$S:$S,0)),"") | T15: Conforms | U15: Conforms | V15: Conforms | W15: ППК25104, (17.04.2025) [CNP] | X15: — | Y15: — | Z15: — | AA15: P050092|I | AB15: registered — initial release, issued 03.06.2026
A16: 15 | B16: iCoA-PP_26-015 | C16: yes | D16: =IF(A16="","",IF(ISNUMBER(E16),MAX(DATE(2026,6,3),E16),DATE(2026,6,3))) | E16: =IFERROR(INDEX('Batch Dates'!$F:$F,MATCH(J16,'Batch Dates'!$C:$C,0)),IFERROR(INDEX('Batch Dates'!$F:$F,MATCH(I16,'Batch Dates'!$B:$B,0)),"")) | F16: =IFERROR(INDEX('Batch Dates'!$G:$G,MATCH(J16,'Batch Dates'!$C:$C,0)),IFERROR(INDEX('Batch Dates'!$G:$G,MATCH(I16,'Batch Dates'!$B:$B,0)),"")) | G16: legacy | H16: initial release | I16: GP0824_01 | J16: P050102 | K16: Grape Pie | L16: Ident A + Ident B + Foreign matter | M16: — | N16: =IFERROR(INDEX('CoQ Register'!$B:$B,MATCH("P050102|I",'CoQ Register'!$S:$S,0)),"—") | O16: — | P16: 17.04.2025 | Q16: 20.03.2025 – 21.03.2025 | R16: 05.08.2025 – 07.08.2025 (the issuance plan's basis: 17.04.2025) | S16: =IFERROR(INDEX('CoQ Register'!$D:$D,MATCH("P050102|I",'CoQ Register'!$S:$S,0)),"") | T16: Conforms | U16: Conforms | V16: Conforms | W16: ППК25105, (17.04.2025) [CNP] | X16: — | Y16: — | Z16: — | AA16: P050102|I | AB16: registered — initial release, issued 03.06.2026
A17: 16 | B17: iCoA-PP_26-016 | C17: yes | D17: =IF(A17="","",IF(ISNUMBER(E17),MAX(DATE(2026,6,3),E17),DATE(2026,6,3))) | E17: =IFERROR(INDEX('Batch Dates'!$F:$F,MATCH(J17,'Batch Dates'!$C:$C,0)),IFERROR(INDEX('Batch Dates'!$F:$F,MATCH(I17,'Batch Dates'!$B:$B,0)),"")) | F17: =IFERROR(INDEX('Batch Dates'!$G:$G,MATCH(J17,'Batch Dates'!$C:$C,0)),IFERROR(INDEX('Batch Dates'!$G:$G,MATCH(I17,'Batch Dates'!$B:$B,0)),"")) | G17: legacy | H17: initial release | I17: MB0824_05 | J17: P050112 | K17: Motor Breath | L17: Ident A + Ident B + Foreign matter | M17: — | N17: =IFERROR(INDEX('CoQ Register'!$B:$B,MATCH("P050112|I",'CoQ Register'!$S:$S,0)),"—") | O17: iCoA-PP-2025-0013 | P17: 25.08.2025 | Q17: 08.07.2025 – 09.07.2025 | R17: 25.08.2025 – 31.08.2025 | S17: =IFERROR(INDEX('CoQ Register'!$D:$D,MATCH("P050112|I",'CoQ Register'!$S:$S,0)),"") | T17: Conforms | U17: Conforms | V17: Conforms | W17: ППК25211, (28.07.2025) [CNP] | X17: — | Y17: — | Z17: — | AA17: P050112|I | AB17: registered — initial release, issued 03.06.2026
A18: 17 | B18: iCoA-PP_26-017 | C18: yes | D18: =IF(A18="","",IF(ISNUMBER(E18),MAX(DATE(2026,6,3),E18),DATE(2026,6,3))) | E18: =IFERROR(INDEX('Batch Dates'!$F:$F,MATCH(J18,'Batch Dates'!$C:$C,0)),IFERROR(INDEX('Batch Dates'!$F:$F,MATCH(I18,'Batch Dates'!$B:$B,0)),"")) | F18: =IFERROR(INDEX('Batch Dates'!$G:$G,MATCH(J18,'Batch Dates'!$C:$C,0)),IFERROR(INDEX('Batch Dates'!$G:$G,MATCH(I18,'Batch Dates'!$B:$B,0)),"")) | G18: legacy | H18: initial release | I18: OPM052501 | J18: P050132 | K18: Orange Punch Mimosa | L18: Ident A + Ident B + Foreign matter | M18: — | N18: =IFERROR(INDEX('CoQ Register'!$B:$B,MATCH("P050132|I",'CoQ Register'!$S:$S,0)),"—") | O18: — | P18: 05.09.2025 | Q18: 11.08.2025 – 13.08.2025 | R18: 09.09.2025 – 15.09.2025 (the issuance plan's basis: 05.09.2025) | S18: =IFERROR(INDEX('CoQ Register'!$D:$D,MATCH("P050132|I",'CoQ Register'!$S:$S,0)),"") | T18: Conforms | U18: Conforms | V18: Conforms | W18: ППК25257, (05.09.2025) [CNP] | X18: — | Y18: — | Z18: — | AA18: P050132|I | AB18: registered — initial release, issued 03.06.2026
A19: 18 | B19: iCoA-PP_26-018 | C19: yes | D19: =IF(A19="","",IF(ISNUMBER(E19),MAX(DATE(2026,6,3),E19),DATE(2026,6,3))) | E19: =IFERROR(INDEX('Batch Dates'!$F:$F,MATCH(J19,'Batch Dates'!$C:$C,0)),IFERROR(INDEX('Batch Dates'!$F:$F,MATCH(I19,'Batch Dates'!$B:$B,0)),"")) | F19: =IFERROR(INDEX('Batch Dates'!$G:$G,MATCH(J19,'Batch Dates'!$C:$C,0)),IFERROR(INDEX('Batch Dates'!$G:$G,MATCH(I19,'Batch Dates'!$B:$B,0)),"")) | G19: legacy | H19: initial release | I19: GP052501 | J19: P050152 | K19: Grape Pie | L19: Ident A + Ident B + Foreign matter | M19: — | N19: =IFERROR(INDEX('CoQ Register'!$B:$B,MATCH("P050152|I",'CoQ Register'!$S:$S,0)),"—") | O19: iCoA-PP-2025-0014 | P19: 25.09.2025 | Q19: — not given — | R19: 25.09.2025 | S19: =IFERROR(INDEX('CoQ Register'!$D:$D,MATCH("P050152|I",'CoQ Register'!$S:$S,0)),"") | T19: Conforms | U19: Conforms | V19: Conforms | W19: ППК25279, (19.09.2025) [CNP] | X19: — | Y19: — | Z19: — | AA19: P050152|I | AB19: registered — initial release, issued 03.06.2026
A20: 19 | B20: iCoA-PP_26-019 | C20: yes | D20: =IF(A20="","",IF(ISNUMBER(E20),MAX(DATE(2026,6,3),E20),DATE(2026,6,3))) | E20: =IFERROR(INDEX('Batch Dates'!$F:$F,MATCH(J20,'Batch Dates'!$C:$C,0)),IFERROR(INDEX('Batch Dates'!$F:$F,MATCH(I20,'Batch Dates'!$B:$B,0)),"")) | F20: =IFERROR(INDEX('Batch Dates'!$G:$G,MATCH(J20,'Batch Dates'!$C:$C,0)),IFERROR(INDEX('Batch Dates'!$G:$G,MATCH(I20,'Batch Dates'!$B:$B,0)),"")) | G20: legacy | H20: initial release | I20: BSS1024_01/2 | J20: P050142 | K20: Blue Sunset Sherbet | L20: Ident A + Ident B + Foreign matter | M20: — | N20: =IFERROR(INDEX('CoQ Register'!$B:$B,MATCH("P050142|I",'CoQ Register'!$S:$S,0)),"—") | O20: — | P20: 30.09.2025 | Q20: — not given — | R20: 30.09.2025 | S20: =IFERROR(INDEX('CoQ Register'!$D:$D,MATCH("P050142|I",'CoQ Register'!$S:$S,0)),"") | T20: Conforms | U20: Conforms | V20: Conforms | W20: — no cannabinoid certificate from the initial testing — | X20: — | Y20: — | Z20: — | AA20: P050142|I | AB20: registered — initial release, issued 03.06.2026
A21: 20 | B21: iCoA-PP_26-020 | C21: yes | D21: =IF(A21="","",IF(ISNUMBER(E21),MAX(DATE(2026,6,3),E21),DATE(2026,6,3))) | E21: =IFERROR(INDEX('Batch Dates'!$F:$F,MATCH(J21,'Batch Dates'!$C:$C,0)),IFERROR(INDEX('Batch Dates'!$F:$F,MATCH(I21,'Batch Dates'!$B:$B,0)),"")) | F21: =IFERROR(INDEX('Batch Dates'!$G:$G,MATCH(J21,'Batch Dates'!$C:$C,0)),IFERROR(INDEX('Batch Dates'!$G:$G,MATCH(I21,'Batch Dates'!$B:$B,0)),"")) | G21: legacy | H21: initial release | I21: CJ052501/01 | J21: P050162 | K21: Cap Junky | L21: Ident A + Ident B + Foreign matter | M21: — | N21: =IFERROR(INDEX('CoQ Register'!$B:$B,MATCH("P050162|I",'CoQ Register'!$S:$S,0)),"—") | O21: iCoA-PP-2025-0015 | P21: 30.09.2025 | Q21: 20.08.2025 | R21: 30.09.2025 – 01.10.2025 | S21: =IFERROR(INDEX('CoQ Register'!$D:$D,MATCH("P050162|I",'CoQ Register'!$S:$S,0)),"") | T21: Conforms | U21: Conforms | V21: Conforms | W21: ППК25280, (17.09.2025) [CNP] | X21: — | Y21: — | Z21: — | AA21: P050162|I | AB21: registered — initial release, issued 03.06.2026
A22: 21 | B22: iCoA-PP_26-021 | C22: yes | D22: =IF(A22="","",IF(ISNUMBER(E22),MAX(DATE(2026,6,3),E22),DATE(2026,6,3))) | E22: =IFERROR(INDEX('Batch Dates'!$F:$F,MATCH(J22,'Batch Dates'!$C:$C,0)),IFERROR(INDEX('Batch Dates'!$F:$F,MATCH(I22,'Batch Dates'!$B:$B,0)),"")) | F22: =IFERROR(INDEX('Batch Dates'!$G:$G,MATCH(J22,'Batch Dates'!$C:$C,0)),IFERROR(INDEX('Batch Dates'!$G:$G,MATCH(I22,'Batch Dates'!$B:$B,0)),"")) | G22: legacy | H22: initial release | I22: CJ052501/02 | J22: P050172 | K22: Cap Junky | L22: Ident A + Ident B + Foreign matter | M22: — | N22: =IFERROR(INDEX('CoQ Register'!$B:$B,MATCH("P050172|I",'CoQ Register'!$S:$S,0)),"—") | O22: — | P22: 17.09.2025 | Q22: 20.08.2025 | R22: 01.10.2025 – 02.10.2025 (the issuance plan's basis: 17.09.2025) | S22: =IFERROR(INDEX('CoQ Register'!$D:$D,MATCH("P050172|I",'CoQ Register'!$S:$S,0)),"") | T22: Conforms | U22: Conforms | V22: Conforms | W22: ППК25281, (17.09.2025) [CNP] | X22: — | Y22: — | Z22: — | AA22: P050172|I | AB22: registered — initial release, issued 03.06.2026
A23: 22 | B23: iCoA-PP_26-022 | C23: yes | D23: =IF(A23="","",IF(ISNUMBER(E23),MAX(DATE(2026,6,3),E23),DATE(2026,6,3))) | E23: =IFERROR(INDEX('Batch Dates'!$F:$F,MATCH(J23,'Batch Dates'!$C:$C,0)),IFERROR(INDEX('Batch Dates'!$F:$F,MATCH(I23,'Batch Dates'!$B:$B,0)),"")) | F23: =IFERROR(INDEX('Batch Dates'!$G:$G,MATCH(J23,'Batch Dates'!$C:$C,0)),IFERROR(INDEX('Batch Dates'!$G:$G,MATCH(I23,'Batch Dates'!$B:$B,0)),"")) | G23: legacy | H23: initial release | I23: HPA052501 | J23: P050182 | K23: High Pro Amnesia | L23: Ident A + Ident B + Foreign matter | M23: — | N23: =IFERROR(INDEX('CoQ Register'!$B:$B,MATCH("P050182|I",'CoQ Register'!$S:$S,0)),"—") | O23: iCoA-PP-2025-0016 | P23: 03.10.2025 | Q23: 21.08.2025 – 23.08.2025 | R23: 03.10.2025 – 09.10.2025 | S23: =IFERROR(INDEX('CoQ Register'!$D:$D,MATCH("P050182|I",'CoQ Register'!$S:$S,0)),"") | T23: Conforms | U23: Conforms | V23: Conforms | W23: ППК25278, (19.09.2025) [CNP] | X23: — | Y23: — | Z23: — | AA23: P050182|I | AB23: registered — initial release, issued 03.06.2026
A24: 23 | B24: iCoA-PP_26-023 | C24: yes | D24: =IF(A24="","",IF(ISNUMBER(E24),MAX(DATE(2026,6,3),E24),DATE(2026,6,3))) | E24: =IFERROR(INDEX('Batch Dates'!$F:$F,MATCH(J24,'Batch Dates'!$C:$C,0)),IFERROR(INDEX('Batch Dates'!$F:$F,MATCH(I24,'Batch Dates'!$B:$B,0)),"")) | F24: =IFERROR(INDEX('Batch Dates'!$G:$G,MATCH(J24,'Batch Dates'!$C:$C,0)),IFERROR(INDEX('Batch Dates'!$G:$G,MATCH(I24,'Batch Dates'!$B:$B,0)),"")) | G24: legacy | H24: initial release | I24: BSS052501 | J24: P050192 | K24: Blue Sunset Sherbet | L24: Ident A + Ident B + #4 + #5 + Foreign matter + #8 | M24: — | N24: =IFERROR(INDEX('CoQ Register'!$B:$B,MATCH("P050192|I",'CoQ Register'!$S:$S,0)),"—") | O24: iCoA-PP-2025-0017 | P24: 10.10.2025 | Q24: 01.09.2025 – 03.09.2025 | R24: 10.10.2025 – 21.10.2025 | S24: =IFERROR(INDEX('CoQ Register'!$D:$D,MATCH("P050192|I",'CoQ Register'!$S:$S,0)),"") | T24: Conforms | U24: Conforms | V24: Conforms | W24: NGP-QCG-SOP-024 F3, (28.11.2025) [NGP] | X24: — | Y24: — | Z24: — | AA24: P050192|I | AB24: registered — initial release, issued 03.06.2026
A25: 24 | B25: iCoA-PP_26-024 | C25: yes | D25: =IF(A25="","",IF(ISNUMBER(E25),MAX(DATE(2026,6,3),E25),DATE(2026,6,3))) | E25: =IFERROR(INDEX('Batch Dates'!$F:$F,MATCH(J25,'Batch Dates'!$C:$C,0)),IFERROR(INDEX('Batch Dates'!$F:$F,MATCH(I25,'Batch Dates'!$B:$B,0)),"")) | F25: =IFERROR(INDEX('Batch Dates'!$G:$G,MATCH(J25,'Batch Dates'!$C:$C,0)),IFERROR(INDEX('Batch Dates'!$G:$G,MATCH(I25,'Batch Dates'!$B:$B,0)),"")) | G25: legacy | H25: initial release | I25: GP062501 | J25: P050202 | K25: Grape Pie | L25: Ident A + Ident B + #4 + #5 + Foreign matter + #8 | M25: — | N25: =IFERROR(INDEX('CoQ Register'!$B:$B,MATCH("P050202|I",'CoQ Register'!$S:$S,0)),"—") | O25: — | P25: 11.05.2026 | Q25: 15.09.2025 – 17.09.2025 | R25: 30.10.2025 – 07.11.2025 (the issuance plan's basis: 11.05.2026) | S25: =IFERROR(INDEX('CoQ Register'!$D:$D,MATCH("P050202|I",'CoQ Register'!$S:$S,0)),"") | T25: Conforms | U25: Conforms | V25: Conforms | W25: NGP-QCG-SOP-024 F3, (28.11.2025) [NGP] | X25: — | Y25: — | Z25: — | AA25: P050202|I | AB25: registered — initial release, issued 03.06.2026
A26: 25 | B26: iCoA-PP_26-025 | C26: yes | D26: =IF(A26="","",IF(ISNUMBER(E26),MAX(DATE(2026,6,3),E26),DATE(2026,6,3))) | E26: =IFERROR(INDEX('Batch Dates'!$F:$F,MATCH(J26,'Batch Dates'!$C:$C,0)),IFERROR(INDEX('Batch Dates'!$F:$F,MATCH(I26,'Batch Dates'!$B:$B,0)),"")) | F26: =IFERROR(INDEX('Batch Dates'!$G:$G,MATCH(J26,'Batch Dates'!$C:$C,0)),IFERROR(INDEX('Batch Dates'!$G:$G,MATCH(I26,'Batch Dates'!$B:$B,0)),"")) | G26: legacy | H26: initial release | I26: CJ062501/2 | J26: P050212 | K26: Cap Junky | L26: Ident A + Ident B + Foreign matter | M26: — | N26: =IFERROR(INDEX('CoQ Register'!$B:$B,MATCH("P050212|I",'CoQ Register'!$S:$S,0)),"—") | O26: — | P26: 24.01.2026 | Q26: 23.09.2025 – 24.09.2025 | R26: 18.11.2025 – 24.11.2025 (the issuance plan's basis: 24.01.2026) | S26: =IFERROR(INDEX('CoQ Register'!$D:$D,MATCH("P050212|I",'CoQ Register'!$S:$S,0)),"") | T26: Conforms | U26: Conforms | V26: Conforms | W26: ППК25322, (23.10.2025) [CNP] | X26: — | Y26: — | Z26: — | AA26: P050212|I | AB26: registered — initial release, issued 03.06.2026
A27: 26 | B27: iCoA-PP_26-026 | C27: yes | D27: =IF(A27="","",IF(ISNUMBER(E27),MAX(DATE(2026,6,3),E27),DATE(2026,6,3))) | E27: =IFERROR(INDEX('Batch Dates'!$F:$F,MATCH(J27,'Batch Dates'!$C:$C,0)),IFERROR(INDEX('Batch Dates'!$F:$F,MATCH(I27,'Batch Dates'!$B:$B,0)),"")) | F27: =IFERROR(INDEX('Batch Dates'!$G:$G,MATCH(J27,'Batch Dates'!$C:$C,0)),IFERROR(INDEX('Batch Dates'!$G:$G,MATCH(I27,'Batch Dates'!$B:$B,0)),"")) | G27: legacy | H27: initial release | I27: CJ062501/1 | J27: P050222 | K27: Cap Junky | L27: Ident A + Ident B + Foreign matter | M27: — | N27: =IFERROR(INDEX('CoQ Register'!$B:$B,MATCH("P050222|I",'CoQ Register'!$S:$S,0)),"—") | O27: iCoA-PP-2025-0018 | P27: 24.11.2025 | Q27: 23.09.2025 | R27: 24.11.2025 – 25.11.2025 | S27: =IFERROR(INDEX('CoQ Register'!$D:$D,MATCH("P050222|I",'CoQ Register'!$S:$S,0)),"") | T27: Conforms | U27: Conforms | V27: Conforms | W27: ППК25321, (23.10.2025) [CNP] | X27: — | Y27: — | Z27: — | AA27: P050222|I | AB27: registered — initial release, issued 03.06.2026
A28: 27 | B28: iCoA-PP_26-027 | C28: yes | D28: =IF(A28="","",IF(ISNUMBER(E28),MAX(DATE(2026,6,3),E28),DATE(2026,6,3))) | E28: =IFERROR(INDEX('Batch Dates'!$F:$F,MATCH(J28,'Batch Dates'!$C:$C,0)),IFERROR(INDEX('Batch Dates'!$F:$F,MATCH(I28,'Batch Dates'!$B:$B,0)),"")) | F28: =IFERROR(INDEX('Batch Dates'!$G:$G,MATCH(J28,'Batch Dates'!$C:$C,0)),IFERROR(INDEX('Batch Dates'!$G:$G,MATCH(I28,'Batch Dates'!$B:$B,0)),"")) | G28: legacy | H28: initial release | I28: CJ072501 | J28: P050252 | K28: Cap Junky | L28: Ident A + Ident B + Foreign matter | M28: — | N28: =IFERROR(INDEX('CoQ Register'!$B:$B,MATCH("P050252|I",'CoQ Register'!$S:$S,0)),"—") | O28: — | P28: 02.12.2025 | Q28: 27.10.2025 | R28: 27.11.2025 – 28.11.2025 (the issuance plan's basis: 02.12.2025) | S28: =IFERROR(INDEX('CoQ Register'!$D:$D,MATCH("P050252|I",'CoQ Register'!$S:$S,0)),"") | T28: Conforms | U28: Conforms | V28: Conforms | W28: ППК25367, (28.11.2025) [CNP] | X28: — | Y28: — | Z28: — | AA28: P050252|I | AB28: registered — initial release, issued 03.06.2026
A29: 28 | B29: iCoA-PP_26-028 | C29: yes | D29: =IF(A29="","",IF(ISNUMBER(E29),MAX(DATE(2026,6,3),E29),DATE(2026,6,3))) | E29: =IFERROR(INDEX('Batch Dates'!$F:$F,MATCH(J29,'Batch Dates'!$C:$C,0)),IFERROR(INDEX('Batch Dates'!$F:$F,MATCH(I29,'Batch Dates'!$B:$B,0)),"")) | F29: =IFERROR(INDEX('Batch Dates'!$G:$G,MATCH(J29,'Batch Dates'!$C:$C,0)),IFERROR(INDEX('Batch Dates'!$G:$G,MATCH(I29,'Batch Dates'!$B:$B,0)),"")) | G29: legacy | H29: initial release | I29: WC072501 | J29: P050262 | K29: Wedding Crasher | L29: Ident A + Ident B + Foreign matter | M29: — | N29: =IFERROR(INDEX('CoQ Register'!$B:$B,MATCH("P050262|I",'CoQ Register'!$S:$S,0)),"—") | O29: — | P29: 02.12.2025 | Q29: 27.10.2025 – 28.10.2025 | R29: 01.12.2025 (the issuance plan's basis: 02.12.2025) | S29: =IFERROR(INDEX('CoQ Register'!$D:$D,MATCH("P050262|I",'CoQ Register'!$S:$S,0)),"") | T29: Conforms | U29: Conforms | V29: Conforms | W29: ППК25369, (28.11.2025) [CNP] | X29: — | Y29: — | Z29: — | AA29: P050262|I | AB29: registered — initial release, issued 03.06.2026
A30: 29 | B30: iCoA-PP_26-029 | C30: yes | D30: =IF(A30="","",IF(ISNUMBER(E30),MAX(DATE(2026,6,3),E30),DATE(2026,6,3))) | E30: =IFERROR(INDEX('Batch Dates'!$F:$F,MATCH(J30,'Batch Dates'!$C:$C,0)),IFERROR(INDEX('Batch Dates'!$F:$F,MATCH(I30,'Batch Dates'!$B:$B,0)),"")) | F30: =IFERROR(INDEX('Batch Dates'!$G:$G,MATCH(J30,'Batch Dates'!$C:$C,0)),IFERROR(INDEX('Batch Dates'!$G:$G,MATCH(I30,'Batch Dates'!$B:$B,0)),"")) | G30: legacy | H30: initial release | I30: PM072501 | J30: P050272 | K30: Permanent Market | L30: Ident A + Ident B + Foreign matter | M30: — | N30: =IFERROR(INDEX('CoQ Register'!$B:$B,MATCH("P050272|I",'CoQ Register'!$S:$S,0)),"—") | O30: — | P30: 21.01.2026 | Q30: 27.10.2025 | R30: 02.12.2025 – 03.12.2025 (the issuance plan's basis: 21.01.2026) | S30: =IFERROR(INDEX('CoQ Register'!$D:$D,MATCH("P050272|I",'CoQ Register'!$S:$S,0)),"") | T30: Conforms | U30: Conforms | V30: Conforms | W30: ППК25368, (28.11.2025) [CNP] | X30: — | Y30: — | Z30: — | AA30: P050272|I | AB30: registered — initial release, issued 03.06.2026
A31: 30 | B31: iCoA-PP_26-030 | C31: yes | D31: =IF(A31="","",IF(ISNUMBER(E31),MAX(DATE(2026,6,3),E31),DATE(2026,6,3))) | E31: =IFERROR(INDEX('Batch Dates'!$F:$F,MATCH(J31,'Batch Dates'!$C:$C,0)),IFERROR(INDEX('Batch Dates'!$F:$F,MATCH(I31,'Batch Dates'!$B:$B,0)),"")) | F31: =IFERROR(INDEX('Batch Dates'!$G:$G,MATCH(J31,'Batch Dates'!$C:$C,0)),IFERROR(INDEX('Batch Dates'!$G:$G,MATCH(I31,'Batch Dates'!$B:$B,0)),"")) | G31: legacy | H31: initial release | I31: CLE072501 | J31: P050282 | K31: Clemosa a bud | L31: Ident A + Ident B + Foreign matter | M31: — | N31: =IFERROR(INDEX('CoQ Register'!$B:$B,MATCH("P050282|I",'CoQ Register'!$S:$S,0)),"—") | O31: iCoA-PP-2025-0019 | P31: 03.12.2025 | Q31: 28.10.2025 | R31: 03.12.2025 – 04.12.2025 | S31: =IFERROR(INDEX('CoQ Register'!$D:$D,MATCH("P050282|I",'CoQ Register'!$S:$S,0)),"") | T31: Conforms | U31: Conforms | V31: Conforms | W31: ППК25370, (28.11.2025) [CNP] | X31: — | Y31: — | Z31: — | AA31: P050282|I | AB31: registered — initial release, issued 03.06.2026
A32: 31 | B32: iCoA-PP_26-031 | C32: yes | D32: =IF(A32="","",IF(ISNUMBER(E32),MAX(DATE(2026,6,3),E32),DATE(2026,6,3))) | E32: =IFERROR(INDEX('Batch Dates'!$F:$F,MATCH(J32,'Batch Dates'!$C:$C,0)),IFERROR(INDEX('Batch Dates'!$F:$F,MATCH(I32,'Batch Dates'!$B:$B,0)),"")) | F32: =IFERROR(INDEX('Batch Dates'!$G:$G,MATCH(J32,'Batch Dates'!$C:$C,0)),IFERROR(INDEX('Batch Dates'!$G:$G,MATCH(I32,'Batch Dates'!$B:$B,0)),"")) | G32: legacy | H32: initial release | I32: GP072501/1 | J32: P050292 | K32: Grape Pie | L32: Ident A + Ident B + Foreign matter | M32: — | N32: =IFERROR(INDEX('CoQ Register'!$B:$B,MATCH("P050292|I",'CoQ Register'!$S:$S,0)),"—") | O32: — | P32: 21.01.2026 | Q32: 11.11.2025 – 13.11.2025 | R32: 15.12.2025 – 21.12.2025 (the issuance plan's basis: 21.01.2026) | S32: =IFERROR(INDEX('CoQ Register'!$D:$D,MATCH("P050292|I",'CoQ Register'!$S:$S,0)),"") | T32: Conforms | U32: Conforms | V32: Conforms | W32: ППК25378, (12.12.2025) [CNP] | X32: — | Y32: — | Z32: — | AA32: P050292|I | AB32: registered — initial release, issued 03.06.2026
A33: 32 | B33: iCoA-PP_26-032 | C33: yes | D33: =IF(A33="","",IF(ISNUMBER(E33),MAX(DATE(2026,6,3),E33),DATE(2026,6,3))) | E33: =IFERROR(INDEX('Batch Dates'!$F:$F,MATCH(J33,'Batch Dates'!$C:$C,0)),IFERROR(INDEX('Batch Dates'!$F:$F,MATCH(I33,'Batch Dates'!$B:$B,0)),"")) | F33: =IFERROR(INDEX('Batch Dates'!$G:$G,MATCH(J33,'Batch Dates'!$C:$C,0)),IFERROR(INDEX('Batch Dates'!$G:$G,MATCH(I33,'Batch Dates'!$B:$B,0)),"")) | G33: legacy | H33: initial release | I33: GP072501/2 | J33: P050302 | K33: Grape Pie | L33: Ident A + Ident B + Foreign matter | M33: — | N33: =IFERROR(INDEX('CoQ Register'!$B:$B,MATCH("P050302|I",'CoQ Register'!$S:$S,0)),"—") | O33: iCoA-PP-2025-0020 | P33: 22.12.2025 | Q33: 13.11.2025 | R33: 22.12.2025 | S33: =IFERROR(INDEX('CoQ Register'!$D:$D,MATCH("P050302|I",'CoQ Register'!$S:$S,0)),"") | T33: Conforms | U33: Conforms | V33: Conforms | W33: ППК25379, (12.12.2025) [CNP] | X33: — | Y33: — | Z33: — | AA33: P050302|I | AB33: registered — initial release, issued 03.06.2026
A34: 33 | B34: iCoA-PP_26-033 | C34: yes | D34: =IF(A34="","",IF(ISNUMBER(E34),MAX(DATE(2026,6,3),E34),DATE(2026,6,3))) | E34: =IFERROR(INDEX('Batch Dates'!$F:$F,MATCH(J34,'Batch Dates'!$C:$C,0)),IFERROR(INDEX('Batch Dates'!$F:$F,MATCH(I34,'Batch Dates'!$B:$B,0)),"")) | F34: =IFERROR(INDEX('Batch Dates'!$G:$G,MATCH(J34,'Batch Dates'!$C:$C,0)),IFERROR(INDEX('Batch Dates'!$G:$G,MATCH(I34,'Batch Dates'!$B:$B,0)),"")) | G34: legacy | H34: initial release | I34: GP082501/1 | J34: P050312 | K34: Grape Pie | L34: Ident A + Ident B + Foreign matter | M34: — | N34: =IFERROR(INDEX('CoQ Register'!$B:$B,MATCH("P050312|I",'CoQ Register'!$S:$S,0)),"—") | O34: iCoA-PP-2025-0021 | P34: 23.12.2025 | Q34: 19.11.2025 – 20.11.2025 | R34: 23.12.2025 – 26.12.2025 | S34: =IFERROR(INDEX('CoQ Register'!$D:$D,MATCH("P050312|I",'CoQ Register'!$S:$S,0)),"") | T34: Conforms | U34: Conforms | V34: Conforms | W34: ППК25380, (12.12.2025) [CNP] | X34: — | Y34: — | Z34: — | AA34: P050312|I | AB34: registered — initial release, issued 03.06.2026
A35: 34 | B35: iCoA-PP_26-034 | C35: yes | D35: =IF(A35="","",IF(ISNUMBER(E35),MAX(DATE(2026,6,3),E35),DATE(2026,6,3))) | E35: =IFERROR(INDEX('Batch Dates'!$F:$F,MATCH(J35,'Batch Dates'!$C:$C,0)),IFERROR(INDEX('Batch Dates'!$F:$F,MATCH(I35,'Batch Dates'!$B:$B,0)),"")) | F35: =IFERROR(INDEX('Batch Dates'!$G:$G,MATCH(J35,'Batch Dates'!$C:$C,0)),IFERROR(INDEX('Batch Dates'!$G:$G,MATCH(I35,'Batch Dates'!$B:$B,0)),"")) | G35: legacy | H35: initial release | I35: GP082501/2 | J35: P050322 | K35: Grape Pie | L35: Ident A + Ident B + Foreign matter | M35: — | N35: =IFERROR(INDEX('CoQ Register'!$B:$B,MATCH("P050322|I",'CoQ Register'!$S:$S,0)),"—") | O35: iCoA-PP-2025-0022 | P35: 26.12.2025 | Q35: 20.11.2025 | R35: 26.12.2025 | S35: =IFERROR(INDEX('CoQ Register'!$D:$D,MATCH("P050322|I",'CoQ Register'!$S:$S,0)),"") | T35: Conforms | U35: Conforms | V35: Conforms | W35: ППК25381, (12.12.2025) [CNP] | X35: — | Y35: — | Z35: — | AA35: P050322|I | AB35: registered — initial release, issued 03.06.2026
A36: 35 | B36: iCoA-PP_26-035 | C36: yes | D36: =IF(A36="","",IF(ISNUMBER(E36),MAX(DATE(2026,6,3),E36),DATE(2026,6,3))) | E36: =IFERROR(INDEX('Batch Dates'!$F:$F,MATCH(J36,'Batch Dates'!$C:$C,0)),IFERROR(INDEX('Batch Dates'!$F:$F,MATCH(I36,'Batch Dates'!$B:$B,0)),"")) | F36: =IFERROR(INDEX('Batch Dates'!$G:$G,MATCH(J36,'Batch Dates'!$C:$C,0)),IFERROR(INDEX('Batch Dates'!$G:$G,MATCH(I36,'Batch Dates'!$B:$B,0)),"")) | G36: legacy | H36: initial release | I36: WC082501 | J36: P060012 | K36: Wedding Crasher | L36: Ident A + Ident B + Foreign matter | M36: — | N36: =IFERROR(INDEX('CoQ Register'!$B:$B,MATCH("P060012|I",'CoQ Register'!$S:$S,0)),"—") | O36: iCoA-PP-2026-0001 | P36: 13.01.2026 | Q36: 09.12.2025 | R36: 13.01.2026 – 14.01.2026 | S36: =IFERROR(INDEX('CoQ Register'!$D:$D,MATCH("P060012|I",'CoQ Register'!$S:$S,0)),"") | T36: Conforms | U36: Conforms | V36: Conforms | W36: ППК26001, (21.01.2026) [CNP] | X36: — | Y36: — | Z36: — | AA36: P060012|I | AB36: registered — initial release, issued 03.06.2026
A37: 36 | B37: iCoA-PP_26-036 | C37: yes | D37: =IF(A37="","",IF(ISNUMBER(E37),MAX(DATE(2026,6,3),E37),DATE(2026,6,3))) | E37: =IFERROR(INDEX('Batch Dates'!$F:$F,MATCH(J37,'Batch Dates'!$C:$C,0)),IFERROR(INDEX('Batch Dates'!$F:$F,MATCH(I37,'Batch Dates'!$B:$B,0)),"")) | F37: =IFERROR(INDEX('Batch Dates'!$G:$G,MATCH(J37,'Batch Dates'!$C:$C,0)),IFERROR(INDEX('Batch Dates'!$G:$G,MATCH(I37,'Batch Dates'!$B:$B,0)),"")) | G37: legacy | H37: initial release | I37: CJ082501/1 | J37: P060022 | K37: Cap Junky | L37: Ident A + Ident B + Foreign matter | M37: — | N37: =IFERROR(INDEX('CoQ Register'!$B:$B,MATCH("P060022|I",'CoQ Register'!$S:$S,0)),"—") | O37: iCoA-PP-2026-0002 | P37: 16.01.2026 | Q37: 09.12.2025 – 10.12.2025 | R37: 16.01.2026 | S37: =IFERROR(INDEX('CoQ Register'!$D:$D,MATCH("P060022|I",'CoQ Register'!$S:$S,0)),"") | T37: Conforms | U37: Conforms | V37: Conforms | W37: ППК26002, (21.01.2026) [CNP] | X37: — | Y37: — | Z37: — | AA37: P060022|I | AB37: registered — initial release, issued 03.06.2026
A38: 37 | B38: iCoA-PP_26-037 | C38: yes | D38: =IF(A38="","",IF(ISNUMBER(E38),MAX(DATE(2026,6,3),E38),DATE(2026,6,3))) | E38: =IFERROR(INDEX('Batch Dates'!$F:$F,MATCH(J38,'Batch Dates'!$C:$C,0)),IFERROR(INDEX('Batch Dates'!$F:$F,MATCH(I38,'Batch Dates'!$B:$B,0)),"")) | F38: =IFERROR(INDEX('Batch Dates'!$G:$G,MATCH(J38,'Batch Dates'!$C:$C,0)),IFERROR(INDEX('Batch Dates'!$G:$G,MATCH(I38,'Batch Dates'!$B:$B,0)),"")) | G38: legacy | H38: initial release | I38: CJ082501/2 | J38: P060032 | K38: Cap Junky | L38: Ident A + Ident B + Foreign matter | M38: — | N38: =IFERROR(INDEX('CoQ Register'!$B:$B,MATCH("P060032|I",'CoQ Register'!$S:$S,0)),"—") | O38: iCoA-PP-2026-0003 | P38: 29.01.2026 | Q38: 10.12.2025 | R38: 29.01.2026 | S38: =IFERROR(INDEX('CoQ Register'!$D:$D,MATCH("P060032|I",'CoQ Register'!$S:$S,0)),"") | T38: Conforms | U38: Conforms | V38: Conforms | W38: ППК26003, (21.01.2026) [CNP] | X38: — | Y38: — | Z38: — | AA38: P060032|I | AB38: registered — initial release, issued 03.06.2026
A39: 38 | B39: iCoA-PP_26-038 | C39: yes | D39: =IF(A39="","",IF(ISNUMBER(E39),MAX(DATE(2026,6,3),E39),DATE(2026,6,3))) | E39: =IFERROR(INDEX('Batch Dates'!$F:$F,MATCH(J39,'Batch Dates'!$C:$C,0)),IFERROR(INDEX('Batch Dates'!$F:$F,MATCH(I39,'Batch Dates'!$B:$B,0)),"")) | F39: =IFERROR(INDEX('Batch Dates'!$G:$G,MATCH(J39,'Batch Dates'!$C:$C,0)),IFERROR(INDEX('Batch Dates'!$G:$G,MATCH(I39,'Batch Dates'!$B:$B,0)),"")) | G39: legacy | H39: initial release | I39: OPM092501 | J39: P060042 | K39: Orange Punch Mimosa | L39: Ident A + Ident B + Foreign matter | M39: — | N39: =IFERROR(INDEX('CoQ Register'!$B:$B,MATCH("P060042|I",'CoQ Register'!$S:$S,0)),"—") | O39: iCoA-PP-2026-0004 | P39: 29.01.2026 | Q39: 12.12.2025 | R39: 29.01.2026 | S39: =IFERROR(INDEX('CoQ Register'!$D:$D,MATCH("P060042|I",'CoQ Register'!$S:$S,0)),"") | T39: Conforms | U39: Conforms | V39: Conforms | W39: ППК26008, (21.01.2026) [CNP] | X39: — | Y39: — | Z39: — | AA39: P060042|I | AB39: registered — initial release, issued 03.06.2026
A40: 39 | B40: iCoA-PP_26-039 | C40: yes | D40: =IF(A40="","",IF(ISNUMBER(E40),MAX(DATE(2026,6,3),E40),DATE(2026,6,3))) | E40: =IFERROR(INDEX('Batch Dates'!$F:$F,MATCH(J40,'Batch Dates'!$C:$C,0)),IFERROR(INDEX('Batch Dates'!$F:$F,MATCH(I40,'Batch Dates'!$B:$B,0)),"")) | F40: =IFERROR(INDEX('Batch Dates'!$G:$G,MATCH(J40,'Batch Dates'!$C:$C,0)),IFERROR(INDEX('Batch Dates'!$G:$G,MATCH(I40,'Batch Dates'!$B:$B,0)),"")) | G40: legacy | H40: initial release | I40: AB092501 | J40: P060052 | K40: Apple and Banana | L40: Ident A + Ident B + Foreign matter | M40: — | N40: =IFERROR(INDEX('CoQ Register'!$B:$B,MATCH("P060052|I",'CoQ Register'!$S:$S,0)),"—") | O40: — | P40: 20.02.2026 | Q40: 11.12.2025 | R40: 30.01.2026 (the issuance plan's basis: 20.02.2026) | S40: =IFERROR(INDEX('CoQ Register'!$D:$D,MATCH("P060052|I",'CoQ Register'!$S:$S,0)),"") | T40: Conforms | U40: Conforms | V40: Conforms | W40: ППК26005, (21.01.2026) [CNP] | X40: — | Y40: — | Z40: — | AA40: P060052|I | AB40: registered — initial release, issued 03.06.2026
A41: 40 | B41: iCoA-PP_26-040 | C41: yes | D41: =IF(A41="","",IF(ISNUMBER(E41),MAX(DATE(2026,6,3),E41),DATE(2026,6,3))) | E41: =IFERROR(INDEX('Batch Dates'!$F:$F,MATCH(J41,'Batch Dates'!$C:$C,0)),IFERROR(INDEX('Batch Dates'!$F:$F,MATCH(I41,'Batch Dates'!$B:$B,0)),"")) | F41: =IFERROR(INDEX('Batch Dates'!$G:$G,MATCH(J41,'Batch Dates'!$C:$C,0)),IFERROR(INDEX('Batch Dates'!$G:$G,MATCH(I41,'Batch Dates'!$B:$B,0)),"")) | G41: legacy | H41: initial release | I41: PM092501 | J41: P060062 | K41: Permanent Market | L41: Ident A + Ident B + Foreign matter | M41: — | N41: =IFERROR(INDEX('CoQ Register'!$B:$B,MATCH("P060062|I",'CoQ Register'!$S:$S,0)),"—") | O41: iCoA-PP-2026-0005 | P41: 30.01.2026 | Q41: 11.12.2025 | R41: 30.01.2026 | S41: =IFERROR(INDEX('CoQ Register'!$D:$D,MATCH("P060062|I",'CoQ Register'!$S:$S,0)),"") | T41: Conforms | U41: Conforms | V41: Conforms | W41: ППК26004, (21.01.2026) [CNP] | X41: — | Y41: — | Z41: — | AA41: P060062|I | AB41: registered — initial release, issued 03.06.2026
A42: 41 | B42: iCoA-PP_26-041 | C42: yes | D42: =IF(A42="","",IF(ISNUMBER(E42),MAX(DATE(2026,6,3),E42),DATE(2026,6,3))) | E42: =IFERROR(INDEX('Batch Dates'!$F:$F,MATCH(J42,'Batch Dates'!$C:$C,0)),IFERROR(INDEX('Batch Dates'!$F:$F,MATCH(I42,'Batch Dates'!$B:$B,0)),"")) | F42: =IFERROR(INDEX('Batch Dates'!$G:$G,MATCH(J42,'Batch Dates'!$C:$C,0)),IFERROR(INDEX('Batch Dates'!$G:$G,MATCH(I42,'Batch Dates'!$B:$B,0)),"")) | G42: legacy | H42: initial release | I42: CJ092501 | J42: P060072 | K42: Cap Junky | L42: Ident A + Ident B + Foreign matter | M42: — | N42: =IFERROR(INDEX('CoQ Register'!$B:$B,MATCH("P060072|I",'CoQ Register'!$S:$S,0)),"—") | O42: iCoA-PP-2026-0006 | P42: 02.02.2026 | Q42: 12.12.2025 | R42: 02.02.2026 | S42: =IFERROR(INDEX('CoQ Register'!$D:$D,MATCH("P060072|I",'CoQ Register'!$S:$S,0)),"") | T42: Conforms | U42: Conforms | V42: Conforms | W42: ППК26007, (21.01.2026) [CNP] | X42: — | Y42: — | Z42: — | AA42: P060072|I | AB42: registered — initial release, issued 03.06.2026
A43: 42 | B43: iCoA-PP_26-042 | C43: yes | D43: =IF(A43="","",IF(ISNUMBER(E43),MAX(DATE(2026,6,3),E43),DATE(2026,6,3))) | E43: =IFERROR(INDEX('Batch Dates'!$F:$F,MATCH(J43,'Batch Dates'!$C:$C,0)),IFERROR(INDEX('Batch Dates'!$F:$F,MATCH(I43,'Batch Dates'!$B:$B,0)),"")) | F43: =IFERROR(INDEX('Batch Dates'!$G:$G,MATCH(J43,'Batch Dates'!$C:$C,0)),IFERROR(INDEX('Batch Dates'!$G:$G,MATCH(I43,'Batch Dates'!$B:$B,0)),"")) | G43: legacy | H43: initial release | I43: SJ0925021 | J43: P060082 | K43: Sleepy Joy | L43: Ident A + Ident B + Foreign matter | M43: — | N43: =IFERROR(INDEX('CoQ Register'!$B:$B,MATCH("P060082|I",'CoQ Register'!$S:$S,0)),"—") | O43: iCoA-PP-2026-0007 | P43: 02.02.2026 | Q43: 11.12.2025 – 12.12.2025 | R43: 02.02.2026 | S43: =IFERROR(INDEX('CoQ Register'!$D:$D,MATCH("P060082|I",'CoQ Register'!$S:$S,0)),"") | T43: Conforms | U43: Conforms | V43: Conforms | W43: ППК26006, (21.01.2026) [CNP] | X43: — | Y43: — | Z43: — | AA43: P060082|I | AB43: registered — initial release, issued 03.06.2026
A44: 43 | B44: iCoA-PP_26-043 | C44: yes | D44: =IF(A44="","",IF(ISNUMBER(E44),MAX(DATE(2026,6,3),E44),DATE(2026,6,3))) | E44: =IFERROR(INDEX('Batch Dates'!$F:$F,MATCH(J44,'Batch Dates'!$C:$C,0)),IFERROR(INDEX('Batch Dates'!$F:$F,MATCH(I44,'Batch Dates'!$B:$B,0)),"")) | F44: =IFERROR(INDEX('Batch Dates'!$G:$G,MATCH(J44,'Batch Dates'!$C:$C,0)),IFERROR(INDEX('Batch Dates'!$G:$G,MATCH(I44,'Batch Dates'!$B:$B,0)),"")) | G44: legacy | H44: initial release | I44: GP092501 | J44: P060092 | K44: Grape Pie | L44: Ident A + Ident B + Foreign matter | M44: — | N44: =IFERROR(INDEX('CoQ Register'!$B:$B,MATCH("P060092|I",'CoQ Register'!$S:$S,0)),"—") | O44: iCoA-PP-2026-0008 | P44: 03.02.2026 | Q44: 16.12.2025 – 17.12.2025 | R44: 03.02.2026 – 09.02.2026 | S44: =IFERROR(INDEX('CoQ Register'!$D:$D,MATCH("P060092|I",'CoQ Register'!$S:$S,0)),"") | T44: Conforms | U44: Conforms | V44: Conforms | W44: ППК26009, (21.01.2026) [CNP] | X44: — | Y44: — | Z44: — | AA44: P060092|I | AB44: registered — initial release, issued 03.06.2026
A45: 44 | B45: iCoA-PP_26-044 | C45: yes | D45: =IF(A45="","",IF(ISNUMBER(E45),MAX(DATE(2026,6,3),E45),DATE(2026,6,3))) | E45: =IFERROR(INDEX('Batch Dates'!$F:$F,MATCH(J45,'Batch Dates'!$C:$C,0)),IFERROR(INDEX('Batch Dates'!$F:$F,MATCH(I45,'Batch Dates'!$B:$B,0)),"")) | F45: =IFERROR(INDEX('Batch Dates'!$G:$G,MATCH(J45,'Batch Dates'!$C:$C,0)),IFERROR(INDEX('Batch Dates'!$G:$G,MATCH(I45,'Batch Dates'!$B:$B,0)),"")) | G45: legacy | H45: initial release | I45: WED102501 | J45: P060102 | K45: Wedding Cake | L45: Ident A + Ident B + Foreign matter | M45: — | N45: =IFERROR(INDEX('CoQ Register'!$B:$B,MATCH("P060102|I",'CoQ Register'!$S:$S,0)),"—") | O45: — | P45: 16.02.2026 | Q45: 08.01.2026 | R45: 16.02.2026 | S45: =IFERROR(INDEX('CoQ Register'!$D:$D,MATCH("P060102|I",'CoQ Register'!$S:$S,0)),"") | T45: Conforms | U45: Conforms | V45: Conforms | W45: — no cannabinoid certificate from the initial testing — | X45: — | Y45: — | Z45: — | AA45: P060102|I | AB45: registered — initial release, issued 03.06.2026
A46: 45 | B46: iCoA-PP_26-045 | C46: yes | D46: =IF(A46="","",IF(ISNUMBER(E46),MAX(DATE(2026,6,3),E46),DATE(2026,6,3))) | E46: =IFERROR(INDEX('Batch Dates'!$F:$F,MATCH(J46,'Batch Dates'!$C:$C,0)),IFERROR(INDEX('Batch Dates'!$F:$F,MATCH(I46,'Batch Dates'!$B:$B,0)),"")) | F46: =IFERROR(INDEX('Batch Dates'!$G:$G,MATCH(J46,'Batch Dates'!$C:$C,0)),IFERROR(INDEX('Batch Dates'!$G:$G,MATCH(I46,'Batch Dates'!$B:$B,0)),"")) | G46: legacy | H46: initial release | I46: PUM102501 | J46: P060112 | K46: Pure Michigen | L46: Ident A + Ident B + Foreign matter | M46: — | N46: =IFERROR(INDEX('CoQ Register'!$B:$B,MATCH("P060112|I",'CoQ Register'!$S:$S,0)),"—") | O46: iCoA-PP-2026-0009 | P46: 17.02.2026 | Q46: 08.01.2026 – 09.01.2026 | R46: 17.02.2026 | S46: =IFERROR(INDEX('CoQ Register'!$D:$D,MATCH("P060112|I",'CoQ Register'!$S:$S,0)),"") | T46: Conforms | U46: Conforms | V46: Conforms | W46: — no cannabinoid certificate from the initial testing — | X46: — | Y46: — | Z46: — | AA46: P060112|I | AB46: registered — initial release, issued 03.06.2026
A47: 46 | B47: iCoA-PP_26-046 | C47: yes | D47: =IF(A47="","",IF(ISNUMBER(E47),MAX(DATE(2026,6,3),E47),DATE(2026,6,3))) | E47: =IFERROR(INDEX('Batch Dates'!$F:$F,MATCH(J47,'Batch Dates'!$C:$C,0)),IFERROR(INDEX('Batch Dates'!$F:$F,MATCH(I47,'Batch Dates'!$B:$B,0)),"")) | F47: =IFERROR(INDEX('Batch Dates'!$G:$G,MATCH(J47,'Batch Dates'!$C:$C,0)),IFERROR(INDEX('Batch Dates'!$G:$G,MATCH(I47,'Batch Dates'!$B:$B,0)),"")) | G47: legacy | H47: initial release | I47: ACC102501 | J47: P060122 | K47: Amnesia Core Cut | L47: Ident A + Ident B + Foreign matter | M47: — | N47: =IFERROR(INDEX('CoQ Register'!$B:$B,MATCH("P060122|I",'CoQ Register'!$S:$S,0)),"—") | O47: iCoA-PP-2026-0010 | P47: 18.02.2026 | Q47: 09.01.2026 | R47: 18.02.2026 – 19.02.2026 | S47: =IFERROR(INDEX('CoQ Register'!$D:$D,MATCH("P060122|I",'CoQ Register'!$S:$S,0)),"") | T47: Conforms | U47: Conforms | V47: Conforms | W47: — no cannabinoid certificate from the initial testing — | X47: — | Y47: — | Z47: — | AA47: P060122|I | AB47: registered — initial release, issued 03.06.2026
A48: 47 | B48: iCoA-PP_26-047 | C48: yes | D48: =IF(A48="","",IF(ISNUMBER(E48),MAX(DATE(2026,6,3),E48),DATE(2026,6,3))) | E48: =IFERROR(INDEX('Batch Dates'!$F:$F,MATCH(J48,'Batch Dates'!$C:$C,0)),IFERROR(INDEX('Batch Dates'!$F:$F,MATCH(I48,'Batch Dates'!$B:$B,0)),"")) | F48: =IFERROR(INDEX('Batch Dates'!$G:$G,MATCH(J48,'Batch Dates'!$C:$C,0)),IFERROR(INDEX('Batch Dates'!$G:$G,MATCH(I48,'Batch Dates'!$B:$B,0)),"")) | G48: legacy | H48: initial release | I48: CF102501 | J48: P060132 | K48: Chem Flyer | L48: Ident A + Ident B + Foreign matter | M48: — | N48: =IFERROR(INDEX('CoQ Register'!$B:$B,MATCH("P060132|I",'CoQ Register'!$S:$S,0)),"—") | O48: iCoA-PP-2026-0011 | P48: 19.02.2026 | Q48: 09.01.2026 | R48: 19.02.2026 – 20.02.2026 | S48: =IFERROR(INDEX('CoQ Register'!$D:$D,MATCH("P060132|I",'CoQ Register'!$S:$S,0)),"") | T48: Conforms | U48: Conforms | V48: Conforms | W48: — no cannabinoid certificate from the initial testing — | X48: — | Y48: — | Z48: — | AA48: P060132|I | AB48: registered — initial release, issued 03.06.2026
A49: 48 | B49: iCoA-PP_26-048 | C49: yes | D49: =IF(A49="","",IF(ISNUMBER(E49),MAX(DATE(2026,6,3),E49),DATE(2026,6,3))) | E49: =IFERROR(INDEX('Batch Dates'!$F:$F,MATCH(J49,'Batch Dates'!$C:$C,0)),IFERROR(INDEX('Batch Dates'!$F:$F,MATCH(I49,'Batch Dates'!$B:$B,0)),"")) | F49: =IFERROR(INDEX('Batch Dates'!$G:$G,MATCH(J49,'Batch Dates'!$C:$C,0)),IFERROR(INDEX('Batch Dates'!$G:$G,MATCH(I49,'Batch Dates'!$B:$B,0)),"")) | G49: legacy | H49: initial release | I49: GRC102501 | J49: P060142 | K49: Graps & Creme | L49: Ident A + Ident B + Foreign matter | M49: — | N49: =IFERROR(INDEX('CoQ Register'!$B:$B,MATCH("P060142|I",'CoQ Register'!$S:$S,0)),"—") | O49: — | P49: 23.02.2026 | Q49: 09.01.2026 | R49: 23.02.2026 | S49: =IFERROR(INDEX('CoQ Register'!$D:$D,MATCH("P060142|I",'CoQ Register'!$S:$S,0)),"") | T49: Conforms | U49: Conforms | V49: Conforms | W49: 051-6-K-26, (04.03.2026) [FHM-K] | X49: — | Y49: — | Z49: — | AA49: P060142|I | AB49: registered — initial release, issued 03.06.2026
A50: 49 | B50: iCoA-PP_26-049 | C50: yes | D50: 46176 | E50: 46086 | F50: =IFERROR(INDEX('Batch Dates'!$G:$G,MATCH(J50,'Batch Dates'!$C:$C,0)),IFERROR(INDEX('Batch Dates'!$G:$G,MATCH(I50,'Batch Dates'!$B:$B,0)),"")) | G50: legacy | H50: retest 1 | I50: GP0824_02 | J50: P050022 | K50: Grape Pie | L50: Ident A + Ident B + Foreign matter | M50: — | N50: =IFERROR(INDEX('CoQ Register'!$B:$B,MATCH("P050022|R",'CoQ Register'!$S:$S,0)),"—") | O50: — | P50: 03.06.2026 | Q50: 22.04.2025 – 23.04.2025 | R50: 03.06.2025 – 11.06.2025 | S50: =IFERROR(INDEX('CoQ Register'!$D:$D,MATCH("P050022|R",'CoQ Register'!$S:$S,0)),"") | T50: Conforms | U50: Conforms | V50: Conforms | W50: 197-11-K-26, (07.08.2026) [FHM-K] | X50: 197-11-K-26, (07.08.2026) [FHM-K] | Y50: 197-11-M-26, (10.08.2026) [FHM-M] | Z50: #8, #9, #11, #12 from the initial testing | AA50: P050022|R | AB50: registered — retest 1, issued 03.06.2026
A51: 50 | B51: iCoA-PP_26-050 | C51: yes | D51: 46176 | E51: 46086 | F51: =IFERROR(INDEX('Batch Dates'!$G:$G,MATCH(J51,'Batch Dates'!$C:$C,0)),IFERROR(INDEX('Batch Dates'!$G:$G,MATCH(I51,'Batch Dates'!$B:$B,0)),"")) | G51: legacy | H51: retest 2 | I51: GP0824_02 | J51: P050022 | K51: Grape Pie | L51: Ident A + Ident B + Foreign matter | M51: — | N51: =IFERROR(INDEX('CoQ Register'!$B:$B,MATCH("P050022|R2",'CoQ Register'!$S:$S,0)),"—") | O51: — | P51: 03.06.2026 | Q51: 22.04.2025 – 23.04.2025 | R51: 03.06.2025 – 11.06.2025 | S51: =IFERROR(INDEX('CoQ Register'!$D:$D,MATCH("P050022|R2",'CoQ Register'!$S:$S,0)),"") | T51: Conforms | U51: Conforms | V51: Conforms | W51: 197-11-K-26, (07.08.2026) [FHM-K] | X51: 197-11-K-26, (07.08.2026) [FHM-K] | Y51: 197-11-M-26, (10.08.2026) [FHM-M] | Z51: #8, #9, #11, #12 from the initial testing | AA51: P050022|R2 | AB51: registered — retest 2, issued 03.06.2026
A52: 51 | B52: iCoA-PP_26-051 | C52: yes | D52: 46176 | E52: 46086 | F52: =IFERROR(INDEX('Batch Dates'!$G:$G,MATCH(J52,'Batch Dates'!$C:$C,0)),IFERROR(INDEX('Batch Dates'!$G:$G,MATCH(I52,'Batch Dates'!$B:$B,0)),"")) | G52: legacy | H52: retest 2 | I52: GP0824_03 | J52: P050072 | K52: Grape Pie | L52: Ident A + Ident B + Foreign matter | M52: — | N52: =IFERROR(INDEX('CoQ Register'!$B:$B,MATCH("P050072|R2",'CoQ Register'!$S:$S,0)),"—") | O52: — | P52: 14.07.2026 | Q52: 09.06.2025 – 10.06.2025 | R52: 14.07.2025 – 17.07.2025 | S52: =IFERROR(INDEX('CoQ Register'!$D:$D,MATCH("P050072|R2",'CoQ Register'!$S:$S,0)),"") | T52: Conforms | U52: Conforms | V52: Conforms | W52: — retest assay not yet on file — | X52: — pending — | Y52: 220-11-M-26, (11.09.2026) [FHM-M] | Z52: #8, #9, #11, #12 from the initial testing | AA52: P050072|R2 | AB52: registered — retest 2, issued 03.06.2026
A53: 52 | B53: iCoA-PP_26-052 | C53: yes | D53: =IF(A53="","",IF(ISNUMBER(E53),MAX(DATE(2026,6,3),E53),DATE(2026,6,3))) | E53: =IFERROR(INDEX('Batch Dates'!$F:$F,MATCH(J53,'Batch Dates'!$C:$C,0)),IFERROR(INDEX('Batch Dates'!$F:$F,MATCH(I53,'Batch Dates'!$B:$B,0)),"")) | F53: =IFERROR(INDEX('Batch Dates'!$G:$G,MATCH(J53,'Batch Dates'!$C:$C,0)),IFERROR(INDEX('Batch Dates'!$G:$G,MATCH(I53,'Batch Dates'!$B:$B,0)),"")) | G53: legacy | H53: initial release | I53: J31102501 | J53: P060152 | K53: Jokerz 31 | L53: Ident A + Ident B + Foreign matter | M53: — | N53: =IFERROR(INDEX('CoQ Register'!$B:$B,MATCH("P060152|I",'CoQ Register'!$S:$S,0)),"—") | O53: iCoA-PP-2026-0012 | P53: 05.03.2026 | Q53: 21.01.2026 | R53: 05.03.2026 | S53: =IFERROR(INDEX('CoQ Register'!$D:$D,MATCH("P060152|I",'CoQ Register'!$S:$S,0)),"") | T53: Conforms | U53: Conforms | V53: Conforms | W53: 051-1-K-26, (04.03.2026) [FHM-K] | X53: — | Y53: — | Z53: — | AA53: P060152|I | AB53: registered — initial release, issued 03.06.2026
A54: 53 | B54: iCoA-PP_26-053 | C54: yes | D54: =IF(A54="","",IF(ISNUMBER(E54),MAX(DATE(2026,6,3),E54),DATE(2026,6,3))) | E54: =IFERROR(INDEX('Batch Dates'!$F:$F,MATCH(J54,'Batch Dates'!$C:$C,0)),IFERROR(INDEX('Batch Dates'!$F:$F,MATCH(I54,'Batch Dates'!$B:$B,0)),"")) | F54: =IFERROR(INDEX('Batch Dates'!$G:$G,MATCH(J54,'Batch Dates'!$C:$C,0)),IFERROR(INDEX('Batch Dates'!$G:$G,MATCH(I54,'Batch Dates'!$B:$B,0)),"")) | G54: legacy | H54: initial release | I54: SJ102501 | J54: P060162 | K54: Sleepy Joy | L54: Ident A + Ident B + Foreign matter | M54: — | N54: =IFERROR(INDEX('CoQ Register'!$B:$B,MATCH("P060162|I",'CoQ Register'!$S:$S,0)),"—") | O54: — | P54: 04.03.2026 | Q54: 20.01.2026 | R54: 09.03.2026 (the issuance plan's basis: 04.03.2026) | S54: =IFERROR(INDEX('CoQ Register'!$D:$D,MATCH("P060162|I",'CoQ Register'!$S:$S,0)),"") | T54: Conforms | U54: Conforms | V54: Conforms | W54: 051-3-K-26, (04.03.2026) [FHM-K] | X54: — | Y54: — | Z54: — | AA54: P060162|I | AB54: registered — initial release, issued 03.06.2026
A55: 54 | B55: iCoA-PP_26-054 | C55: yes | D55: =IF(A55="","",IF(ISNUMBER(E55),MAX(DATE(2026,6,3),E55),DATE(2026,6,3))) | E55: =IFERROR(INDEX('Batch Dates'!$F:$F,MATCH(J55,'Batch Dates'!$C:$C,0)),IFERROR(INDEX('Batch Dates'!$F:$F,MATCH(I55,'Batch Dates'!$B:$B,0)),"")) | F55: =IFERROR(INDEX('Batch Dates'!$G:$G,MATCH(J55,'Batch Dates'!$C:$C,0)),IFERROR(INDEX('Batch Dates'!$G:$G,MATCH(I55,'Batch Dates'!$B:$B,0)),"")) | G55: legacy | H55: initial release | I55: KC102501 | J55: P060172 | K55: Kush Crasher | L55: Ident A + Ident B + Foreign matter | M55: — | N55: =IFERROR(INDEX('CoQ Register'!$B:$B,MATCH("P060172|I",'CoQ Register'!$S:$S,0)),"—") | O55: iCoA-PP-2026-0013 | P55: 12.03.2026 | Q55: 20.01.2026 – 21.01.2026 | R55: 12.03.2026 | S55: =IFERROR(INDEX('CoQ Register'!$D:$D,MATCH("P060172|I",'CoQ Register'!$S:$S,0)),"") | T55: Conforms | U55: Conforms | V55: Conforms | W55: 051-4-K-26, (04.03.2026) [FHM-K] | X55: — | Y55: — | Z55: — | AA55: P060172|I | AB55: registered — initial release, issued 03.06.2026
A56: 55 | B56: iCoA-PP_26-055 | C56: yes | D56: =IF(A56="","",IF(ISNUMBER(E56),MAX(DATE(2026,6,3),E56),DATE(2026,6,3))) | E56: =IFERROR(INDEX('Batch Dates'!$F:$F,MATCH(J56,'Batch Dates'!$C:$C,0)),IFERROR(INDEX('Batch Dates'!$F:$F,MATCH(I56,'Batch Dates'!$B:$B,0)),"")) | F56: =IFERROR(INDEX('Batch Dates'!$G:$G,MATCH(J56,'Batch Dates'!$C:$C,0)),IFERROR(INDEX('Batch Dates'!$G:$G,MATCH(I56,'Batch Dates'!$B:$B,0)),"")) | G56: legacy | H56: initial release | I56: GRC102501 | J56: P060182 | K56: Graps & Creme | L56: Ident A + Ident B + Foreign matter | M56: — | N56: =IFERROR(INDEX('CoQ Register'!$B:$B,MATCH("P060182|I",'CoQ Register'!$S:$S,0)),"—") | O56: iCoA-PP-2026-0014 | P56: 14.03.2026 | Q56: 20.01.2026 | R56: 14.03.2026 | S56: =IFERROR(INDEX('CoQ Register'!$D:$D,MATCH("P060182|I",'CoQ Register'!$S:$S,0)),"") | T56: Conforms | U56: Conforms | V56: Conforms | W56: 051-6-K-26, (04.03.2026) [FHM-K] | X56: — | Y56: — | Z56: — | AA56: P060182|I | AB56: registered — initial release, issued 03.06.2026
A57: 56 | B57: iCoA-PP_26-056 | C57: yes | D57: =IF(A57="","",IF(ISNUMBER(E57),MAX(DATE(2026,6,3),E57),DATE(2026,6,3))) | E57: =IFERROR(INDEX('Batch Dates'!$F:$F,MATCH(J57,'Batch Dates'!$C:$C,0)),IFERROR(INDEX('Batch Dates'!$F:$F,MATCH(I57,'Batch Dates'!$B:$B,0)),"")) | F57: =IFERROR(INDEX('Batch Dates'!$G:$G,MATCH(J57,'Batch Dates'!$C:$C,0)),IFERROR(INDEX('Batch Dates'!$G:$G,MATCH(I57,'Batch Dates'!$B:$B,0)),"")) | G57: legacy | H57: initial release | I57: SJ112501 | J57: P060192 | K57: Sleepy Joy | L57: Ident A + Ident B + Foreign matter | M57: — | N57: =IFERROR(INDEX('CoQ Register'!$B:$B,MATCH("P060192|I",'CoQ Register'!$S:$S,0)),"—") | O57: — | P57: 04.03.2026 | Q57: 26.01.2026 – 27.01.2026 | R57: 31.03.2026 (the issuance plan's basis: 04.03.2026) | S57: =IFERROR(INDEX('CoQ Register'!$D:$D,MATCH("P060192|I",'CoQ Register'!$S:$S,0)),"") | T57: Conforms | U57: Conforms | V57: Conforms | W57: 051-2-K-26, (04.03.2026) [FHM-K] | X57: — | Y57: — | Z57: — | AA57: P060192|I | AB57: registered — initial release, issued 03.06.2026
A58: 57 | B58: iCoA-PP_26-057 | C58: yes | D58: 46176 | E58: 46121 | F58: =IFERROR(INDEX('Batch Dates'!$G:$G,MATCH(J58,'Batch Dates'!$C:$C,0)),IFERROR(INDEX('Batch Dates'!$G:$G,MATCH(I58,'Batch Dates'!$B:$B,0)),"")) | G58: legacy | H58: retest 1 | I58: J31112501 | J58: P060202 | K58: Jokerz 31 | L58: Ident A + Ident B + Foreign matter | M58: — | N58: =IFERROR(INDEX('CoQ Register'!$B:$B,MATCH("P060202|R",'CoQ Register'!$S:$S,0)),"—") | O58: — | P58: 09.04.2027 | Q58: 26.01.2026 | R58: 17.04.2026 (the issuance plan's basis: 09.04.2026) | S58: =IFERROR(INDEX('CoQ Register'!$D:$D,MATCH("P060202|R",'CoQ Register'!$S:$S,0)),"") | T58: Conforms | U58: Conforms | V58: Conforms | W58: 227-14-K-26, (11.09.2026) [FHM-K] | X58: 227-14-K-26, (11.09.2026) [FHM-K] | Y58: — pending — | Z58: #8, #9, #11, #12 from the initial testing | AA58: P060202|R | AB58: registered — retest 1, issued 03.06.2026
A59: 58 | B59: iCoA-PP_26-058 | C59: yes | D59: =IF(A59="","",IF(ISNUMBER(E59),MAX(DATE(2026,6,3),E59),DATE(2026,6,3))) | E59: =IFERROR(INDEX('Batch Dates'!$F:$F,MATCH(J59,'Batch Dates'!$C:$C,0)),IFERROR(INDEX('Batch Dates'!$F:$F,MATCH(I59,'Batch Dates'!$B:$B,0)),"")) | F59: =IFERROR(INDEX('Batch Dates'!$G:$G,MATCH(J59,'Batch Dates'!$C:$C,0)),IFERROR(INDEX('Batch Dates'!$G:$G,MATCH(I59,'Batch Dates'!$B:$B,0)),"")) | G59: legacy | H59: initial release | I59: J31112501 | J59: P060202 | K59: Jokerz 31 | L59: Ident A + Ident B + Foreign matter | M59: — | N59: =IFERROR(INDEX('CoQ Register'!$B:$B,MATCH("P060202|I",'CoQ Register'!$S:$S,0)),"—") | O59: — | P59: 09.04.2026 | Q59: 26.01.2026 | R59: 17.04.2026 (the issuance plan's basis: 09.04.2026) | S59: =IFERROR(INDEX('CoQ Register'!$D:$D,MATCH("P060202|I",'CoQ Register'!$S:$S,0)),"") | T59: Conforms | U59: Conforms | V59: Conforms | W59: 051-5-K-26, (04.03.2026) [FHM-K] | X59: — | Y59: — | Z59: — | AA59: P060202|I | AB59: registered — initial release, issued 03.06.2026
A60: 59 | B60: iCoA-PP_26-059 | C60: yes | D60: =IF(A60="","",IF(ISNUMBER(E60),MAX(DATE(2026,6,3),E60),DATE(2026,6,3))) | E60: =IFERROR(INDEX('Batch Dates'!$F:$F,MATCH(J60,'Batch Dates'!$C:$C,0)),IFERROR(INDEX('Batch Dates'!$F:$F,MATCH(I60,'Batch Dates'!$B:$B,0)),"")) | F60: =IFERROR(INDEX('Batch Dates'!$G:$G,MATCH(J60,'Batch Dates'!$C:$C,0)),IFERROR(INDEX('Batch Dates'!$G:$G,MATCH(I60,'Batch Dates'!$B:$B,0)),"")) | G60: legacy | H60: initial release | I60: JD112501 | J60: P060212 | K60: Jelly Donutz | L60: Ident A + Ident B + Foreign matter | M60: — | N60: =IFERROR(INDEX('CoQ Register'!$B:$B,MATCH("P060212|I",'CoQ Register'!$S:$S,0)),"—") | O60: iCoA-PP-2026-0015 | P60: 21.04.2026 | Q60: 25.03.2026 | R60: 21.04.2026 | S60: =IFERROR(INDEX('CoQ Register'!$D:$D,MATCH("P060212|I",'CoQ Register'!$S:$S,0)),"") | T60: Conforms | U60: Conforms | V60: Conforms | W60: ППК26063, (11.05.2026) [CNP] | X60: — | Y60: — | Z60: — | AA60: P060212|I | AB60: registered — initial release, issued 03.06.2026
A61: 60 | B61: iCoA-PP_26-060 | C61: yes | D61: =IF(A61="","",IF(ISNUMBER(E61),MAX(DATE(2026,6,3),E61),DATE(2026,6,3))) | E61: =IFERROR(INDEX('Batch Dates'!$F:$F,MATCH(J61,'Batch Dates'!$C:$C,0)),IFERROR(INDEX('Batch Dates'!$F:$F,MATCH(I61,'Batch Dates'!$B:$B,0)),"")) | F61: =IFERROR(INDEX('Batch Dates'!$G:$G,MATCH(J61,'Batch Dates'!$C:$C,0)),IFERROR(INDEX('Batch Dates'!$G:$G,MATCH(I61,'Batch Dates'!$B:$B,0)),"")) | G61: legacy | H61: initial release | I61: OPM112501 | J61: P060222 | K61: Orange Punch Mimosa | L61: Ident A + Ident B + Foreign matter | M61: — | N61: =IFERROR(INDEX('CoQ Register'!$B:$B,MATCH("P060222|I",'CoQ Register'!$S:$S,0)),"—") | O61: — | P61: 05.03.2026 | Q61: 05.02.2026 | R61: 24.04.2026 (the issuance plan's basis: 05.03.2026) | S61: =IFERROR(INDEX('CoQ Register'!$D:$D,MATCH("P060222|I",'CoQ Register'!$S:$S,0)),"") | T61: Conforms | U61: Conforms | V61: Conforms | W61: ППК26031, (05.03.2026) [CNP] | X61: — | Y61: — | Z61: — | AA61: P060222|I | AB61: registered — initial release, issued 03.06.2026
A62: 61 | B62: iCoA-PP_26-061 | C62: yes | D62: =IF(A62="","",IF(ISNUMBER(E62),MAX(DATE(2026,6,3),E62),DATE(2026,6,3))) | E62: =IFERROR(INDEX('Batch Dates'!$F:$F,MATCH(J62,'Batch Dates'!$C:$C,0)),IFERROR(INDEX('Batch Dates'!$F:$F,MATCH(I62,'Batch Dates'!$B:$B,0)),"")) | F62: =IFERROR(INDEX('Batch Dates'!$G:$G,MATCH(J62,'Batch Dates'!$C:$C,0)),IFERROR(INDEX('Batch Dates'!$G:$G,MATCH(I62,'Batch Dates'!$B:$B,0)),"")) | G62: legacy | H62: initial release | I62: PM112501 | J62: P060232 | K62: Permanent Market | L62: Ident A + Ident B + Foreign matter | M62: — | N62: =IFERROR(INDEX('CoQ Register'!$B:$B,MATCH("P060232|I",'CoQ Register'!$S:$S,0)),"—") | O62: iCoA-PP-2026-0016 | P62: 27.04.2026 | Q62: 05.02.2026 | R62: 27.04.2026 | S62: =IFERROR(INDEX('CoQ Register'!$D:$D,MATCH("P060232|I",'CoQ Register'!$S:$S,0)),"") | T62: Conforms | U62: Conforms | V62: Conforms | W62: ППК26030, (05.03.2026) [CNP] | X62: — | Y62: — | Z62: — | AA62: P060232|I | AB62: registered — initial release, issued 03.06.2026
A63: 62 | B63: iCoA-PP_26-062 | C63: yes | D63: =IF(A63="","",IF(ISNUMBER(E63),MAX(DATE(2026,6,3),E63),DATE(2026,6,3))) | E63: =IFERROR(INDEX('Batch Dates'!$F:$F,MATCH(J63,'Batch Dates'!$C:$C,0)),IFERROR(INDEX('Batch Dates'!$F:$F,MATCH(I63,'Batch Dates'!$B:$B,0)),"")) | F63: =IFERROR(INDEX('Batch Dates'!$G:$G,MATCH(J63,'Batch Dates'!$C:$C,0)),IFERROR(INDEX('Batch Dates'!$G:$G,MATCH(I63,'Batch Dates'!$B:$B,0)),"")) | G63: legacy | H63: initial release | I63: OPM122501 | J63: P060242 | K63: Orange Punch Mimosa | L63: Ident A + Ident B + Foreign matter | M63: — | N63: =IFERROR(INDEX('CoQ Register'!$B:$B,MATCH("P060242|I",'CoQ Register'!$S:$S,0)),"—") | O63: iCoA-PP-2026-0017 | P63: 28.04.2026 | Q63: 11.03.2026 | R63: 28.04.2026 | S63: =IFERROR(INDEX('CoQ Register'!$D:$D,MATCH("P060242|I",'CoQ Register'!$S:$S,0)),"") | T63: Conforms | U63: Conforms | V63: Conforms | W63: 100-4-K-26, (09.04.2026) [FHM-K] | X63: — | Y63: — | Z63: — | AA63: P060242|I | AB63: registered — initial release, issued 03.06.2026
A64: 63 | B64: iCoA-PP_26-063 | C64: yes | D64: =IF(A64="","",IF(ISNUMBER(E64),MAX(DATE(2026,6,3),E64),DATE(2026,6,3))) | E64: =IFERROR(INDEX('Batch Dates'!$F:$F,MATCH(J64,'Batch Dates'!$C:$C,0)),IFERROR(INDEX('Batch Dates'!$F:$F,MATCH(I64,'Batch Dates'!$B:$B,0)),"")) | F64: =IFERROR(INDEX('Batch Dates'!$G:$G,MATCH(J64,'Batch Dates'!$C:$C,0)),IFERROR(INDEX('Batch Dates'!$G:$G,MATCH(I64,'Batch Dates'!$B:$B,0)),"")) | G64: legacy | H64: initial release | I64: GG112501 | J64: P060252 | K64: Gorilla Glue | L64: Ident A + Ident B + Foreign matter | M64: — | N64: =IFERROR(INDEX('CoQ Register'!$B:$B,MATCH("P060252|I",'CoQ Register'!$S:$S,0)),"—") | O64: — | P64: 11.05.2026 | Q64: 25.03.2026 | R64: 05.05.2026 (the issuance plan's basis: 11.05.2026) | S64: =IFERROR(INDEX('CoQ Register'!$D:$D,MATCH("P060252|I",'CoQ Register'!$S:$S,0)),"") | T64: Conforms | U64: Conforms | V64: Conforms | W64: ППК26061, (11.05.2026) [CNP] | X64: — | Y64: — | Z64: — | AA64: P060252|I | AB64: registered — initial release, issued 03.06.2026
A65: 64 | B65: iCoA-PP_26-064 | C65: yes | D65: 46176 | E65: 46153 | F65: =IFERROR(INDEX('Batch Dates'!$G:$G,MATCH(J65,'Batch Dates'!$C:$C,0)),IFERROR(INDEX('Batch Dates'!$G:$G,MATCH(I65,'Batch Dates'!$B:$B,0)),"")) | G65: legacy | H65: retest 1 | I65: GP062501 | J65: P050202 | K65: Grape Pie | L65: Ident A + Ident B + Foreign matter | M65: — | N65: =IFERROR(INDEX('CoQ Register'!$B:$B,MATCH("P050202|R",'CoQ Register'!$S:$S,0)),"—") | O65: — | P65: 11.05.2027 | Q65: 15.09.2025 – 17.09.2025 | R65: 30.10.2025 – 07.11.2025 (the issuance plan's basis: 11.05.2026) | S65: =IFERROR(INDEX('CoQ Register'!$D:$D,MATCH("P050202|R",'CoQ Register'!$S:$S,0)),"") | T65: Conforms | U65: Conforms | V65: Conforms | W65: 227-18-K-26, (11.09.2026) [FHM-K] | X65: 227-18-K-26, (11.09.2026) [FHM-K] | Y65: — pending — | Z65: #8, #9, #11, #12 from the initial testing | AA65: P050202|R | AB65: registered — retest 1, issued 03.06.2026
A66: 65 | B66: iCoA-PP_26-065 | C66: yes | D66: 46176 | E66: 46153 | F66: =IFERROR(INDEX('Batch Dates'!$G:$G,MATCH(J66,'Batch Dates'!$C:$C,0)),IFERROR(INDEX('Batch Dates'!$G:$G,MATCH(I66,'Batch Dates'!$B:$B,0)),"")) | G66: legacy | H66: retest 2 | I66: GP062501 | J66: P050202 | K66: Grape Pie | L66: Ident A + Ident B + Foreign matter | M66: — | N66: =IFERROR(INDEX('CoQ Register'!$B:$B,MATCH("P050202|R2",'CoQ Register'!$S:$S,0)),"—") | O66: — | P66: 11.05.2027 | Q66: 15.09.2025 – 17.09.2025 | R66: 30.10.2025 – 07.11.2025 (the issuance plan's basis: 11.05.2026) | S66: =IFERROR(INDEX('CoQ Register'!$D:$D,MATCH("P050202|R2",'CoQ Register'!$S:$S,0)),"") | T66: Conforms | U66: Conforms | V66: Conforms | W66: 227-18-K-26, (11.09.2026) [FHM-K] | X66: 227-18-K-26, (11.09.2026) [FHM-K] | Y66: — pending — | Z66: #8, #9, #11, #12 from the initial testing | AA66: P050202|R2 | AB66: registered — retest 2, issued 03.06.2026
A67: 66 | B67: iCoA-PP_26-066 | C67: yes | D67: 46176 | E67: 46153 | F67: =IFERROR(INDEX('Batch Dates'!$G:$G,MATCH(J67,'Batch Dates'!$C:$C,0)),IFERROR(INDEX('Batch Dates'!$G:$G,MATCH(I67,'Batch Dates'!$B:$B,0)),"")) | G67: legacy | H67: retest 3 | I67: GP062501 | J67: P050202 | K67: Grape Pie | L67: Ident A + Ident B + Foreign matter | M67: — | N67: =IFERROR(INDEX('CoQ Register'!$B:$B,MATCH("P050202|R3",'CoQ Register'!$S:$S,0)),"—") | O67: — | P67: 11.05.2027 | Q67: 15.09.2025 – 17.09.2025 | R67: 30.10.2025 – 07.11.2025 (the issuance plan's basis: 11.05.2026) | S67: =IFERROR(INDEX('CoQ Register'!$D:$D,MATCH("P050202|R3",'CoQ Register'!$S:$S,0)),"") | T67: Conforms | U67: Conforms | V67: Conforms | W67: 227-18-K-26, (11.09.2026) [FHM-K] | X67: 227-18-K-26, (11.09.2026) [FHM-K] | Y67: — pending — | Z67: #8, #9, #11, #12 from the initial testing | AA67: P050202|R3 | AB67: registered — retest 3, issued 03.06.2026
A68: 67 | B68: iCoA-PP_26-067 | C68: yes | D68: 46176 | E68: 46153 | F68: =IFERROR(INDEX('Batch Dates'!$G:$G,MATCH(J68,'Batch Dates'!$C:$C,0)),IFERROR(INDEX('Batch Dates'!$G:$G,MATCH(I68,'Batch Dates'!$B:$B,0)),"")) | G68: legacy | H68: retest 4 | I68: GP062501 | J68: P050202 | K68: Grape Pie | L68: Ident A + Ident B + Foreign matter | M68: — | N68: =IFERROR(INDEX('CoQ Register'!$B:$B,MATCH("P050202|R4",'CoQ Register'!$S:$S,0)),"—") | O68: — | P68: 11.05.2027 | Q68: 15.09.2025 – 17.09.2025 | R68: 30.10.2025 – 07.11.2025 (the issuance plan's basis: 11.05.2026) | S68: =IFERROR(INDEX('CoQ Register'!$D:$D,MATCH("P050202|R4",'CoQ Register'!$S:$S,0)),"") | T68: Conforms | U68: Conforms | V68: Conforms | W68: 227-18-K-26, (11.09.2026) [FHM-K] | X68: 227-18-K-26, (11.09.2026) [FHM-K] | Y68: — pending — | Z68: #8, #9, #11, #12 from the initial testing | AA68: P050202|R4 | AB68: registered — retest 4, issued 03.06.2026
A69: 68 | B69: iCoA-PP_26-068 | C69: yes | D69: 46176 | E69: 46153 | F69: =IFERROR(INDEX('Batch Dates'!$G:$G,MATCH(J69,'Batch Dates'!$C:$C,0)),IFERROR(INDEX('Batch Dates'!$G:$G,MATCH(I69,'Batch Dates'!$B:$B,0)),"")) | G69: legacy | H69: retest 3 | I69: GP0824_02 | J69: P050022 | K69: Grape Pie | L69: Ident A + Ident B + Foreign matter | M69: — | N69: =IFERROR(INDEX('CoQ Register'!$B:$B,MATCH("P050022|R3",'CoQ Register'!$S:$S,0)),"—") | O69: — | P69: 03.06.2026 | Q69: 22.04.2025 – 23.04.2025 | R69: 03.06.2025 – 11.06.2025 | S69: =IFERROR(INDEX('CoQ Register'!$D:$D,MATCH("P050022|R3",'CoQ Register'!$S:$S,0)),"") | T69: Conforms | U69: Conforms | V69: Conforms | W69: 197-11-K-26, (07.08.2026) [FHM-K] | X69: 197-11-K-26, (07.08.2026) [FHM-K] | Y69: 197-11-M-26, (10.08.2026) [FHM-M] | Z69: #8, #9, #11, #12 from the initial testing | AA69: P050022|R3 | AB69: registered — retest 3, issued 03.06.2026
A70: 69 | B70: iCoA-PP_26-069 | C70: yes | D70: 46176 | E70: 46153 | F70: =IFERROR(INDEX('Batch Dates'!$G:$G,MATCH(J70,'Batch Dates'!$C:$C,0)),IFERROR(INDEX('Batch Dates'!$G:$G,MATCH(I70,'Batch Dates'!$B:$B,0)),"")) | G70: legacy | H70: retest 4 | I70: GP0824_02 | J70: P050022 | K70: Grape Pie | L70: Ident A + Ident B + Foreign matter | M70: — | N70: =IFERROR(INDEX('CoQ Register'!$B:$B,MATCH("P050022|R4",'CoQ Register'!$S:$S,0)),"—") | O70: — | P70: 03.06.2026 | Q70: 22.04.2025 – 23.04.2025 | R70: 03.06.2025 – 11.06.2025 | S70: =IFERROR(INDEX('CoQ Register'!$D:$D,MATCH("P050022|R4",'CoQ Register'!$S:$S,0)),"") | T70: Conforms | U70: Conforms | V70: Conforms | W70: 197-11-K-26, (07.08.2026) [FHM-K] | X70: 197-11-K-26, (07.08.2026) [FHM-K] | Y70: 197-11-M-26, (10.08.2026) [FHM-M] | Z70: #8, #9, #11, #12 from the initial testing | AA70: P050022|R4 | AB70: registered — retest 4, issued 03.06.2026
A71: 70 | B71: iCoA-PP_26-070 | C71: yes | D71: 46176 | E71: 46153 | F71: =IFERROR(INDEX('Batch Dates'!$G:$G,MATCH(J71,'Batch Dates'!$C:$C,0)),IFERROR(INDEX('Batch Dates'!$G:$G,MATCH(I71,'Batch Dates'!$B:$B,0)),"")) | G71: legacy | H71: retest 1 | I71: GP0824_03 | J71: P050072 | K71: Grape Pie | L71: Ident A + Ident B + Foreign matter | M71: — | N71: =IFERROR(INDEX('CoQ Register'!$B:$B,MATCH("P050072|R",'CoQ Register'!$S:$S,0)),"—") | O71: — | P71: 14.07.2026 | Q71: 09.06.2025 – 10.06.2025 | R71: 14.07.2025 – 17.07.2025 | S71: =IFERROR(INDEX('CoQ Register'!$D:$D,MATCH("P050072|R",'CoQ Register'!$S:$S,0)),"") | T71: Conforms | U71: Conforms | V71: Conforms | W71: — retest assay not yet on file — | X71: — pending — | Y71: 220-11-M-26, (11.09.2026) [FHM-M] | Z71: #8, #9, #11, #12 from the initial testing | AA71: P050072|R | AB71: registered — retest 1, issued 03.06.2026
A72: 71 | B72: iCoA-PP_26-071 | C72: yes | D72: 46176 | E72: 46153 | F72: =IFERROR(INDEX('Batch Dates'!$G:$G,MATCH(J72,'Batch Dates'!$C:$C,0)),IFERROR(INDEX('Batch Dates'!$G:$G,MATCH(I72,'Batch Dates'!$B:$B,0)),"")) | G72: legacy | H72: retest 3 | I72: GP0824_03 | J72: P050072 | K72: Grape Pie | L72: Ident A + Ident B + Foreign matter | M72: — | N72: =IFERROR(INDEX('CoQ Register'!$B:$B,MATCH("P050072|R3",'CoQ Register'!$S:$S,0)),"—") | O72: — | P72: 14.07.2026 | Q72: 09.06.2025 – 10.06.2025 | R72: 14.07.2025 – 17.07.2025 | S72: =IFERROR(INDEX('CoQ Register'!$D:$D,MATCH("P050072|R3",'CoQ Register'!$S:$S,0)),"") | T72: Conforms | U72: Conforms | V72: Conforms | W72: — retest assay not yet on file — | X72: — pending — | Y72: 220-11-M-26, (11.09.2026) [FHM-M] | Z72: #8, #9, #11, #12 from the initial testing | AA72: P050072|R3 | AB72: registered — retest 3, issued 03.06.2026
A73: 72 | B73: iCoA-PP_26-072 | C73: yes | D73: =IF(A73="","",IF(ISNUMBER(E73),MAX(DATE(2026,6,3),E73),DATE(2026,6,3))) | E73: =IFERROR(INDEX('Batch Dates'!$F:$F,MATCH(J73,'Batch Dates'!$C:$C,0)),IFERROR(INDEX('Batch Dates'!$F:$F,MATCH(I73,'Batch Dates'!$B:$B,0)),"")) | F73: =IFERROR(INDEX('Batch Dates'!$G:$G,MATCH(J73,'Batch Dates'!$C:$C,0)),IFERROR(INDEX('Batch Dates'!$G:$G,MATCH(I73,'Batch Dates'!$B:$B,0)),"")) | G73: post-SOP | H73: initial release | I73: J31122501 | J73: P060262 | K73: Jokerz 31 | L73: Ident A + Ident B + Foreign matter | M73: — | N73: =IFERROR(INDEX('CoQ Register'!$B:$B,MATCH("P060262|I",'CoQ Register'!$S:$S,0)),"—") | O73: — | P73: 23.04.2026 | Q73: 04.03.2026 | R73: 14.05.2026 (the issuance plan's basis: 23.04.2026) | S73: =IFERROR(INDEX('CoQ Register'!$D:$D,MATCH("P060262|I",'CoQ Register'!$S:$S,0)),"") | T73: Conforms | U73: Conforms | V73: Conforms | W73: 100-2-K-26, (09.04.2026) [FHM-K] | X73: — | Y73: — | Z73: — | AA73: P060262|I | AB73: registered — initial release, issued 03.06.2026
A74: 73 | B74: iCoA-PP_26-073 | C74: yes | D74: =IF(A74="","",IF(ISNUMBER(E74),MAX(DATE(2026,6,3),E74),DATE(2026,6,3))) | E74: =IFERROR(INDEX('Batch Dates'!$F:$F,MATCH(J74,'Batch Dates'!$C:$C,0)),IFERROR(INDEX('Batch Dates'!$F:$F,MATCH(I74,'Batch Dates'!$B:$B,0)),"")) | F74: =IFERROR(INDEX('Batch Dates'!$G:$G,MATCH(J74,'Batch Dates'!$C:$C,0)),IFERROR(INDEX('Batch Dates'!$G:$G,MATCH(I74,'Batch Dates'!$B:$B,0)),"")) | G74: post-SOP | H74: initial release | I74: CC112501 | J74: P060272 | K74: Cash Cow | L74: Ident A + Ident B + Foreign matter | M74: — | N74: =IFERROR(INDEX('CoQ Register'!$B:$B,MATCH("P060272|I",'CoQ Register'!$S:$S,0)),"—") | O74: — | P74: 11.05.2026 | Q74: 25.03.2026 | R74: 18.05.2026 (the issuance plan's basis: 11.05.2026) | S74: =IFERROR(INDEX('CoQ Register'!$D:$D,MATCH("P060272|I",'CoQ Register'!$S:$S,0)),"") | T74: Conforms | U74: Conforms | V74: Conforms | W74: ППК26068, (11.05.2026) [CNP] | X74: — | Y74: — | Z74: — | AA74: P060272|I | AB74: registered — initial release, issued 03.06.2026
A75: 74 | B75: iCoA-PP_26-074 | C75: yes | D75: =IF(A75="","",IF(ISNUMBER(E75),MAX(DATE(2026,6,3),E75),DATE(2026,6,3))) | E75: =IFERROR(INDEX('Batch Dates'!$F:$F,MATCH(J75,'Batch Dates'!$C:$C,0)),IFERROR(INDEX('Batch Dates'!$F:$F,MATCH(I75,'Batch Dates'!$B:$B,0)),"")) | F75: =IFERROR(INDEX('Batch Dates'!$G:$G,MATCH(J75,'Batch Dates'!$C:$C,0)),IFERROR(INDEX('Batch Dates'!$G:$G,MATCH(I75,'Batch Dates'!$B:$B,0)),"")) | G75: post-SOP | H75: initial release | I75: SCR112501 | J75: P060282 | K75: Scrambler | L75: Ident A + Ident B + Foreign matter | M75: — | N75: =IFERROR(INDEX('CoQ Register'!$B:$B,MATCH("P060282|I",'CoQ Register'!$S:$S,0)),"—") | O75: iCoA-PP-2026-0018 | P75: 18.05.2026 | Q75: 25.03.2026 | R75: 18.05.2026 | S75: =IFERROR(INDEX('CoQ Register'!$D:$D,MATCH("P060282|I",'CoQ Register'!$S:$S,0)),"") | T75: Conforms | U75: Conforms | V75: Conforms | W75: ППК26069, (11.05.2026) [CNP] | X75: — | Y75: — | Z75: — | AA75: P060282|I | AB75: registered — initial release, issued 03.06.2026
A76: 75 | B76: iCoA-PP_26-075 | C76: yes | D76: =IF(A76="","",IF(ISNUMBER(E76),MAX(DATE(2026,6,3),E76),DATE(2026,6,3))) | E76: =IFERROR(INDEX('Batch Dates'!$F:$F,MATCH(J76,'Batch Dates'!$C:$C,0)),IFERROR(INDEX('Batch Dates'!$F:$F,MATCH(I76,'Batch Dates'!$B:$B,0)),"")) | F76: =IFERROR(INDEX('Batch Dates'!$G:$G,MATCH(J76,'Batch Dates'!$C:$C,0)),IFERROR(INDEX('Batch Dates'!$G:$G,MATCH(I76,'Batch Dates'!$B:$B,0)),"")) | G76: post-SOP | H76: initial release | I76: FB112501 | J76: P060292 | K76: Fat Bastard | L76: Ident A + Ident B + Foreign matter | M76: — | N76: =IFERROR(INDEX('CoQ Register'!$B:$B,MATCH("P060292|I",'CoQ Register'!$S:$S,0)),"—") | O76: — | P76: 11.05.2026 | Q76: 25.03.2026 | R76: 19.05.2026 (the issuance plan's basis: 11.05.2026) | S76: =IFERROR(INDEX('CoQ Register'!$D:$D,MATCH("P060292|I",'CoQ Register'!$S:$S,0)),"") | T76: Conforms | U76: Conforms | V76: Conforms | W76: ППК26066, (11.05.2026) [CNP] | X76: — | Y76: — | Z76: — | AA76: P060292|I | AB76: registered — initial release, issued 03.06.2026
A77: 76 | B77: iCoA-PP_26-076 | C77: yes | D77: =IF(A77="","",IF(ISNUMBER(E77),MAX(DATE(2026,6,3),E77),DATE(2026,6,3))) | E77: =IFERROR(INDEX('Batch Dates'!$F:$F,MATCH(J77,'Batch Dates'!$C:$C,0)),IFERROR(INDEX('Batch Dates'!$F:$F,MATCH(I77,'Batch Dates'!$B:$B,0)),"")) | F77: =IFERROR(INDEX('Batch Dates'!$G:$G,MATCH(J77,'Batch Dates'!$C:$C,0)),IFERROR(INDEX('Batch Dates'!$G:$G,MATCH(I77,'Batch Dates'!$B:$B,0)),"")) | G77: post-SOP | H77: initial release | I77: FB012601_1 | J77: P060322 | K77: Fat Bastard | L77: Ident A + Ident B + Foreign matter | M77: — | N77: =IFERROR(INDEX('CoQ Register'!$B:$B,MATCH("P060322|I",'CoQ Register'!$S:$S,0)),"—") | O77: iCoA-PP-2026-0019 | P77: 22.05.2026 | Q77: 27.03.2026 | R77: 22.05.2026 | S77: =IFERROR(INDEX('CoQ Register'!$D:$D,MATCH("P060322|I",'CoQ Register'!$S:$S,0)),"") | T77: Conforms | U77: Conforms | V77: Conforms | W77: ППК26067, (11.05.2026) [CNP] | X77: — | Y77: — | Z77: — | AA77: P060322|I | AB77: registered — initial release, issued 03.06.2026
A78: 77 | B78: iCoA-PP_26-077 | C78: yes | D78: =IF(A78="","",IF(ISNUMBER(E78),MAX(DATE(2026,6,3),E78),DATE(2026,6,3))) | E78: =IFERROR(INDEX('Batch Dates'!$F:$F,MATCH(J78,'Batch Dates'!$C:$C,0)),IFERROR(INDEX('Batch Dates'!$F:$F,MATCH(I78,'Batch Dates'!$B:$B,0)),"")) | F78: =IFERROR(INDEX('Batch Dates'!$G:$G,MATCH(J78,'Batch Dates'!$C:$C,0)),IFERROR(INDEX('Batch Dates'!$G:$G,MATCH(I78,'Batch Dates'!$B:$B,0)),"")) | G78: post-SOP | H78: initial release | I78: CC012601/1 | J78: P060332 | K78: Cash Cow | L78: Ident A + Ident B + Foreign matter | M78: — | N78: =IFERROR(INDEX('CoQ Register'!$B:$B,MATCH("P060332|I",'CoQ Register'!$S:$S,0)),"—") | O78: — | P78: 10.08.2026 | Q78: 16.04.2026 | R78: 22.05.2026 (the issuance plan's basis: 10.08.2026) | S78: =IFERROR(INDEX('CoQ Register'!$D:$D,MATCH("P060332|I",'CoQ Register'!$S:$S,0)),"") | T78: Conforms | U78: Conforms | V78: Conforms | W78: — no cannabinoid certificate from the initial testing — | X78: — | Y78: — | Z78: — | AA78: P060332|I | AB78: registered — initial release, issued 03.06.2026
A79: 78 | B79: iCoA-PP_26-078 | C79: yes | D79: =IF(A79="","",IF(ISNUMBER(E79),MAX(DATE(2026,6,3),E79),DATE(2026,6,3))) | E79: =IFERROR(INDEX('Batch Dates'!$F:$F,MATCH(J79,'Batch Dates'!$C:$C,0)),IFERROR(INDEX('Batch Dates'!$F:$F,MATCH(I79,'Batch Dates'!$B:$B,0)),"")) | F79: =IFERROR(INDEX('Batch Dates'!$G:$G,MATCH(J79,'Batch Dates'!$C:$C,0)),IFERROR(INDEX('Batch Dates'!$G:$G,MATCH(I79,'Batch Dates'!$B:$B,0)),"")) | G79: post-SOP | H79: initial release | I79: FB012603V | J79: P060392 | K79: Fat Bastard | L79: Ident A + Ident B + Foreign matter | M79: A: ППК26110 / B: ППК26110 / FM: ППК26110 | N79: =IFERROR(INDEX('CoQ Register'!$B:$B,MATCH("P060392|I",'CoQ Register'!$S:$S,0)),"—") | O79: — | P79: 30.06.2026 | Q79: 29.04.2026 | R79: 23.05.2026 (the issuance plan's basis: 30.06.2026) | S79: =IFERROR(INDEX('CoQ Register'!$D:$D,MATCH("P060392|I",'CoQ Register'!$S:$S,0)),"") | T79: CNP ППК26110 | U79: CNP ППК26110 | V79: CNP ППК26110 | W79: ППК26110, (30.06.2026) [CNP] | X79: — | Y79: — | Z79: — | AA79: P060392|I | AB79: registered — initial release, issued 03.06.2026
A80: 79 | B80: iCoA-PP_26-079 | C80: yes | D80: =IF(A80="","",IF(ISNUMBER(E80),MAX(DATE(2026,6,3),E80),DATE(2026,6,3))) | E80: =IFERROR(INDEX('Batch Dates'!$F:$F,MATCH(J80,'Batch Dates'!$C:$C,0)),IFERROR(INDEX('Batch Dates'!$F:$F,MATCH(I80,'Batch Dates'!$B:$B,0)),"")) | F80: =IFERROR(INDEX('Batch Dates'!$G:$G,MATCH(J80,'Batch Dates'!$C:$C,0)),IFERROR(INDEX('Batch Dates'!$G:$G,MATCH(I80,'Batch Dates'!$B:$B,0)),"")) | G80: post-SOP | H80: initial release | I80: JD012603 | J80: P060422 | K80: Jelly Donutz | L80: Ident A + Ident B + Foreign matter | M80: A: ППК26111 / B: ППК26111 / FM: ППК26111 | N80: =IFERROR(INDEX('CoQ Register'!$B:$B,MATCH("P060422|I",'CoQ Register'!$S:$S,0)),"—") | O80: iCoA-PP-2026-0022 | P80: 23.05.2026 | Q80: 29.04.2026 | R80: 23.05.2026 | S80: =IFERROR(INDEX('CoQ Register'!$D:$D,MATCH("P060422|I",'CoQ Register'!$S:$S,0)),"") | T80: CNP ППК26111 | U80: CNP ППК26111 | V80: CNP ППК26111 | W80: ППК26111, (30.06.2026) [CNP] | X80: — | Y80: — | Z80: — | AA80: P060422|I | AB80: registered — initial release, issued 03.06.2026
A81: 80 | B81: iCoA-PP_26-080 | C81: yes | D81: =IF(A81="","",IF(ISNUMBER(E81),MAX(DATE(2026,6,3),E81),DATE(2026,6,3))) | E81: =IFERROR(INDEX('Batch Dates'!$F:$F,MATCH(J81,'Batch Dates'!$C:$C,0)),IFERROR(INDEX('Batch Dates'!$F:$F,MATCH(I81,'Batch Dates'!$B:$B,0)),"")) | F81: =IFERROR(INDEX('Batch Dates'!$G:$G,MATCH(J81,'Batch Dates'!$C:$C,0)),IFERROR(INDEX('Batch Dates'!$G:$G,MATCH(I81,'Batch Dates'!$B:$B,0)),"")) | G81: post-SOP | H81: initial release | I81: JD012603 | J81: P060362 | K81: Jelly Donutz | L81: Ident A + Ident B + Foreign matter | M81: A: ППК26111 / B: ППК26111 / FM: ППК26111 | N81: =IFERROR(INDEX('CoQ Register'!$B:$B,MATCH("P060362|I",'CoQ Register'!$S:$S,0)),"—") | O81: iCoA-PP-2026-0020 | P81: 23.05.2026 | Q81: 22.04.2026 | R81: 23.05.2026 | S81: =IFERROR(INDEX('CoQ Register'!$D:$D,MATCH("P060362|I",'CoQ Register'!$S:$S,0)),"") | T81: CNP ППК26111 | U81: CNP ППК26111 | V81: CNP ППК26111 | W81: ППК26111, (30.06.2026) [CNP] | X81: — | Y81: — | Z81: — | AA81: P060362|I | AB81: registered — initial release, issued 03.06.2026
A82: 81 | B82: iCoA-PP_26-081 | C82: yes | D82: =IF(A82="","",IF(ISNUMBER(E82),MAX(DATE(2026,6,3),E82),DATE(2026,6,3))) | E82: =IFERROR(INDEX('Batch Dates'!$F:$F,MATCH(J82,'Batch Dates'!$C:$C,0)),IFERROR(INDEX('Batch Dates'!$F:$F,MATCH(I82,'Batch Dates'!$B:$B,0)),"")) | F82: =IFERROR(INDEX('Batch Dates'!$G:$G,MATCH(J82,'Batch Dates'!$C:$C,0)),IFERROR(INDEX('Batch Dates'!$G:$G,MATCH(I82,'Batch Dates'!$B:$B,0)),"")) | G82: post-SOP | H82: initial release | I82: FB012602* | J82: P060352 | K82: Fat Bastard | L82: Ident A + Ident B + Foreign matter | M82: — | N82: =IFERROR(INDEX('CoQ Register'!$B:$B,MATCH("P060352|I",'CoQ Register'!$S:$S,0)),"—") | O82: iCoA-PP-2026-0021 | P82: 23.05.2026 | Q82: 16.04.2026 | R82: 23.05.2026 | S82: =IFERROR(INDEX('CoQ Register'!$D:$D,MATCH("P060352|I",'CoQ Register'!$S:$S,0)),"") | T82: Conforms | U82: Conforms | V82: Conforms | W82: — no cannabinoid certificate from the initial testing — | X82: — | Y82: — | Z82: — | AA82: P060352|I | AB82: registered — initial release, issued 03.06.2026
A83: 82 | B83: iCoA-PP_26-082 | C83: yes | D83: =IF(A83="","",IF(ISNUMBER(E83),MAX(DATE(2026,6,3),E83),DATE(2026,6,3))) | E83: =IFERROR(INDEX('Batch Dates'!$F:$F,MATCH(J83,'Batch Dates'!$C:$C,0)),IFERROR(INDEX('Batch Dates'!$F:$F,MATCH(I83,'Batch Dates'!$B:$B,0)),"")) | F83: =IFERROR(INDEX('Batch Dates'!$G:$G,MATCH(J83,'Batch Dates'!$C:$C,0)),IFERROR(INDEX('Batch Dates'!$G:$G,MATCH(I83,'Batch Dates'!$B:$B,0)),"")) | G83: post-SOP | H83: initial release | I83: CC012603 | J83: P060372 | K83: Cash Cow | L83: Ident A + Ident B + Foreign matter | M83: — | N83: =IFERROR(INDEX('CoQ Register'!$B:$B,MATCH("P060372|I",'CoQ Register'!$S:$S,0)),"—") | O83: iCoA-PP-2026-0024 | P83: 24.05.2026 | Q83: 22.04.2026 | R83: 24.05.2026 | S83: =IFERROR(INDEX('CoQ Register'!$D:$D,MATCH("P060372|I",'CoQ Register'!$S:$S,0)),"") | T83: Conforms | U83: Conforms | V83: Conforms | W83: — no cannabinoid certificate from the initial testing — | X83: — | Y83: — | Z83: — | AA83: P060372|I | AB83: registered — initial release, issued 03.06.2026
A84: 83 | B84: iCoA-PP_26-083 | C84: yes | D84: =IF(A84="","",IF(ISNUMBER(E84),MAX(DATE(2026,6,3),E84),DATE(2026,6,3))) | E84: =IFERROR(INDEX('Batch Dates'!$F:$F,MATCH(J84,'Batch Dates'!$C:$C,0)),IFERROR(INDEX('Batch Dates'!$F:$F,MATCH(I84,'Batch Dates'!$B:$B,0)),"")) | F84: =IFERROR(INDEX('Batch Dates'!$G:$G,MATCH(J84,'Batch Dates'!$C:$C,0)),IFERROR(INDEX('Batch Dates'!$G:$G,MATCH(I84,'Batch Dates'!$B:$B,0)),"")) | G84: post-SOP | H84: initial release | I84: GG012603 | J84: P060402 | K84: Gorilla Glue | L84: Ident A + Ident B + Foreign matter | M84: A: ППК26114 / B: ППК26114 / FM: ППК26114 | N84: =IFERROR(INDEX('CoQ Register'!$B:$B,MATCH("P060402|I",'CoQ Register'!$S:$S,0)),"—") | O84: iCoA-PP-2026-0023 | P84: 24.05.2026 | Q84: 04.05.2026 | R84: 24.05.2026 | S84: =IFERROR(INDEX('CoQ Register'!$D:$D,MATCH("P060402|I",'CoQ Register'!$S:$S,0)),"") | T84: CNP ППК26114 | U84: CNP ППК26114 | V84: CNP ППК26114 | W84: ППК26114, (30.06.2026) [CNP] | X84: — | Y84: — | Z84: — | AA84: P060402|I | AB84: registered — initial release, issued 03.06.2026
A85: 84 | B85: iCoA-PP_26-084 | C85: yes | D85: =IF(A85="","",IF(ISNUMBER(E85),MAX(DATE(2026,6,3),E85),DATE(2026,6,3))) | E85: =IFERROR(INDEX('Batch Dates'!$F:$F,MATCH(J85,'Batch Dates'!$C:$C,0)),IFERROR(INDEX('Batch Dates'!$F:$F,MATCH(I85,'Batch Dates'!$B:$B,0)),"")) | F85: =IFERROR(INDEX('Batch Dates'!$G:$G,MATCH(J85,'Batch Dates'!$C:$C,0)),IFERROR(INDEX('Batch Dates'!$G:$G,MATCH(I85,'Batch Dates'!$B:$B,0)),"")) | G85: post-SOP | H85: initial release | I85: JD012603 | J85: P060412 | K85: Jelly Donutz | L85: Ident A + Ident B + Foreign matter | M85: A: ППК26111 / B: ППК26111 / FM: ППК26111 | N85: =IFERROR(INDEX('CoQ Register'!$B:$B,MATCH("P060412|I",'CoQ Register'!$S:$S,0)),"—") | O85: iCoA-PP-2026-0025 | P85: 24.05.2026 | Q85: 04.05.2026 | R85: 24.05.2026 | S85: =IFERROR(INDEX('CoQ Register'!$D:$D,MATCH("P060412|I",'CoQ Register'!$S:$S,0)),"") | T85: CNP ППК26111 | U85: CNP ППК26111 | V85: CNP ППК26111 | W85: ППК26111, (30.06.2026) [CNP] | X85: — | Y85: — | Z85: — | AA85: P060412|I | AB85: registered — initial release, issued 03.06.2026
A86: 85 | B86: iCoA-PP_26-085 | C86: yes | D86: =IF(A86="","",IF(ISNUMBER(E86),MAX(DATE(2026,6,3),E86),DATE(2026,6,3))) | E86: =IFERROR(INDEX('Batch Dates'!$F:$F,MATCH(J86,'Batch Dates'!$C:$C,0)),IFERROR(INDEX('Batch Dates'!$F:$F,MATCH(I86,'Batch Dates'!$B:$B,0)),"")) | F86: =IFERROR(INDEX('Batch Dates'!$G:$G,MATCH(J86,'Batch Dates'!$C:$C,0)),IFERROR(INDEX('Batch Dates'!$G:$G,MATCH(I86,'Batch Dates'!$B:$B,0)),"")) | G86: post-SOP | H86: initial release | I86: SCR012603 | J86: P060382 | K86: Scrambler | L86: Ident A + Ident B + Foreign matter | M86: — | N86: =IFERROR(INDEX('CoQ Register'!$B:$B,MATCH("P060382|I",'CoQ Register'!$S:$S,0)),"—") | O86: iCoA-PP-2026-0026 | P86: 25.05.2026 | Q86: 22.04.2026 | R86: 25.05.2026 | S86: =IFERROR(INDEX('CoQ Register'!$D:$D,MATCH("P060382|I",'CoQ Register'!$S:$S,0)),"") | T86: Conforms | U86: Conforms | V86: Conforms | W86: — no cannabinoid certificate from the initial testing — | X86: — | Y86: — | Z86: — | AA86: P060382|I | AB86: registered — initial release, issued 03.06.2026
A87: 86 | B87: iCoA-PP_26-086 | C87: yes | D87: 46176 | E87: — not stated — | F87: =IFERROR(INDEX('Batch Dates'!$G:$G,MATCH(J87,'Batch Dates'!$C:$C,0)),IFERROR(INDEX('Batch Dates'!$G:$G,MATCH(I87,'Batch Dates'!$B:$B,0)),"")) | G87: legacy | H87: initial release | I87: BSS1024_01/1 | J87: P050122 | K87: Blue Sunset Sherbet | L87: Ident A + Ident B + Foreign matter | M87: — | N87: =IFERROR(INDEX('CoQ Register'!$B:$B,MATCH("P050122|I",'CoQ Register'!$S:$S,0)),"—") | O87: — | P87: 01.09.2025 | Q87: 04.06.2025 – 05.06.2025 | R87: 01.09.2025 – 09.09.2025 | S87: =IFERROR(INDEX('CoQ Register'!$D:$D,MATCH("P050122|I",'CoQ Register'!$S:$S,0)),"") | T87: Conforms | U87: Conforms | V87: Conforms | W87: ППК25176, (10.07.2025) [CNP] | X87: — | Y87: — | Z87: — | AA87: P050122|I | AB87: registered — initial release, issued 03.06.2026 · no packaging date on file — testing date not stated (owner, 15.09.2026: certified all the same)
A88: 87 | B88: iCoA-PP_26-087 | C88: yes | D88: 46176 | E88: — not stated — | F88: =IFERROR(INDEX('Batch Dates'!$G:$G,MATCH(J88,'Batch Dates'!$C:$C,0)),IFERROR(INDEX('Batch Dates'!$G:$G,MATCH(I88,'Batch Dates'!$B:$B,0)),"")) | G88: — | H88: initial release | I88: CC042601 | J88: N/A — no P batch assigned | K88: Cash Cow | L88: Ident A + Ident B + Foreign matter | M88: — | N88: =IFERROR(INDEX('CoQ Register'!$B:$B,MATCH("CC042601|I",'CoQ Register'!$S:$S,0)),"—") | O88: — | P88: — | Q88: — not on the list — | R88: — not on the list — | S88: =IFERROR(INDEX('CoQ Register'!$D:$D,MATCH("CC042601|I",'CoQ Register'!$S:$S,0)),"") | T88: Conforms | U88: Conforms | V88: Conforms | W88: — no cannabinoid certificate from the initial testing — | X88: — | Y88: — | Z88: — | AA88: CC042601|I | AB88: registered — initial release, issued 03.06.2026 · no packaging date on file — testing date not stated (owner, 15.09.2026: certified all the same)
A89: 88 | B89: iCoA-PP_26-088 | C89: yes | D89: 46176 | E89: — not stated — | F89: =IFERROR(INDEX('Batch Dates'!$G:$G,MATCH(J89,'Batch Dates'!$C:$C,0)),IFERROR(INDEX('Batch Dates'!$G:$G,MATCH(I89,'Batch Dates'!$B:$B,0)),"")) | G89: — | H89: initial release | I89: FB042601 | J89: N/A — no P batch assigned | K89: Fat Bastard | L89: Ident A + Ident B + Foreign matter | M89: — | N89: =IFERROR(INDEX('CoQ Register'!$B:$B,MATCH("FB042601|I",'CoQ Register'!$S:$S,0)),"—") | O89: — | P89: — | Q89: — not on the list — | R89: — not on the list — | S89: =IFERROR(INDEX('CoQ Register'!$D:$D,MATCH("FB042601|I",'CoQ Register'!$S:$S,0)),"") | T89: Conforms | U89: Conforms | V89: Conforms | W89: — no cannabinoid certificate from the initial testing — | X89: — | Y89: — | Z89: — | AA89: FB042601|I | AB89: registered — initial release, issued 03.06.2026 · no packaging date on file — testing date not stated (owner, 15.09.2026: certified all the same)
A90: 89 | B90: iCoA-PP_26-089 | C90: yes | D90: 46176 | E90: — not stated — | F90: =IFERROR(INDEX('Batch Dates'!$G:$G,MATCH(J90,'Batch Dates'!$C:$C,0)),IFERROR(INDEX('Batch Dates'!$G:$G,MATCH(I90,'Batch Dates'!$B:$B,0)),"")) | G90: post-SOP | H90: initial release | I90: GG012601＊ | J90: P060302 | K90: Gorilla Glue | L90: Ident A + Ident B + Foreign matter | M90: — | N90: =IFERROR(INDEX('CoQ Register'!$B:$B,MATCH("P060302|I",'CoQ Register'!$S:$S,0)),"—") | O90: — | P90: 11.05.2026 | Q90: 27.03.2026 | R90: 20.05.2026 (the issuance plan's basis: 11.05.2026) | S90: =IFERROR(INDEX('CoQ Register'!$D:$D,MATCH("P060302|I",'CoQ Register'!$S:$S,0)),"") | T90: Conforms | U90: Conforms | V90: Conforms | W90: ППК26062, (11.05.2026) [CNP] | X90: — | Y90: — | Z90: — | AA90: P060302|I | AB90: registered — initial release, issued 03.06.2026 · no packaging date on file — testing date not stated (owner, 15.09.2026: certified all the same)
A91: 90 | B91: iCoA-PP_26-090 | C91: yes | D91: 46176 | E91: — not stated — | F91: =IFERROR(INDEX('Batch Dates'!$G:$G,MATCH(J91,'Batch Dates'!$C:$C,0)),IFERROR(INDEX('Batch Dates'!$G:$G,MATCH(I91,'Batch Dates'!$B:$B,0)),"")) | G91: post-SOP | H91: initial release | I91: JD012601＊ | J91: P060312 | K91: Jelly Donutz | L91: Ident A + Ident B + Foreign matter | M91: — | N91: =IFERROR(INDEX('CoQ Register'!$B:$B,MATCH("P060312|I",'CoQ Register'!$S:$S,0)),"—") | O91: — | P91: 11.05.2026 | Q91: 27.03.2026 | R91: 21.05.2026 (the issuance plan's basis: 11.05.2026) | S91: =IFERROR(INDEX('CoQ Register'!$D:$D,MATCH("P060312|I",'CoQ Register'!$S:$S,0)),"") | T91: Conforms | U91: Conforms | V91: Conforms | W91: ППК26064, (11.05.2026) [CNP] | X91: — | Y91: — | Z91: — | AA91: P060312|I | AB91: registered — initial release, issued 03.06.2026 · no packaging date on file — testing date not stated (owner, 15.09.2026: certified all the same)
A92: 91 | B92: iCoA-PP_26-091 | C92: yes | D92: 46176 | E92: — not stated — | F92: =IFERROR(INDEX('Batch Dates'!$G:$G,MATCH(J92,'Batch Dates'!$C:$C,0)),IFERROR(INDEX('Batch Dates'!$G:$G,MATCH(I92,'Batch Dates'!$B:$B,0)),"")) | G92: legacy | H92: initial release | I92: OMP1024_01 | J92: P050042 | K92: Orange Punch Mimosa | L92: Ident A + Ident B + Foreign matter | M92: — | N92: =IFERROR(INDEX('CoQ Register'!$B:$B,MATCH("P050042|I",'CoQ Register'!$S:$S,0)),"—") | O92: iCoA-PP-2025-0007 | P92: 20.06.2025 | Q92: 26.03.2025 – 27.03.2025 | R92: 20.06.2025 | S92: =IFERROR(INDEX('CoQ Register'!$D:$D,MATCH("P050042|I",'CoQ Register'!$S:$S,0)),"") | T92: Conforms | U92: Conforms | V92: Conforms | W92: ППК25117, (06.05.2025) [CNP] | X92: — | Y92: — | Z92: — | AA92: P050042|I | AB92: registered — initial release, issued 03.06.2026 · no packaging date on file — testing date not stated (owner, 15.09.2026: certified all the same)
A93: 92 | B93: iCoA-PP_26-092 | C93: yes | D93: 46176 | E93: — not stated — | F93: =IFERROR(INDEX('Batch Dates'!$G:$G,MATCH(J93,'Batch Dates'!$C:$C,0)),IFERROR(INDEX('Batch Dates'!$G:$G,MATCH(I93,'Batch Dates'!$B:$B,0)),"")) | G93: post-SOP | H93: initial release | I93: SCR012601* | J93: P060342 | K93: Scrambler | L93: Ident A + Ident B + Foreign matter | M93: — | N93: =IFERROR(INDEX('CoQ Register'!$B:$B,MATCH("P060342|I",'CoQ Register'!$S:$S,0)),"—") | O93: — | P93: 25.05.2026 | Q93: 16.04.2026 | R93: 25.05.2026 | S93: =IFERROR(INDEX('CoQ Register'!$D:$D,MATCH("P060342|I",'CoQ Register'!$S:$S,0)),"") | T93: Conforms | U93: Conforms | V93: Conforms | W93: — no cannabinoid certificate from the initial testing — | X93: — | Y93: — | Z93: — | AA93: P060342|I | AB93: registered — initial release, issued 03.06.2026 · no packaging date on file — testing date not stated (owner, 15.09.2026: certified all the same)
A94: 93 | B94: iCoA-PP_26-093 | C94: yes | D94: =IF(A94="","",IF(ISNUMBER(E94),MAX(DATE(2026,6,3),E94),DATE(2026,6,3))) | E94: =IFERROR(INDEX('Batch Dates'!$F:$F,MATCH(J94,'Batch Dates'!$C:$C,0)),IFERROR(INDEX('Batch Dates'!$F:$F,MATCH(I94,'Batch Dates'!$B:$B,0)),"")) | F94: =IFERROR(INDEX('Batch Dates'!$G:$G,MATCH(J94,'Batch Dates'!$C:$C,0)),IFERROR(INDEX('Batch Dates'!$G:$G,MATCH(I94,'Batch Dates'!$B:$B,0)),"")) | G94: post-SOP | H94: initial release | I94: FB012603 | J94: P060432 | K94: Fat Bastard | L94: Ident A + Ident B + Foreign matter | M94: A: ППК26112 / B: ППК26112 / FM: ППК26112 | N94: =IFERROR(INDEX('CoQ Register'!$B:$B,MATCH("P060432|I",'CoQ Register'!$S:$S,0)),"—") | O94: — | P94: 30.06.2026 | Q94: 04.05.2026 | R94: 15.06.2026 (the issuance plan's basis: 30.06.2026) | S94: =IFERROR(INDEX('CoQ Register'!$D:$D,MATCH("P060432|I",'CoQ Register'!$S:$S,0)),"") | T94: CNP ППК26112 | U94: CNP ППК26112 | V94: CNP ППК26112 | W94: ППК26112, (30.06.2026) [CNP] | X94: — | Y94: — | Z94: — | AA94: P060432|I | AB94: registered — initial release, issued 15.06.2026
A95: 94 | B95: iCoA-PP_26-094 | C95: yes | D95: =IF(A95="","",IF(ISNUMBER(E95),MAX(DATE(2026,6,3),E95),DATE(2026,6,3))) | E95: =IFERROR(INDEX('Batch Dates'!$F:$F,MATCH(J95,'Batch Dates'!$C:$C,0)),IFERROR(INDEX('Batch Dates'!$F:$F,MATCH(I95,'Batch Dates'!$B:$B,0)),"")) | F95: =IFERROR(INDEX('Batch Dates'!$G:$G,MATCH(J95,'Batch Dates'!$C:$C,0)),IFERROR(INDEX('Batch Dates'!$G:$G,MATCH(I95,'Batch Dates'!$B:$B,0)),"")) | G95: post-SOP | H95: initial release | I95: SCR022601 | J95: P060442 | K95: Scrambler | L95: Ident A + Ident B + Foreign matter | M95: A: ППК26116 / B: ППК26116 / FM: ППК26116 | N95: =IFERROR(INDEX('CoQ Register'!$B:$B,MATCH("P060442|I",'CoQ Register'!$S:$S,0)),"—") | O95: — | P95: 06.07.2026 | Q95: 13.05.2026 | R95: 18.06.2026 (the issuance plan's basis: 06.07.2026) | S95: =IFERROR(INDEX('CoQ Register'!$D:$D,MATCH("P060442|I",'CoQ Register'!$S:$S,0)),"") | T95: CNP ППК26116 | U95: CNP ППК26116 | V95: CNP ППК26116 | W95: ППК26116, (06.07.2026) [CNP] | X95: — | Y95: — | Z95: — | AA95: P060442|I | AB95: registered — initial release, issued 18.06.2026
A96: 95 | B96: iCoA-PP_26-095 | C96: yes | D96: =IF(A96="","",IF(ISNUMBER(E96),MAX(DATE(2026,6,3),E96),DATE(2026,6,3))) | E96: =IFERROR(INDEX('Batch Dates'!$F:$F,MATCH(J96,'Batch Dates'!$C:$C,0)),IFERROR(INDEX('Batch Dates'!$F:$F,MATCH(I96,'Batch Dates'!$B:$B,0)),"")) | F96: =IFERROR(INDEX('Batch Dates'!$G:$G,MATCH(J96,'Batch Dates'!$C:$C,0)),IFERROR(INDEX('Batch Dates'!$G:$G,MATCH(I96,'Batch Dates'!$B:$B,0)),"")) | G96: post-SOP | H96: initial release | I96: FB032601 | J96: P060452 | K96: Fat Bastard | L96: Ident A + Ident B + Foreign matter | M96: A: ППК26127 / B: ППК26127 / FM: ППК26127 | N96: =IFERROR(INDEX('CoQ Register'!$B:$B,MATCH("P060452|I",'CoQ Register'!$S:$S,0)),"—") | O96: — | P96: 21.07.2026 | Q96: 02.06.2026 | R96: 29.06.2026 (the issuance plan's basis: 21.07.2026) | S96: =IFERROR(INDEX('CoQ Register'!$D:$D,MATCH("P060452|I",'CoQ Register'!$S:$S,0)),"") | T96: CNP ППК26127 | U96: CNP ППК26127 | V96: CNP ППК26127 | W96: ППК26127, (21.07.2026) [CNP] | X96: — | Y96: — | Z96: — | AA96: P060452|I | AB96: registered — initial release, issued 29.06.2026
A97: 96 | B97: iCoA-PP_26-096 | C97: yes | D97: 46209 | E97: — not stated — | F97: =IFERROR(INDEX('Batch Dates'!$G:$G,MATCH(J97,'Batch Dates'!$C:$C,0)),IFERROR(INDEX('Batch Dates'!$G:$G,MATCH(I97,'Batch Dates'!$B:$B,0)),"")) | G97: — | H97: initial release | I97: — not recorded — (P160012) | J97: P160012 | K97: Grape Pie | L97: Ident A + Ident B + Foreign matter | M97: A: ППК26117 / B: ППК26117 / FM: ППК26117 | N97: =IFERROR(INDEX('CoQ Register'!$B:$B,MATCH("P160012|I",'CoQ Register'!$S:$S,0)),"—") | O97: — | P97: 06.07.2026 | Q97: — not on the list — | R97: — not on the list — | S97: =IFERROR(INDEX('CoQ Register'!$D:$D,MATCH("P160012|I",'CoQ Register'!$S:$S,0)),"") | T97: CNP ППК26117 | U97: CNP ППК26117 | V97: CNP ППК26117 | W97: ППК26117, (06.07.2026) [CNP] | X97: — | Y97: — | Z97: — | AA97: P160012|I | AB97: registered — initial release, issued 06.07.2026 · no packaging date on file — testing date not stated (owner, 15.09.2026: certified all the same)
A98: 97 | B98: iCoA-PP_26-097 | C98: yes | D98: 46209 | E98: — not stated — | F98: =IFERROR(INDEX('Batch Dates'!$G:$G,MATCH(J98,'Batch Dates'!$C:$C,0)),IFERROR(INDEX('Batch Dates'!$G:$G,MATCH(I98,'Batch Dates'!$B:$B,0)),"")) | G98: — | H98: initial release | I98: — not recorded — (P160022) | J98: P160022 | K98: Grape Pie | L98: Ident A + Ident B + Foreign matter | M98: A: ППК26118 / B: ППК26118 / FM: ППК26118 | N98: =IFERROR(INDEX('CoQ Register'!$B:$B,MATCH("P160022|I",'CoQ Register'!$S:$S,0)),"—") | O98: — | P98: 06.07.2026 | Q98: — not on the list — | R98: — not on the list — | S98: =IFERROR(INDEX('CoQ Register'!$D:$D,MATCH("P160022|I",'CoQ Register'!$S:$S,0)),"") | T98: CNP ППК26118 | U98: CNP ППК26118 | V98: CNP ППК26118 | W98: ППК26118, (06.07.2026) [CNP] | X98: — | Y98: — | Z98: — | AA98: P160022|I | AB98: registered — initial release, issued 06.07.2026 · no packaging date on file — testing date not stated (owner, 15.09.2026: certified all the same)
A99: 98 | B99: iCoA-PP_26-098 | C99: yes | D99: 46209 | E99: — not stated — | F99: =IFERROR(INDEX('Batch Dates'!$G:$G,MATCH(J99,'Batch Dates'!$C:$C,0)),IFERROR(INDEX('Batch Dates'!$G:$G,MATCH(I99,'Batch Dates'!$B:$B,0)),"")) | G99: — | H99: initial release | I99: — not recorded — (P160032) | J99: P160032 | K99: Grape Pie | L99: Ident A + Ident B + Foreign matter | M99: A: ППК26119 / B: ППК26119 / FM: ППК26119 | N99: =IFERROR(INDEX('CoQ Register'!$B:$B,MATCH("P160032|I",'CoQ Register'!$S:$S,0)),"—") | O99: — | P99: 06.07.2026 | Q99: — not on the list — | R99: — not on the list — | S99: =IFERROR(INDEX('CoQ Register'!$D:$D,MATCH("P160032|I",'CoQ Register'!$S:$S,0)),"") | T99: CNP ППК26119 | U99: CNP ППК26119 | V99: CNP ППК26119 | W99: ППК26119, (06.07.2026) [CNP] | X99: — | Y99: — | Z99: — | AA99: P160032|I | AB99: registered — initial release, issued 06.07.2026 · no packaging date on file — testing date not stated (owner, 15.09.2026: certified all the same)
A100: 99 | B100: iCoA-PP_26-099 | C100: yes | D100: =IF(A100="","",IF(ISNUMBER(E100),MAX(DATE(2026,6,3),E100),DATE(2026,6,3))) | E100: =IFERROR(INDEX('Batch Dates'!$F:$F,MATCH(J100,'Batch Dates'!$C:$C,0)),IFERROR(INDEX('Batch Dates'!$F:$F,MATCH(I100,'Batch Dates'!$B:$B,0)),"")) | F100: =IFERROR(INDEX('Batch Dates'!$G:$G,MATCH(J100,'Batch Dates'!$C:$C,0)),IFERROR(INDEX('Batch Dates'!$G:$G,MATCH(I100,'Batch Dates'!$B:$B,0)),"")) | G100: post-SOP | H100: initial release | I100: GG032601 | J100: P060462 | K100: Gorilla Glue | L100: Ident A + Ident B + Foreign matter | M100: A: ППК26128 / B: ППК26128 / FM: ППК26128 | N100: =IFERROR(INDEX('CoQ Register'!$B:$B,MATCH("P060462|I",'CoQ Register'!$S:$S,0)),"—") | O100: — | P100: 21.07.2026 | Q100: 16.06.2026 | R100: 16.07.2026 (the issuance plan's basis: 21.07.2026) | S100: =IFERROR(INDEX('CoQ Register'!$D:$D,MATCH("P060462|I",'CoQ Register'!$S:$S,0)),"") | T100: CNP ППК26128 | U100: CNP ППК26128 | V100: CNP ППК26128 | W100: ППК26128, (21.07.2026) [CNP] | X100: — | Y100: — | Z100: — | AA100: P060462|I | AB100: registered — initial release, issued 16.07.2026
...

Sheet CoQ Register
A1: No. | B1: CoQ code | C1: Issuable | D1: Issue date (planned) | E1: Rule date | F1: Latest eCoA cited (date) | G1: Latest eCoA cited (code) | H1: iCoA (register) | I1: iCoA issue date | J1: Group | K1: Series | L1: CU Batch | M1: P Batch | N1: Strain | O1: Ident C — eCoA (Total THC) | P1: CNP references | Q1: Supersedes (old in-house CoA) | R1: Plan reference (31.08.2026) | S1: Key | T1: Status
A2: =IF(C2="yes",COUNT(A$1:A1)+1,"") | B2: =IF(A2<>"","CoQ-PP_26-"&TEXT(A2,"000"),"— at issue —") | C2: yes | D2: =IF(A2="","",MAX(E2,IF(ISNUMBER(I2),I2,0),IFERROR(IF(ISNUMBER(INDEX('iCoA Register'!$F:$F,MATCH(S2,'iCoA Register'!$AA:$AA,0))),INDEX('iCoA Register'!$F:$F,MATCH(S2,'iCoA Register'!$AA:$AA,0)),0),0))) | E2: =IF(ISNUMBER(F2),MAX(DATE(2026,6,6),F2+7),DATE(2026,6,6)) | F2: 45715 | G2: 750-2025 | H2: =IFERROR(INDEX('iCoA Register'!$B:$B,MATCH("CJ1024|I",'iCoA Register'!$AA:$AA,0)),"—") | I2: =IFERROR(INDEX('iCoA Register'!$D:$D,MATCH("CJ1024|I",'iCoA Register'!$AA:$AA,0)),"") | J2: legacy | K2: initial release | L2: CJ1024 | M2: N/A — no P batch assigned | N2: Cap Junky | O2: ППК25052, (26.02.2025) [CNP] | P2: — | Q2: — | R2: (assigned on issue) | S2: CJ1024|I | T2: registered — legacy series, issued 06.06.2026
A3: =IF(C3="yes",COUNT(A$1:A2)+1,"") | B3: =IF(A3<>"","CoQ-PP_26-"&TEXT(A3,"000"),"— at issue —") | C3: yes | D3: =IF(A3="","",MAX(E3,IF(ISNUMBER(I3),I3,0),IFERROR(IF(ISNUMBER(INDEX('iCoA Register'!$F:$F,MATCH(S3,'iCoA Register'!$AA:$AA,0))),INDEX('iCoA Register'!$F:$F,MATCH(S3,'iCoA Register'!$AA:$AA,0)),0),0))) | E3: =IF(ISNUMBER(F3),MAX(DATE(2026,6,6),F3+7),DATE(2026,6,6)) | F3: 45715 | G3: 751-2025 | H3: =IFERROR(INDEX('iCoA Register'!$B:$B,MATCH("BSS1024|I",'iCoA Register'!$AA:$AA,0)),"—") | I3: =IFERROR(INDEX('iCoA Register'!$D:$D,MATCH("BSS1024|I",'iCoA Register'!$AA:$AA,0)),"") | J3: legacy | K3: initial release | L3: BSS1024 | M3: N/A — no P batch assigned | N3: Blue Sunset Sherbet | O3: ППК25051, (26.02.2025) [CNP] | P3: — | Q3: — | R3: CoQ-PP-2025-0001 | S3: BSS1024|I | T3: registered — legacy series, issued 06.06.2026
A4: =IF(C4="yes",COUNT(A$1:A3)+1,"") | B4: =IF(A4<>"","CoQ-PP_26-"&TEXT(A4,"000"),"— at issue —") | C4: yes | D4: =IF(A4="","",MAX(E4,IF(ISNUMBER(I4),I4,0),IFERROR(IF(ISNUMBER(INDEX('iCoA Register'!$F:$F,MATCH(S4,'iCoA Register'!$AA:$AA,0))),INDEX('iCoA Register'!$F:$F,MATCH(S4,'iCoA Register'!$AA:$AA,0)),0),0))) | E4: =IF(ISNUMBER(F4),MAX(DATE(2026,6,6),F4+7),DATE(2026,6,6)) | F4: 45715 | G4: 752-2025 | H4: =IFERROR(INDEX('iCoA Register'!$B:$B,MATCH("BG1024|I",'iCoA Register'!$AA:$AA,0)),"—") | I4: =IFERROR(INDEX('iCoA Register'!$D:$D,MATCH("BG1024|I",'iCoA Register'!$AA:$AA,0)),"") | J4: legacy | K4: initial release | L4: BG1024 | M4: N/A — no P batch assigned | N4: Blue Gelato | O4: ППК25050, (26.02.2025) [CNP] | P4: — | Q4: — | R4: CoQ-PP-2025-0002 | S4: BG1024|I | T4: registered — legacy series, issued 06.06.2026
A5: =IF(C5="yes",COUNT(A$1:A4)+1,"") | B5: =IF(A5<>"","CoQ-PP_26-"&TEXT(A5,"000"),"— at issue —") | C5: yes | D5: =IF(A5="","",MAX(E5,IF(ISNUMBER(I5),I5,0),IFERROR(IF(ISNUMBER(INDEX('iCoA Register'!$F:$F,MATCH(S5,'iCoA Register'!$AA:$AA,0))),INDEX('iCoA Register'!$F:$F,MATCH(S5,'iCoA Register'!$AA:$AA,0)),0),0))) | E5: =IF(ISNUMBER(F5),MAX(DATE(2026,6,6),F5+7),DATE(2026,6,6)) | F5: — | G5: — | H5: =IFERROR(INDEX('iCoA Register'!$B:$B,MATCH("GG1024|I",'iCoA Register'!$AA:$AA,0)),"—") | I5: =IFERROR(INDEX('iCoA Register'!$D:$D,MATCH("GG1024|I",'iCoA Register'!$AA:$AA,0)),"") | J5: legacy | K5: initial release | L5: GG1024 | M5: N/A — no P batch assigned | N5: Gorilla Glue | O5: — no cannabinoid certificate from the initial testing — | P5: — | Q5: — | R5: CoQ-PP-2025-0003 | S5: GG1024|I | T5: registered — legacy series, issued 06.06.2026 · initial certificate to locate: #3 (CNP), #4 (CNP), #5 (CNP), #6 (CNP), #8 (CNP), #9 (IJZ), #10 (CNP), #11 (CNP), #12 (CNP)
A6: =IF(C6="yes",COUNT(A$1:A5)+1,"") | B6: =IF(A6<>"","CoQ-PP_26-"&TEXT(A6,"000"),"— at issue —") | C6: yes | D6: =IF(A6="","",MAX(E6,IF(ISNUMBER(I6),I6,0),IFERROR(IF(ISNUMBER(INDEX('iCoA Register'!$F:$F,MATCH(S6,'iCoA Register'!$AA:$AA,0))),INDEX('iCoA Register'!$F:$F,MATCH(S6,'iCoA Register'!$AA:$AA,0)),0),0))) | E6: =IF(ISNUMBER(F6),MAX(DATE(2026,6,6),F6+7),DATE(2026,6,6)) | F6: — | G6: — | H6: =IFERROR(INDEX('iCoA Register'!$B:$B,MATCH("HPA1024|I",'iCoA Register'!$AA:$AA,0)),"—") | I6: =IFERROR(INDEX('iCoA Register'!$D:$D,MATCH("HPA1024|I",'iCoA Register'!$AA:$AA,0)),"") | J6: legacy | K6: initial release | L6: HPA1024 | M6: N/A — no P batch assigned | N6: High Pro Amnesia | O6: — no cannabinoid certificate from the initial testing — | P6: — | Q6: — | R6: CoQ-PP-2025-0004 | S6: HPA1024|I | T6: registered — legacy series, issued 06.06.2026 · initial certificate to locate: #3 (CNP), #4 (CNP), #5 (CNP), #6 (CNP), #8 (CNP), #9 (IJZ), #10 (CNP), #11 (CNP), #12 (CNP)
A7: =IF(C7="yes",COUNT(A$1:A6)+1,"") | B7: =IF(A7<>"","CoQ-PP_26-"&TEXT(A7,"000"),"— at issue —") | C7: yes | D7: =IF(A7="","",MAX(E7,IF(ISNUMBER(I7),I7,0),IFERROR(IF(ISNUMBER(INDEX('iCoA Register'!$F:$F,MATCH(S7,'iCoA Register'!$AA:$AA,0))),INDEX('iCoA Register'!$F:$F,MATCH(S7,'iCoA Register'!$AA:$AA,0)),0),0))) | E7: =IF(ISNUMBER(F7),MAX(DATE(2026,6,6),F7+7),DATE(2026,6,6)) | F7: — | G7: — | H7: =IFERROR(INDEX('iCoA Register'!$B:$B,MATCH("OPM1024|I",'iCoA Register'!$AA:$AA,0)),"—") | I7: =IFERROR(INDEX('iCoA Register'!$D:$D,MATCH("OPM1024|I",'iCoA Register'!$AA:$AA,0)),"") | J7: legacy | K7: initial release | L7: OPM1024 | M7: N/A — no P batch assigned | N7: Orange Punch Mimosa | O7: — no cannabinoid certificate from the initial testing — | P7: — | Q7: — | R7: CoQ-PP-2025-0005 | S7: OPM1024|I | T7: registered — legacy series, issued 06.06.2026 · initial certificate to locate: #3 (CNP), #4 (CNP), #5 (CNP), #6 (CNP), #8 (CNP), #9 (IJZ), #10 (CNP), #11 (CNP), #12 (CNP)
A8: =IF(C8="yes",COUNT(A$1:A7)+1,"") | B8: =IF(A8<>"","CoQ-PP_26-"&TEXT(A8,"000"),"— at issue —") | C8: yes | D8: =IF(A8="","",MAX(E8,IF(ISNUMBER(I8),I8,0),IFERROR(IF(ISNUMBER(INDEX('iCoA Register'!$F:$F,MATCH(S8,'iCoA Register'!$AA:$AA,0))),INDEX('iCoA Register'!$F:$F,MATCH(S8,'iCoA Register'!$AA:$AA,0)),0),0))) | E8: =IF(ISNUMBER(F8),MAX(DATE(2026,6,6),F8+7),DATE(2026,6,6)) | F8: 45807 | G8: 2471-2025 | H8: =IFERROR(INDEX('iCoA Register'!$B:$B,MATCH("P050022|I",'iCoA Register'!$AA:$AA,0)),"—") | I8: =IFERROR(INDEX('iCoA Register'!$D:$D,MATCH("P050022|I",'iCoA Register'!$AA:$AA,0)),"") | J8: legacy | K8: initial release | L8: GP0824_02 | M8: P050022 | N8: Grape Pie | O8: ППК25139, (22.05.2025) [CNP] | P8: — | Q8: — | R8: CoQ-PP-2025-0006 | S8: P050022|I | T8: registered — legacy series, issued 06.06.2026
A9: =IF(C9="yes",COUNT(A$1:A8)+1,"") | B9: =IF(A9<>"","CoQ-PP_26-"&TEXT(A9,"000"),"— at issue —") | C9: yes | D9: =IF(A9="","",MAX(E9,IF(ISNUMBER(I9),I9,0),IFERROR(IF(ISNUMBER(INDEX('iCoA Register'!$F:$F,MATCH(S9,'iCoA Register'!$AA:$AA,0))),INDEX('iCoA Register'!$F:$F,MATCH(S9,'iCoA Register'!$AA:$AA,0)),0),0))) | E9: =IF(ISNUMBER(F9),MAX(DATE(2026,6,6),F9+7),DATE(2026,6,6)) | F9: 45807 | G9: 2472-2025 | H9: =IFERROR(INDEX('iCoA Register'!$B:$B,MATCH("P050012|I",'iCoA Register'!$AA:$AA,0)),"—") | I9: =IFERROR(INDEX('iCoA Register'!$D:$D,MATCH("P050012|I",'iCoA Register'!$AA:$AA,0)),"") | J9: legacy | K9: initial release | L9: GG1024_02 | M9: P050012 | N9: Gorilla Glue | O9: ППК25140, (22.05.2025) [CNP] | P9: — | Q9: — | R9: (assigned on issue) | S9: P050012|I | T9: registered — legacy series, issued 06.06.2026
A10: =IF(C10="yes",COUNT(A$1:A9)+1,"") | B10: =IF(A10<>"","CoQ-PP_26-"&TEXT(A10,"000"),"— at issue —") | C10: yes | D10: =IF(A10="","",MAX(E10,IF(ISNUMBER(I10),I10,0),IFERROR(IF(ISNUMBER(INDEX('iCoA Register'!$F:$F,MATCH(S10,'iCoA Register'!$AA:$AA,0))),INDEX('iCoA Register'!$F:$F,MATCH(S10,'iCoA Register'!$AA:$AA,0)),0),0))) | E10: =IF(ISNUMBER(F10),MAX(DATE(2026,6,6),F10+7),DATE(2026,6,6)) | F10: 45784 | G10: 2157-2025 | H10: =IFERROR(INDEX('iCoA Register'!$B:$B,MATCH("P050032|I",'iCoA Register'!$AA:$AA,0)),"—") | I10: =IFERROR(INDEX('iCoA Register'!$D:$D,MATCH("P050032|I",'iCoA Register'!$AA:$AA,0)),"") | J10: legacy | K10: initial release | L10: MB0824_04 | M10: P050032 | N10: Motor Breath | O10: ППК25118, (06.05.2025) [CNP] | P10: — | Q10: — | R10: (assigned on issue) | S10: P050032|I | T10: registered — legacy series, issued 06.06.2026
A11: =IF(C11="yes",COUNT(A$1:A10)+1,"") | B11: =IF(A11<>"","CoQ-PP_26-"&TEXT(A11,"000"),"— at issue —") | C11: yes | D11: =IF(A11="","",MAX(E11,IF(ISNUMBER(I11),I11,0),IFERROR(IF(ISNUMBER(INDEX('iCoA Register'!$F:$F,MATCH(S11,'iCoA Register'!$AA:$AA,0))),INDEX('iCoA Register'!$F:$F,MATCH(S11,'iCoA Register'!$AA:$AA,0)),0),0))) | E11: =IF(ISNUMBER(F11),MAX(DATE(2026,6,6),F11+7),DATE(2026,6,6)) | F11: 45784 | G11: 2156-2025 | H11: =IFERROR(INDEX('iCoA Register'!$B:$B,MATCH("P050042|I",'iCoA Register'!$AA:$AA,0)),"—") | I11: =IFERROR(INDEX('iCoA Register'!$D:$D,MATCH("P050042|I",'iCoA Register'!$AA:$AA,0)),"") | J11: legacy | K11: initial release | L11: OMP1024_01 | M11: P050042 | N11: Orange Punch Mimosa | O11: ППК25117, (06.05.2025) [CNP] | P11: — | Q11: — | R11: CoQ-PP-2025-0007 | S11: P050042|I | T11: registered — legacy series, issued 06.06.2026
A12: =IF(C12="yes",COUNT(A$1:A11)+1,"") | B12: =IF(A12<>"","CoQ-PP_26-"&TEXT(A12,"000"),"— at issue —") | C12: yes | D12: =IF(A12="","",MAX(E12,IF(ISNUMBER(I12),I12,0),IFERROR(IF(ISNUMBER(INDEX('iCoA Register'!$F:$F,MATCH(S12,'iCoA Register'!$AA:$AA,0))),INDEX('iCoA Register'!$F:$F,MATCH(S12,'iCoA Register'!$AA:$AA,0)),0),0))) | E12: =IF(ISNUMBER(F12),MAX(DATE(2026,6,6),F12+7),DATE(2026,6,6)) | F12: 45832 | G12: ППК25155 | H12: =IFERROR(INDEX('iCoA Register'!$B:$B,MATCH("P050052|I",'iCoA Register'!$AA:$AA,0)),"—") | I12: =IFERROR(INDEX('iCoA Register'!$D:$D,MATCH("P050052|I",'iCoA Register'!$AA:$AA,0)),"") | J12: legacy | K12: initial release | L12: HPA1024_01 | M12: P050052 | N12: High Pro Amnesia | O12: ППК25155, (24.06.2025) [CNP] | P12: — | Q12: — | R12: CoQ-PP-2025-0008 | S12: P050052|I | T12: registered — legacy series, issued 06.06.2026
A13: =IF(C13="yes",COUNT(A$1:A12)+1,"") | B13: =IF(A13<>"","CoQ-PP_26-"&TEXT(A13,"000"),"— at issue —") | C13: yes | D13: =IF(A13="","",MAX(E13,IF(ISNUMBER(I13),I13,0),IFERROR(IF(ISNUMBER(INDEX('iCoA Register'!$F:$F,MATCH(S13,'iCoA Register'!$AA:$AA,0))),INDEX('iCoA Register'!$F:$F,MATCH(S13,'iCoA Register'!$AA:$AA,0)),0),0))) | E13: =IF(ISNUMBER(F13),MAX(DATE(2026,6,6),F13+7),DATE(2026,6,6)) | F13: 45832 | G13: ППК25154 | H13: =IFERROR(INDEX('iCoA Register'!$B:$B,MATCH("P050062|I",'iCoA Register'!$AA:$AA,0)),"—") | I13: =IFERROR(INDEX('iCoA Register'!$D:$D,MATCH("P050062|I",'iCoA Register'!$AA:$AA,0)),"") | J13: legacy | K13: initial release | L13: OPM1024_02 | M13: P050062 | N13: Orange Punch Mimosa | O13: ППК25154, (24.06.2025) [CNP] | P13: — | Q13: — | R13: CoQ-PP-2025-0009 | S13: P050062|I | T13: registered — legacy series, issued 06.06.2026
A14: =IF(C14="yes",COUNT(A$1:A13)+1,"") | B14: =IF(A14<>"","CoQ-PP_26-"&TEXT(A14,"000"),"— at issue —") | C14: yes | D14: =IF(A14="","",MAX(E14,IF(ISNUMBER(I14),I14,0),IFERROR(IF(ISNUMBER(INDEX('iCoA Register'!$F:$F,MATCH(S14,'iCoA Register'!$AA:$AA,0))),INDEX('iCoA Register'!$F:$F,MATCH(S14,'iCoA Register'!$AA:$AA,0)),0),0))) | E14: =IF(ISNUMBER(F14),MAX(DATE(2026,6,6),F14+7),DATE(2026,6,6)) | F14: 45848 | G14: ППК25175 | H14: =IFERROR(INDEX('iCoA Register'!$B:$B,MATCH("P050072|I",'iCoA Register'!$AA:$AA,0)),"—") | I14: =IFERROR(INDEX('iCoA Register'!$D:$D,MATCH("P050072|I",'iCoA Register'!$AA:$AA,0)),"") | J14: legacy | K14: initial release | L14: GP0824_03 | M14: P050072 | N14: Grape Pie | O14: ППК25175, (10.07.2025) [CNP] | P14: — | Q14: — | R14: CoQ-PP-2025-0010 | S14: P050072|I | T14: registered — legacy series, issued 06.06.2026
A15: =IF(C15="yes",COUNT(A$1:A14)+1,"") | B15: =IF(A15<>"","CoQ-PP_26-"&TEXT(A15,"000"),"— at issue —") | C15: yes | D15: =IF(A15="","",MAX(E15,IF(ISNUMBER(I15),I15,0),IFERROR(IF(ISNUMBER(INDEX('iCoA Register'!$F:$F,MATCH(S15,'iCoA Register'!$AA:$AA,0))),INDEX('iCoA Register'!$F:$F,MATCH(S15,'iCoA Register'!$AA:$AA,0)),0),0))) | E15: =IF(ISNUMBER(F15),MAX(DATE(2026,6,6),F15+7),DATE(2026,6,6)) | F15: 45867 | G15: 766-1375-25 | H15: =IFERROR(INDEX('iCoA Register'!$B:$B,MATCH("P050082|I",'iCoA Register'!$AA:$AA,0)),"—") | I15: =IFERROR(INDEX('iCoA Register'!$D:$D,MATCH("P050082|I",'iCoA Register'!$AA:$AA,0)),"") | J15: legacy | K15: initial release | L15: OPM1024_03 | M15: P050082 | N15: Orange Punch Mimosa | O15: ППК25210, (28.07.2025) [CNP] | P15: — | Q15: — | R15: CoQ-PP-2025-0011 | S15: P050082|I | T15: registered — legacy series, issued 06.06.2026
A16: =IF(C16="yes",COUNT(A$1:A15)+1,"") | B16: =IF(A16<>"","CoQ-PP_26-"&TEXT(A16,"000"),"— at issue —") | C16: yes | D16: =IF(A16="","",MAX(E16,IF(ISNUMBER(I16),I16,0),IFERROR(IF(ISNUMBER(INDEX('iCoA Register'!$F:$F,MATCH(S16,'iCoA Register'!$AA:$AA,0))),INDEX('iCoA Register'!$F:$F,MATCH(S16,'iCoA Register'!$AA:$AA,0)),0),0))) | E16: =IF(ISNUMBER(F16),MAX(DATE(2026,6,6),F16+7),DATE(2026,6,6)) | F16: 45764 | G16: ППК25104 | H16: =IFERROR(INDEX('iCoA Register'!$B:$B,MATCH("P050092|I",'iCoA Register'!$AA:$AA,0)),"—") | I16: =IFERROR(INDEX('iCoA Register'!$D:$D,MATCH("P050092|I",'iCoA Register'!$AA:$AA,0)),"") | J16: legacy | K16: initial release | L16: GG1024_01 | M16: P050092 | N16: Gorilla Glue | O16: ППК25104, (17.04.2025) [CNP] | P16: — | Q16: — | R16: CoQ-PP-2025-0012 | S16: P050092|I | T16: registered — legacy series, issued 06.06.2026
A17: =IF(C17="yes",COUNT(A$1:A16)+1,"") | B17: =IF(A17<>"","CoQ-PP_26-"&TEXT(A17,"000"),"— at issue —") | C17: yes | D17: =IF(A17="","",MAX(E17,IF(ISNUMBER(I17),I17,0),IFERROR(IF(ISNUMBER(INDEX('iCoA Register'!$F:$F,MATCH(S17,'iCoA Register'!$AA:$AA,0))),INDEX('iCoA Register'!$F:$F,MATCH(S17,'iCoA Register'!$AA:$AA,0)),0),0))) | E17: =IF(ISNUMBER(F17),MAX(DATE(2026,6,6),F17+7),DATE(2026,6,6)) | F17: 45764 | G17: ППК25105 | H17: =IFERROR(INDEX('iCoA Register'!$B:$B,MATCH("P050102|I",'iCoA Register'!$AA:$AA,0)),"—") | I17: =IFERROR(INDEX('iCoA Register'!$D:$D,MATCH("P050102|I",'iCoA Register'!$AA:$AA,0)),"") | J17: legacy | K17: initial release | L17: GP0824_01 | M17: P050102 | N17: Grape Pie | O17: ППК25105, (17.04.2025) [CNP] | P17: — | Q17: — | R17: (assigned on issue) | S17: P050102|I | T17: registered — legacy series, issued 06.06.2026
A18: =IF(C18="yes",COUNT(A$1:A17)+1,"") | B18: =IF(A18<>"","CoQ-PP_26-"&TEXT(A18,"000"),"— at issue —") | C18: yes | D18: =IF(A18="","",MAX(E18,IF(ISNUMBER(I18),I18,0),IFERROR(IF(ISNUMBER(INDEX('iCoA Register'!$F:$F,MATCH(S18,'iCoA Register'!$AA:$AA,0))),INDEX('iCoA Register'!$F:$F,MATCH(S18,'iCoA Register'!$AA:$AA,0)),0),0))) | E18: =IF(ISNUMBER(F18),MAX(DATE(2026,6,6),F18+7),DATE(2026,6,6)) | F18: 45867 | G18: 767-1376-25 | H18: =IFERROR(INDEX('iCoA Register'!$B:$B,MATCH("P050112|I",'iCoA Register'!$AA:$AA,0)),"—") | I18: =IFERROR(INDEX('iCoA Register'!$D:$D,MATCH("P050112|I",'iCoA Register'!$AA:$AA,0)),"") | J18: legacy | K18: initial release | L18: MB0824_05 | M18: P050112 | N18: Motor Breath | O18: ППК25211, (28.07.2025) [CNP] | P18: — | Q18: — | R18: CoQ-PP-2025-0013 | S18: P050112|I | T18: registered — legacy series, issued 06.06.2026
A19: =IF(C19="yes",COUNT(A$1:A18)+1,"") | B19: =IF(A19<>"","CoQ-PP_26-"&TEXT(A19,"000"),"— at issue —") | C19: yes | D19: =IF(A19="","",MAX(E19,IF(ISNUMBER(I19),I19,0),IFERROR(IF(ISNUMBER(INDEX('iCoA Register'!$F:$F,MATCH(S19,'iCoA Register'!$AA:$AA,0))),INDEX('iCoA Register'!$F:$F,MATCH(S19,'iCoA Register'!$AA:$AA,0)),0),0))) | E19: =IF(ISNUMBER(F19),MAX(DATE(2026,6,6),F19+7),DATE(2026,6,6)) | F19: 45848 | G19: ППК25176 | H19: =IFERROR(INDEX('iCoA Register'!$B:$B,MATCH("P050122|I",'iCoA Register'!$AA:$AA,0)),"—") | I19: =IFERROR(INDEX('iCoA Register'!$D:$D,MATCH("P050122|I",'iCoA Register'!$AA:$AA,0)),"") | J19: legacy | K19: initial release | L19: BSS1024_01/1 | M19: P050122 | N19: Blue Sunset Sherbet | O19: ППК25176, (10.07.2025) [CNP] | P19: — | Q19: — | R19: — not in the issuance plan — | S19: P050122|I | T19: registered — legacy series, issued 06.06.2026
A20: =IF(C20="yes",COUNT(A$1:A19)+1,"") | B20: =IF(A20<>"","CoQ-PP_26-"&TEXT(A20,"000"),"— at issue —") | C20: yes | D20: =IF(A20="","",MAX(E20,IF(ISNUMBER(I20),I20,0),IFERROR(IF(ISNUMBER(INDEX('iCoA Register'!$F:$F,MATCH(S20,'iCoA Register'!$AA:$AA,0))),INDEX('iCoA Register'!$F:$F,MATCH(S20,'iCoA Register'!$AA:$AA,0)),0),0))) | E20: =IF(ISNUMBER(F20),MAX(DATE(2026,6,6),F20+7),DATE(2026,6,6)) | F20: 45905 | G20: ППК25257 | H20: =IFERROR(INDEX('iCoA Register'!$B:$B,MATCH("P050132|I",'iCoA Register'!$AA:$AA,0)),"—") | I20: =IFERROR(INDEX('iCoA Register'!$D:$D,MATCH("P050132|I",'iCoA Register'!$AA:$AA,0)),"") | J20: legacy | K20: initial release | L20: OPM052501 | M20: P050132 | N20: Orange Punch Mimosa | O20: ППК25257, (05.09.2025) [CNP] | P20: — | Q20: — | R20: (assigned on issue) | S20: P050132|I | T20: registered — legacy series, issued 06.06.2026
A21: =IF(C21="yes",COUNT(A$1:A20)+1,"") | B21: =IF(A21<>"","CoQ-PP_26-"&TEXT(A21,"000"),"— at issue —") | C21: yes | D21: =IF(A21="","",MAX(E21,IF(ISNUMBER(I21),I21,0),IFERROR(IF(ISNUMBER(INDEX('iCoA Register'!$F:$F,MATCH(S21,'iCoA Register'!$AA:$AA,0))),INDEX('iCoA Register'!$F:$F,MATCH(S21,'iCoA Register'!$AA:$AA,0)),0),0))) | E21: =IF(ISNUMBER(F21),MAX(DATE(2026,6,6),F21+7),DATE(2026,6,6)) | F21: 45919 | G21: ППК25279 | H21: =IFERROR(INDEX('iCoA Register'!$B:$B,MATCH("P050152|I",'iCoA Register'!$AA:$AA,0)),"—") | I21: =IFERROR(INDEX('iCoA Register'!$D:$D,MATCH("P050152|I",'iCoA Register'!$AA:$AA,0)),"") | J21: legacy | K21: initial release | L21: GP052501 | M21: P050152 | N21: Grape Pie | O21: ППК25279, (19.09.2025) [CNP] | P21: — | Q21: — | R21: CoQ-PP-2025-0014 | S21: P050152|I | T21: registered — legacy series, issued 06.06.2026
A22: =IF(C22="yes",COUNT(A$1:A21)+1,"") | B22: =IF(A22<>"","CoQ-PP_26-"&TEXT(A22,"000"),"— at issue —") | C22: yes | D22: =IF(A22="","",MAX(E22,IF(ISNUMBER(I22),I22,0),IFERROR(IF(ISNUMBER(INDEX('iCoA Register'!$F:$F,MATCH(S22,'iCoA Register'!$AA:$AA,0))),INDEX('iCoA Register'!$F:$F,MATCH(S22,'iCoA Register'!$AA:$AA,0)),0),0))) | E22: =IF(ISNUMBER(F22),MAX(DATE(2026,6,6),F22+7),DATE(2026,6,6)) | F22: — | G22: — | H22: =IFERROR(INDEX('iCoA Register'!$B:$B,MATCH("P050142|I",'iCoA Register'!$AA:$AA,0)),"—") | I22: =IFERROR(INDEX('iCoA Register'!$D:$D,MATCH("P050142|I",'iCoA Register'!$AA:$AA,0)),"") | J22: legacy | K22: initial release | L22: BSS1024_01/2 | M22: P050142 | N22: Blue Sunset Sherbet | O22: — no cannabinoid certificate from the initial testing — | P22: — | Q22: — | R22: — not in the issuance plan — | S22: P050142|I | T22: registered — legacy series, issued 06.06.2026 · initial certificate to locate: #3 (CNP), #4 (CNP), #5 (CNP), #6 (CNP), #8 (CNP), #9 (IJZ), #10 (CNP), #11 (CNP), #12 (CNP)
A23: =IF(C23="yes",COUNT(A$1:A22)+1,"") | B23: =IF(A23<>"","CoQ-PP_26-"&TEXT(A23,"000"),"— at issue —") | C23: yes | D23: =IF(A23="","",MAX(E23,IF(ISNUMBER(I23),I23,0),IFERROR(IF(ISNUMBER(INDEX('iCoA Register'!$F:$F,MATCH(S23,'iCoA Register'!$AA:$AA,0))),INDEX('iCoA Register'!$F:$F,MATCH(S23,'iCoA Register'!$AA:$AA,0)),0),0))) | E23: =IF(ISNUMBER(F23),MAX(DATE(2026,6,6),F23+7),DATE(2026,6,6)) | F23: 45917 | G23: ППК25280 | H23: =IFERROR(INDEX('iCoA Register'!$B:$B,MATCH("P050162|I",'iCoA Register'!$AA:$AA,0)),"—") | I23: =IFERROR(INDEX('iCoA Register'!$D:$D,MATCH("P050162|I",'iCoA Register'!$AA:$AA,0)),"") | J23: legacy | K23: initial release | L23: CJ052501/01 | M23: P050162 | N23: Cap Junky | O23: ППК25280, (17.09.2025) [CNP] | P23: — | Q23: — | R23: CoQ-PP-2025-0015 | S23: P050162|I | T23: registered — legacy series, issued 06.06.2026
A24: =IF(C24="yes",COUNT(A$1:A23)+1,"") | B24: =IF(A24<>"","CoQ-PP_26-"&TEXT(A24,"000"),"— at issue —") | C24: yes | D24: =IF(A24="","",MAX(E24,IF(ISNUMBER(I24),I24,0),IFERROR(IF(ISNUMBER(INDEX('iCoA Register'!$F:$F,MATCH(S24,'iCoA Register'!$AA:$AA,0))),INDEX('iCoA Register'!$F:$F,MATCH(S24,'iCoA Register'!$AA:$AA,0)),0),0))) | E24: =IF(ISNUMBER(F24),MAX(DATE(2026,6,6),F24+7),DATE(2026,6,6)) | F24: 45917 | G24: ППК25281 | H24: =IFERROR(INDEX('iCoA Register'!$B:$B,MATCH("P050172|I",'iCoA Register'!$AA:$AA,0)),"—") | I24: =IFERROR(INDEX('iCoA Register'!$D:$D,MATCH("P050172|I",'iCoA Register'!$AA:$AA,0)),"") | J24: legacy | K24: initial release | L24: CJ052501/02 | M24: P050172 | N24: Cap Junky | O24: ППК25281, (17.09.2025) [CNP] | P24: — | Q24: — | R24: (assigned on issue) | S24: P050172|I | T24: registered — legacy series, issued 06.06.2026
A25: =IF(C25="yes",COUNT(A$1:A24)+1,"") | B25: =IF(A25<>"","CoQ-PP_26-"&TEXT(A25,"000"),"— at issue —") | C25: yes | D25: =IF(A25="","",MAX(E25,IF(ISNUMBER(I25),I25,0),IFERROR(IF(ISNUMBER(INDEX('iCoA Register'!$F:$F,MATCH(S25,'iCoA Register'!$AA:$AA,0))),INDEX('iCoA Register'!$F:$F,MATCH(S25,'iCoA Register'!$AA:$AA,0)),0),0))) | E25: =IF(ISNUMBER(F25),MAX(DATE(2026,6,6),F25+7),DATE(2026,6,6)) | F25: 45919 | G25: ППК25278 | H25: =IFERROR(INDEX('iCoA Register'!$B:$B,MATCH("P050182|I",'iCoA Register'!$AA:$AA,0)),"—") | I25: =IFERROR(INDEX('iCoA Register'!$D:$D,MATCH("P050182|I",'iCoA Register'!$AA:$AA,0)),"") | J25: legacy | K25: initial release | L25: HPA052501 | M25: P050182 | N25: High Pro Amnesia | O25: ППК25278, (19.09.2025) [CNP] | P25: — | Q25: — | R25: CoQ-PP-2025-0016 | S25: P050182|I | T25: registered — legacy series, issued 06.06.2026
A26: =IF(C26="yes",COUNT(A$1:A25)+1,"") | B26: =IF(A26<>"","CoQ-PP_26-"&TEXT(A26,"000"),"— at issue —") | C26: yes | D26: =IF(A26="","",MAX(E26,IF(ISNUMBER(I26),I26,0),IFERROR(IF(ISNUMBER(INDEX('iCoA Register'!$F:$F,MATCH(S26,'iCoA Register'!$AA:$AA,0))),INDEX('iCoA Register'!$F:$F,MATCH(S26,'iCoA Register'!$AA:$AA,0)),0),0))) | E26: =IF(ISNUMBER(F26),MAX(DATE(2026,6,6),F26+7),DATE(2026,6,6)) | F26: 45992 | G26: 5661-2025 | H26: =IFERROR(INDEX('iCoA Register'!$B:$B,MATCH("P050192|I",'iCoA Register'!$AA:$AA,0)),"—") | I26: =IFERROR(INDEX('iCoA Register'!$D:$D,MATCH("P050192|I",'iCoA Register'!$AA:$AA,0)),"") | J26: legacy | K26: initial release | L26: BSS052501 | M26: P050192 | N26: Sleepy Joe | O26: NGP-QCG-SOP-024 F3, (28.11.2025) [NGP] | P26: — | Q26: PP CoA #017 of 04.12.2025 | R26: CoQ-PP-2025-0017 | S26: P050192|I | T26: registered — legacy series, issued 06.06.2026
A27: =IF(C27="yes",COUNT(A$1:A26)+1,"") | B27: =IF(A27<>"","CoQ-PP_26-"&TEXT(A27,"000"),"— at issue —") | C27: yes | D27: =IF(A27="","",MAX(E27,IF(ISNUMBER(I27),I27,0),IFERROR(IF(ISNUMBER(INDEX('iCoA Register'!$F:$F,MATCH(S27,'iCoA Register'!$AA:$AA,0))),INDEX('iCoA Register'!$F:$F,MATCH(S27,'iCoA Register'!$AA:$AA,0)),0),0))) | E27: =IF(ISNUMBER(F27),MAX(DATE(2026,6,6),F27+7),DATE(2026,6,6)) | F27: 46086 | G27: ППК26036 | H27: =IFERROR(INDEX('iCoA Register'!$B:$B,MATCH("P050202|I",'iCoA Register'!$AA:$AA,0)),"—") | I27: =IFERROR(INDEX('iCoA Register'!$D:$D,MATCH("P050202|I",'iCoA Register'!$AA:$AA,0)),"") | J27: legacy | K27: initial release | L27: GP062501 | M27: P050202 | N27: Grape Pie | O27: NGP-QCG-SOP-024 F3, (28.11.2025) [NGP] | P27: — | Q27: PP CoA #016 of 04.10.2025 | R27: (assigned on issue) | S27: P050202|I | T27: registered — legacy series, issued 06.06.2026
A28: =IF(C28="yes",COUNT(A$1:A27)+1,"") | B28: =IF(A28<>"","CoQ-PP_26-"&TEXT(A28,"000"),"— at issue —") | C28: yes | D28: =IF(A28="","",MAX(E28,IF(ISNUMBER(I28),I28,0),IFERROR(IF(ISNUMBER(INDEX('iCoA Register'!$F:$F,MATCH(S28,'iCoA Register'!$AA:$AA,0))),INDEX('iCoA Register'!$F:$F,MATCH(S28,'iCoA Register'!$AA:$AA,0)),0),0))) | E28: =IF(ISNUMBER(F28),MAX(DATE(2026,6,6),F28+7),DATE(2026,6,6)) | F28: 45954 | G28: 4908-2025 | H28: =IFERROR(INDEX('iCoA Register'!$B:$B,MATCH("P050212|I",'iCoA Register'!$AA:$AA,0)),"—") | I28: =IFERROR(INDEX('iCoA Register'!$D:$D,MATCH("P050212|I",'iCoA Register'!$AA:$AA,0)),"") | J28: legacy | K28: initial release | L28: CJ062501/2 | M28: P050212 | N28: Cap Junky | O28: ППК25322, (23.10.2025) [CNP] | P28: — | Q28: PP CoA #028 of 24.01.2026 | R28: (assigned on issue) | S28: P050212|I | T28: registered — legacy series, issued 06.06.2026
