Workbook

Sheet iCoA Register
A1: No. | B1: iCoA code | C1: Issuable | D1: Issue date (planned) | E1: Test date (packaging) | F1: Packaging complete | G1: Group | H1: Series | I1: CU Batch | J1: P Batch | K1: Strain | L1: iCoA scope | M1: CNP reference | N1: CoQ (register) | O1: Plan reference (31.08.2026) | P1: Basis date | Q1: Harvest | R1: Packaging | S1: CoQ issue (planned) | T1: #1 Ident. A | U1: #2 Ident. B | V1: #7 Foreign matter | W1: Ident C — covered by (eCoA) | X1: Retest assay #4–#6 (eCoA) | Y1: Retest mycotoxins #10 (eCoA) | Z1: Carried forward | AA1: Key | AB1: Status
A2: 1 | B2: iCoA-PP_26-001 | C2: yes | D2: =IF(A2="","",IF(ISNUMBER(E2),MAX(DATE(2026,6,3),E2),DATE(2026,6,3))) | E2: =IFERROR(INDEX('Batch Dates'!$F:$F,MATCH(J2,'Batch Dates'!$C:$C,0)),IFERROR(INDEX('Batch Dates'!$F:$F,MATCH(I2,'Batch Dates'!$B:$B,0)),"")) | F2: =IFERROR(INDEX('Batch Dates'!$G:$G,MATCH(J2,'Batch Dates'!$C:$C,0)),IFERROR(INDEX('Batch Dates'!$G:$G,MATCH(I2,'Batch Dates'!$B:$B,0)),"")) | G2: legacy | H2: initial release | I2: CJ1024 | J2: N/A — no P batch assigned | K2: Cap Junky | L2: Ident A + Ident B + Foreign matter | M2: — | N2: =IFERROR(INDEX('CoQ Register'!$B:$B,MATCH("CJ1024|I",'CoQ Register'!$S:$S,0)),"—") | O2: — | P2: 27.02.2025 | Q2: 20.01.2025 | R2: 03.03.2025 (the issuance plan's basis: 27.02.2025) | S2: =IFERROR(INDEX('CoQ Register'!$D:$D,MATCH("CJ1024|I",'CoQ Register'!$S:$S,0)),"") | T2: Conforms | U2: Conforms | V2: Conforms | W2: ППК25052, (26.02.2025) [CNP] | X2: — | Y2: — | Z2: — | AA2: CJ1024|I | AB2: registered — initial release, issued 03.06.2026
A3: 2 | B3: iCoA-PP_26-002 | C3: yes | D3: =IF(A3="","",IF(ISNUMBER(E3),MAX(DATE(2026,6,3),E3),DATE(2026,6,3))) | E3: =IFERROR(INDEX('Batch Dates'!$F:$F,MATCH(J3,'Batch Dates'!$C:$C,0)),IFERROR(INDEX('Batch Dates'!$F:$F,MATCH(I3,'Batch Dates'!$B:$B,0)),"")) | F3: =IFERROR(INDEX('Batch Dates'!$G:$G,MATCH(J3,'Batch Dates'!$C:$C,0)),IFERROR(INDEX('Batch Dates'!$G:$G,MATCH(I3,'Batch Dates'!$B:$B,0)),"")) | G3: legacy | H3: initial release | I3: BSS1024 | J3: N/A — no P batch assigned | K3: Blue Sunset Sherbet | L3: Ident A + Ident B + Foreign matter | M3: — | N3: =IFERROR(INDEX('CoQ Register'!$B:$B,MATCH("BSS1024|I",'CoQ Register'!$S:$S,0)),"—") | O3: iCoA-PP-2025-0001 | P3: 04.03.2025 | Q3: 22.01.2025 | R3: 04.03.2025 | S3: =IFERROR(INDEX('CoQ Register'!$D:$D,MATCH("BSS1024|I",'CoQ Register'!$S:$S,0)),"") | T3: Conforms | U3: Conforms | V3: Conforms | W3: ППК25051, (26.02.2025) [CNP] | X3: — | Y3: — | Z3: — | AA3: BSS1024|I | AB3: registered — initial release, issued 03.06.2026
A4: 3 | B4: iCoA-PP_26-003 | C4: yes | D4: =IF(A4="","",IF(ISNUMBER(E4),MAX(DATE(2026,6,3),E4),DATE(2026,6,3))) | E4: =IFERROR(INDEX('Batch Dates'!$F:$F,MATCH(J4,'Batch Dates'!$C:$C,0)),IFERROR(INDEX('Batch Dates'!$F:$F,MATCH(I4,'Batch Dates'!$B:$B,0)),"")) | F4: =IFERROR(INDEX('Batch Dates'!$G:$G,MATCH(J4,'Batch Dates'!$C:$C,0)),IFERROR(INDEX('Batch Dates'!$G:$G,MATCH(I4,'Batch Dates'!$B:$B,0)),"")) | G4: legacy | H4: initial release | I4: BG1024 | J4: N/A — no P batch assigned | K4: Blue Gelato | L4: Ident A + Ident B + Foreign matter | M4: — | N4: =IFERROR(INDEX('CoQ Register'!$B:$B,MATCH("BG1024|I",'CoQ Register'!$S:$S,0)),"—") | O4: iCoA-PP-2025-0002 | P4: 07.03.2025 | Q4: 21.01.2025 | R4: 07.03.2025 | S4: =IFERROR(INDEX('CoQ Register'!$D:$D,MATCH("BG1024|I",'CoQ Register'!$S:$S,0)),"") | T4: Conforms | U4: Conforms | V4: Conforms | W4: ППК25050, (26.02.2025) [CNP] | X4: — | Y4: — | Z4: — | AA4: BG1024|I | AB4: registered — initial release, issued 03.06.2026
A5: 4 | B5: iCoA-PP_26-004 | C5: yes | D5: =IF(A5="","",IF(ISNUMBER(E5),MAX(DATE(2026,6,3),E5),DATE(2026,6,3))) | E5: =IFERROR(INDEX('Batch Dates'!$F:$F,MATCH(J5,'Batch Dates'!$C:$C,0)),IFERROR(INDEX('Batch Dates'!$F:$F,MATCH(I5,'Batch Dates'!$B:$B,0)),"")) | F5: =IFERROR(INDEX('Batch Dates'!$G:$G,MATCH(J5,'Batch Dates'!$C:$C,0)),IFERROR(INDEX('Batch Dates'!$G:$G,MATCH(I5,'Batch Dates'!$B:$B,0)),"")) | G5: legacy | H5: initial release | I5: GG1024 | J5: N/A — no P batch assigned | K5: Gorilla Glue | L5: Ident A + Ident B + Foreign matter | M5: — | N5: =IFERROR(INDEX('CoQ Register'!$B:$B,MATCH("GG1024|I",'CoQ Register'!$S:$S,0)),"—") | O5: iCoA-PP-2025-0003 | P5: 11.03.2025 | Q5: 20.01.2025 | R5: 11.03.2025 | S5: =IFERROR(INDEX('CoQ Register'!$D:$D,MATCH("GG1024|I",'CoQ Register'!$S:$S,0)),"") | T5: Conforms | U5: Conforms | V5: Conforms | W5: — no cannabinoid certificate from the initial testing — | X5: — | Y5: — | Z5: — | AA5: GG1024|I | AB5: registered — initial release, issued 03.06.2026
A6: 5 | B6: iCoA-PP_26-005 | C6: yes | D6: =IF(A6="","",IF(ISNUMBER(E6),MAX(DATE(2026,6,3),E6),DATE(2026,6,3))) | E6: =IFERROR(INDEX('Batch Dates'!$F:$F,MATCH(J6,'Batch Dates'!$C:$C,0)),IFERROR(INDEX('Batch Dates'!$F:$F,MATCH(I6,'Batch Dates'!$B:$B,0)),"")) | F6: =IFERROR(INDEX('Batch Dates'!$G:$G,MATCH(J6,'Batch Dates'!$C:$C,0)),IFERROR(INDEX('Batch Dates'!$G:$G,MATCH(I6,'Batch Dates'!$B:$B,0)),"")) | G6: legacy | H6: initial release | I6: HPA1024 | J6: N/A — no P batch assigned | K6: High Pro Amnesia | L6: Ident A + Ident B + #4 + #5 + Foreign matter + #9.1 + #9.2 + #9.3 + #9.4 + #9.5 + #10.2 + #11.1 + #11.2 + #11.3 + #11.4 + #12 | M6: — | N6: =IFERROR(INDEX('CoQ Register'!$B:$B,MATCH("HPA1024|I",'CoQ Register'!$S:$S,0)),"—") | O6: iCoA-PP-2025-0004 | P6: 11.04.2025 | Q6: 22.01.2025 | R6: 11.04.2025 | S6: =IFERROR(INDEX('CoQ Register'!$D:$D,MATCH("HPA1024|I",'CoQ Register'!$S:$S,0)),"") | T6: Conforms | U6: Conforms | V6: Conforms | W6: — no cannabinoid certificate from the initial testing — | X6: — | Y6: — | Z6: — | AA6: HPA1024|I | AB6: registered — initial release, issued 03.06.2026
A7: 6 | B7: iCoA-PP_26-006 | C7: yes | D7: =IF(A7="","",IF(ISNUMBER(E7),MAX(DATE(2026,6,3),E7),DATE(2026,6,3))) | E7: =IFERROR(INDEX('Batch Dates'!$F:$F,MATCH(J7,'Batch Dates'!$C:$C,0)),IFERROR(INDEX('Batch Dates'!$F:$F,MATCH(I7,'Batch Dates'!$B:$B,0)),"")) | F7: =IFERROR(INDEX('Batch Dates'!$G:$G,MATCH(J7,'Batch Dates'!$C:$C,0)),IFERROR(INDEX('Batch Dates'!$G:$G,MATCH(I7,'Batch Dates'!$B:$B,0)),"")) | G7: legacy | H7: initial release | I7: OPM1024 | J7: N/A — no P batch assigned | K7: Orange Punch Mimosa | L7: Ident A + Ident B + #4 + #5 + Foreign matter + #9.1 + #9.2 + #9.3 + #9.4 + #9.5 + #10.2 + #11.1 + #11.2 + #11.3 + #11.4 + #12 | M7: — | N7: =IFERROR(INDEX('CoQ Register'!$B:$B,MATCH("OPM1024|I",'CoQ Register'!$S:$S,0)),"—") | O7: iCoA-PP-2025-0005 | P7: 24.04.2025 | Q7: 21.01.2025 | R7: 24.04.2025 – 25.04.2025 | S7: =IFERROR(INDEX('CoQ Register'!$D:$D,MATCH("OPM1024|I",'CoQ Register'!$S:$S,0)),"") | T7: Conforms | U7: Conforms | V7: Conforms | W7: — no cannabinoid certificate from the initial testing — | X7: — | Y7: — | Z7: — | AA7: OPM1024|I | AB7: registered — initial release, issued 03.06.2026
A8: 7 | B8: iCoA-PP_26-007 | C8: yes | D8: =IF(A8="","",IF(ISNUMBER(E8),MAX(DATE(2026,6,3),E8),DATE(2026,6,3))) | E8: =IFERROR(INDEX('Batch Dates'!$F:$F,MATCH(J8,'Batch Dates'!$C:$C,0)),IFERROR(INDEX('Batch Dates'!$F:$F,MATCH(I8,'Batch Dates'!$B:$B,0)),"")) | F8: =IFERROR(INDEX('Batch Dates'!$G:$G,MATCH(J8,'Batch Dates'!$C:$C,0)),IFERROR(INDEX('Batch Dates'!$G:$G,MATCH(I8,'Batch Dates'!$B:$B,0)),"")) | G8: legacy | H8: initial release | I8: GP0824_02 | J8: P050022 | K8: Grape Pie | L8: Ident A + Ident B + Foreign matter | M8: — | N8: =IFERROR(INDEX('CoQ Register'!$B:$B,MATCH("P050022|I",'CoQ Register'!$S:$S,0)),"—") | O8: iCoA-PP-2025-0006 | P8: 03.06.2025 | Q8: 22.04.2025 – 23.04.2025 | R8: 03.06.2025 – 11.06.2025 | S8: =IFERROR(INDEX('CoQ Register'!$D:$D,MATCH("P050022|I",'CoQ Register'!$S:$S,0)),"") | T8: Conforms | U8: Conforms | V8: Conforms | W8: ППК25139, (22.05.2025) [CNP] | X8: — | Y8: — | Z8: — | AA8: P050022|I | AB8: registered — initial release, issued 03.06.2026
A9: 8 | B9: iCoA-PP_26-008 | C9: yes | D9: =IF(A9="","",IF(ISNUMBER(E9),MAX(DATE(2026,6,3),E9),DATE(2026,6,3))) | E9: =IFERROR(INDEX('Batch Dates'!$F:$F,MATCH(J9,'Batch Dates'!$C:$C,0)),IFERROR(INDEX('Batch Dates'!$F:$F,MATCH(I9,'Batch Dates'!$B:$B,0)),"")) | F9: =IFERROR(INDEX('Batch Dates'!$G:$G,MATCH(J9,'Batch Dates'!$C:$C,0)),IFERROR(INDEX('Batch Dates'!$G:$G,MATCH(I9,'Batch Dates'!$B:$B,0)),"")) | G9: legacy | H9: initial release | I9: GG1024_02 | J9: P050012 | K9: Gorilla Glue | L9: Ident A + Ident B + Foreign matter | M9: — | N9: =IFERROR(INDEX('CoQ Register'!$B:$B,MATCH("P050012|I",'CoQ Register'!$S:$S,0)),"—") | O9: — | P9: 30.05.2025 | Q9: 14.04.2025 – 15.04.2025 | R9: 11.06.2025 – 16.06.2025 (the issuance plan's basis: 30.05.2025) | S9: =IFERROR(INDEX('CoQ Register'!$D:$D,MATCH("P050012|I",'CoQ Register'!$S:$S,0)),"") | T9: Conforms | U9: Conforms | V9: Conforms | W9: ППК25140, (22.05.2025) [CNP] | X9: — | Y9: — | Z9: — | AA9: P050012|I | AB9: registered — initial release, issued 03.06.2026
A10: 9 | B10: iCoA-PP_26-009 | C10: yes | D10: =IF(A10="","",IF(ISNUMBER(E10),MAX(DATE(2026,6,3),E10),DATE(2026,6,3))) | E10: =IFERROR(INDEX('Batch Dates'!$F:$F,MATCH(J10,'Batch Dates'!$C:$C,0)),IFERROR(INDEX('Batch Dates'!$F:$F,MATCH(I10,'Batch Dates'!$B:$B,0)),"")) | F10: =IFERROR(INDEX('Batch Dates'!$G:$G,MATCH(J10,'Batch Dates'!$C:$C,0)),IFERROR(INDEX('Batch Dates'!$G:$G,MATCH(I10,'Batch Dates'!$B:$B,0)),"")) | G10: legacy | H10: initial release | I10: MB0824_04 | J10: P050032 | K10: Motor Breath | L10: Ident A + Ident B + Foreign matter | M10: — | N10: =IFERROR(INDEX('CoQ Register'!$B:$B,MATCH("P050032|I",'CoQ Register'!$S:$S,0)),"—") | O10: — | P10: 07.05.2025 | Q10: 02.04.2025 – 03.04.2025 | R10: 16.06.2025 – 19.06.2025 (the issuance plan's basis: 07.05.2025) | S10: =IFERROR(INDEX('CoQ Register'!$D:$D,MATCH("P050032|I",'CoQ Register'!$S:$S,0)),"") | T10: Conforms | U10: Conforms | V10: Conforms | W10: ППК25118, (06.05.2025) [CNP] | X10: — | Y10: — | Z10: — | AA10: P050032|I | AB10: registered — initial release, issued 03.06.2026
A11: 10 | B11: iCoA-PP_26-010 | C11: yes | D11: =IF(A11="","",IF(ISNUMBER(E11),MAX(DATE(2026,6,3),E11),DATE(2026,6,3))) | E11: =IFERROR(INDEX('Batch Dates'!$F:$F,MATCH(J11,'Batch Dates'!$C:$C,0)),IFERROR(INDEX('Batch Dates'!$F:$F,MATCH(I11,'Batch Dates'!$B:$B,0)),"")) | F11: =IFERROR(INDEX('Batch Dates'!$G:$G,MATCH(J11,'Batch Dates'!$C:$C,0)),IFERROR(INDEX('Batch Dates'!$G:$G,MATCH(I11,'Batch Dates'!$B:$B,0)),"")) | G11: legacy | H11: initial release | I11: HPA1024_01 | J11: P050052 | K11: High Pro Amnesia | L11: Ident A + Ident B + Foreign matter | M11: — | N11: =IFERROR(INDEX('CoQ Register'!$B:$B,MATCH("P050052|I",'CoQ Register'!$S:$S,0)),"—") | O11: iCoA-PP-2025-0008 | P11: 27.06.2025 | Q11: 27.05.2025 – 28.05.2025 | R11: 27.06.2025 – 04.07.2025 | S11: =IFERROR(INDEX('CoQ Register'!$D:$D,MATCH("P050052|I",'CoQ Register'!$S:$S,0)),"") | T11: Conforms | U11: Conforms | V11: Conforms | W11: ППК25155, (24.06.2025) [CNP] | X11: — | Y11: — | Z11: — | AA11: P050052|I | AB11: registered — initial release, issued 03.06.2026
A12: 11 | B12: iCoA-PP_26-011 | C12: yes | D12: =IF(A12="","",IF(ISNUMBER(E12),MAX(DATE(2026,6,3),E12),DATE(2026,6,3))) | E12: =IFERROR(INDEX('Batch Dates'!$F:$F,MATCH(J12,'Batch Dates'!$C:$C,0)),IFERROR(INDEX('Batch Dates'!$F:$F,MATCH(I12,'Batch Dates'!$B:$B,0)),"")) | F12: =IFERROR(INDEX('Batch Dates'!$G:$G,MATCH(J12,'Batch Dates'!$C:$C,0)),IFERROR(INDEX('Batch Dates'!$G:$G,MATCH(I12,'Batch Dates'!$B:$B,0)),"")) | G12: legacy | H12: initial release | I12: OPM1024_02 | J12: P050062 | K12: Orange Punch Mimosa | L12: Ident A + Ident B + Foreign matter | M12: — | N12: =IFERROR(INDEX('CoQ Register'!$B:$B,MATCH("P050062|I",'CoQ Register'!$S:$S,0)),"—") | O12: iCoA-PP-2025-0009 | P12: 04.07.2025 | Q12: 29.05.2025 – 30.05.2025 | R12: 04.07.2025 – 10.07.2025 | S12: =IFERROR(INDEX('CoQ Register'!$D:$D,MATCH("P050062|I",'CoQ Register'!$S:$S,0)),"") | T12: Conforms | U12: Conforms | V12: Conforms | W12: ППК25154, (24.06.2025) [CNP] | X12: — | Y12: — | Z12: — | AA12: P050062|I | AB12: registered — initial release, issued 03.06.2026
A13: 12 | B13: iCoA-PP_26-012 | C13: yes | D13: =IF(A13="","",IF(ISNUMBER(E13),MAX(DATE(2026,6,3),E13),DATE(2026,6,3))) | E13: =IFERROR(INDEX('Batch Dates'!$F:$F,MATCH(J13,'Batch Dates'!$C:$C,0)),IFERROR(INDEX('Batch Dates'!$F:$F,MATCH(I13,'Batch Dates'!$B:$B,0)),"")) | F13: =IFERROR(INDEX('Batch Dates'!$G:$G,MATCH(J13,'Batch Dates'!$C:$C,0)),IFERROR(INDEX('Batch Dates'!$G:$G,MATCH(I13,'Batch Dates'!$B:$B,0)),"")) | G13: legacy | H13: initial release | I13: GP0824_03 | J13: P050072 | K13: Grape Pie | L13: Ident A + Ident B + Foreign matter | M13: — | N13: =IFERROR(INDEX('CoQ Register'!$B:$B,MATCH("P050072|I",'CoQ Register'!$S:$S,0)),"—") | O13: iCoA-PP-2025-0010 | P13: 14.07.2025 | Q13: 09.06.2025 – 10.06.2025 | R13: 14.07.2025 – 17.07.2025 | S13: =IFERROR(INDEX('CoQ Register'!$D:$D,MATCH("P050072|I",'CoQ Register'!$S:$S,0)),"") | T13: Conforms | U13: Conforms | V13: Conforms | W13: ППК25175, (10.07.2025) [CNP] | X13: — | Y13: — | Z13: — | AA13: P050072|I | AB13: registered — initial release, issued 03.06.2026
A14: 13 | B14: iCoA-PP_26-013 | C14: yes | D14: =IF(A14="","",IF(ISNUMBER(E14),MAX(DATE(2026,6,3),E14),DATE(2026,6,3))) | E14: =IFERROR(INDEX('Batch Dates'!$F:$F,MATCH(J14,'Batch Dates'!$C:$C,0)),IFERROR(INDEX('Batch Dates'!$F:$F,MATCH(I14,'Batch Dates'!$B:$B,0)),"")) | F14: =IFERROR(INDEX('Batch Dates'!$G:$G,MATCH(J14,'Batch Dates'!$C:$C,0)),IFERROR(INDEX('Batch Dates'!$G:$G,MATCH(I14,'Batch Dates'!$B:$B,0)),"")) | G14: legacy | H14: initial release | I14: OPM1024_03 | J14: P050082 | K14: Orange Punch Mimosa | L14: Ident A + Ident B + Foreign matter | M14: — | N14: =IFERROR(INDEX('CoQ Register'!$B:$B,MATCH("P050082|I",'CoQ Register'!$S:$S,0)),"—") | O14: iCoA-PP-2025-0011 | P14: 22.07.2025 | Q14: 01.07.2025 – 02.07.2025 | R14: 22.07.2025 – 30.07.2025 | S14: =IFERROR(INDEX('CoQ Register'!$D:$D,MATCH("P050082|I",'CoQ Register'!$S:$S,0)),"") | T14: Conforms | U14: Conforms | V14: Conforms | W14: ППК25210, (28.07.2025) [CNP] | X14: — | Y14: — | Z14: — | AA14: P050082|I | AB14: registered — initial release, issued 03.06.2026
A15: 14 | B15: iCoA-PP_26-014 | C15: yes | D15: =IF(A15="","",IF(ISNUMBER(E15),MAX(DATE(2026,6,3),E15),DATE(2026,6,3))) | E15: =IFERROR(INDEX('Batch Dates'!$F:$F,MATCH(J15,'Batch Dates'!$C:$C,0)),IFERROR(INDEX('Batch Dates'!$F:$F,MATCH(I15,'Batch Dates'!$B:$B,0)),"")) | F15: =IFERROR(INDEX('Batch Dates'!$G:$G,MATCH(J15,'Batch Dates'!$C:$C,0)),IFERROR(INDEX('Batch Dates'!$G:$G,MATCH(I15,'Batch Dates'!$B:$B,0)),"")) | G15: legacy | H15: initial release | I15: GG1024_01 | J15: P050092 | K15: Gorilla Glue | L15: Ident A + Ident B + Foreign matter | M15: — | N15: =IFERROR(INDEX('CoQ Register'!$B:$B,MATCH("P050092|I",'CoQ Register'!$S:$S,0)),"—") | O15: iCoA-PP-2025-0012 | P15: 31.07.2025 | Q15: 17.03.2025 – 18.03.2025 | R15: 31.07.2025 – 05.08.2025 | S15: =IFERROR(INDEX('CoQ Register'!$D:$D,MATCH("P050092|I",'CoQ Register'!$S:$S,0)),"") | T15: Conforms | U15: Conforms | V15: Conforms | W15: ППК25104, (17.04.2025) [CNP] | X15: — | Y15: — | Z15: — | AA15: P050092|I | AB15: registered — initial release, issued 03.06.2026
A16: 15 | B16: iCoA-PP_26-015 | C16: yes | D16: =IF(A16="","",IF(ISNUMBER(E16),MAX(DATE(2026,6,3),E16),DATE(2026,6,3))) | E16: =IFERROR(INDEX('Batch Dates'!$F:$F,MATCH(J16,'Batch Dates'!$C:$C,0)),IFERROR(INDEX('Batch Dates'!$F:$F,MATCH(I16,'Batch Dates'!$B:$B,0)),"")) | F16: =IFERROR(INDEX('Batch Dates'!$G:$G,MATCH(J16,'Batch Dates'!$C:$C,0)),IFERROR(INDEX('Batch Dates'!$G:$G,MATCH(I16,'Batch Dates'!$B:$B,0)),"")) | G16: legacy | H16: initial release | I16: GP0824_01 | J16: P050102 | K16: Grape Pie | L16: Ident A + Ident B + Foreign matter | M16: — | N16: =IFERROR(INDEX('CoQ Register'!$B:$B,MATCH("P050102|I",'CoQ Register'!$S:$S,0)),"—") | O16: — | P16: 17.04.2025 | Q16: 20.03.2025 – 21.03.2025 | R16: 05.08.2025 – 07.08.2025 (the issuance plan's basis: 17.04.2025) | S16: =IFERROR(INDEX('CoQ Register'!$D:$D,MATCH("P050102|I",'CoQ Register'!$S:$S,0)),"") | T16: Conforms | U16: Conforms | V16: Conforms | W16: ППК25105, (17.04.2025) [CNP] | X16: — | Y16: — | Z16: — | AA16: P050102|I | AB16: registered — initial release, issued 03.06.2026
A17: 16 | B17: iCoA-PP_26-016 | C17: yes | D17: =IF(A17="","",IF(ISNUMBER(E17),MAX(DATE(2026,6,3),E17),DATE(2026,6,3))) | E17: =IFERROR(INDEX('Batch Dates'!$F:$F,MATCH(J17,'Batch Dates'!$C:$C,0)),IFERROR(INDEX('Batch Dates'!$F:$F,MATCH(I17,'Batch Dates'!$B:$B,0)),"")) | F17: =IFERROR(INDEX('Batch Dates'!$G:$G,MATCH(J17,'Batch Dates'!$C:$C,0)),IFERROR(INDEX('Batch Dates'!$G:$G,MATCH(I17,'Batch Dates'!$B:$B,0)),"")) | G17: legacy | H17: initial release | I17: MB0824_05 | J17: P050112 | K17: Motor Breath | L17: Ident A + Ident B + Foreign matter | M17: — | N17: =IFERROR(INDEX('CoQ Register'!$B:$B,MATCH("P050112|I",'CoQ Register'!$S:$S,0)),"—") | O17: iCoA-PP-2025-0013 | P17: 25.08.2025 | Q17: 08.07.2025 – 09.07.2025 | R17: 25.08.2025 – 31.08.2025 | S17: =IFERROR(INDEX('CoQ Register'!$D:$D,MATCH("P050112|I",'CoQ Register'!$S:$S,0)),"") | T17: Conforms | U17: Conforms | V17: Conforms | W17: ППК25211, (28.07.2025) [CNP] | X17: — | Y17: — | Z17: — | AA17: P050112|I | AB17: registered — initial release, issued 03.06.2026
A18: 17 | B18: iCoA-PP_26-017 | C18: yes | D18: =IF(A18="","",IF(ISNUMBER(E18),MAX(DATE(2026,6,3),E18),DATE(2026,6,3))) | E18: =IFERROR(INDEX('Batch Dates'!$F:$F,MATCH(J18,'Batch Dates'!$C:$C,0)),IFERROR(INDEX('Batch Dates'!$F:$F,MATCH(I18,'Batch Dates'!$B:$B,0)),"")) | F18: =IFERROR(INDEX('Batch Dates'!$G:$G,MATCH(J18,'Batch Dates'!$C:$C,0)),IFERROR(INDEX('Batch Dates'!$G:$G,MATCH(I18,'Batch Dates'!$B:$B,0)),"")) | G18: legacy | H18: initial release | I18: OPM052501 | J18: P050132 | K18: Orange Punch Mimosa | L18: Ident A + Ident B + Foreign matter | M18: — | N18: =IFERROR(INDEX('CoQ Register'!$B:$B,MATCH("P050132|I",'CoQ Register'!$S:$S,0)),"—") | O18: — | P18: 05.09.2025 | Q18: 11.08.2025 – 13.08.2025 | R18: 09.09.2025 – 15.09.2025 (the issuance plan's basis: 05.09.2025) | S18: =IFERROR(INDEX('CoQ Register'!$D:$D,MATCH("P050132|I",'CoQ Register'!$S:$S,0)),"") | T18: Conforms | U18: Conforms | V18: Conforms | W18: ППК25257, (05.09.2025) [CNP] | X18: — | Y18: — | Z18: — | AA18: P050132|I | AB18: registered — initial release, issued 03.06.2026
A19: 18 | B19: iCoA-PP_26-018 | C19: yes | D19: =IF(A19="","",IF(ISNUMBER(E19),MAX(DATE(2026,6,3),E19),DATE(2026,6,3))) | E19: =IFERROR(INDEX('Batch Dates'!$F:$F,MATCH(J19,'Batch Dates'!$C:$C,0)),IFERROR(INDEX('Batch Dates'!$F:$F,MATCH(I19,'Batch Dates'!$B:$B,0)),"")) | F19: =IFERROR(INDEX('Batch Dates'!$G:$G,MATCH(J19,'Batch Dates'!$C:$C,0)),IFERROR(INDEX('Batch Dates'!$G:$G,MATCH(I19,'Batch Dates'!$B:$B,0)),"")) | G19: legacy | H19: initial release | I19: GP052501 | J19: P050152 | K19: Grape Pie | L19: Ident A + Ident B + Foreign matter | M19: — | N19: =IFERROR(INDEX('CoQ Register'!$B:$B,MATCH("P050152|I",'CoQ Register'!$S:$S,0)),"—") | O19: iCoA-PP-2025-0014 | P19: 25.09.2025 | Q19: — not given — | R19: 25.09.2025 | S19: =IFERROR(INDEX('CoQ Register'!$D:$D,MATCH("P050152|I",'CoQ Register'!$S:$S,0)),"") | T19: Conforms | U19: Conforms | V19: Conforms | W19: ППК25279, (19.09.2025) [CNP] | X19: — | Y19: — | Z19: — | AA19: P050152|I | AB19: registered — initial release, issued 03.06.2026
A20: 19 | B20: iCoA-PP_26-019 | C20: yes | D20: =IF(A20="","",IF(ISNUMBER(E20),MAX(DATE(2026,6,3),E20),DATE(2026,6,3))) | E20: =IFERROR(INDEX('Batch Dates'!$F:$F,MATCH(J20,'Batch Dates'!$C:$C,0)),IFERROR(INDEX('Batch Dates'!$F:$F,MATCH(I20,'Batch Dates'!$B:$B,0)),"")) | F20: =IFERROR(INDEX('Batch Dates'!$G:$G,MATCH(J20,'Batch Dates'!$C:$C,0)),IFERROR(INDEX('Batch Dates'!$G:$G,MATCH(I20,'Batch Dates'!$B:$B,0)),"")) | G20: legacy | H20: initial release | I20: BSS1024_01/2 | J20: P050142 | K20: Blue Sunset Sherbet | L20: Ident A + Ident B + Foreign matter | M20: — | N20: =IFERROR(INDEX('CoQ Register'!$B:$B,MATCH("P050142|I",'CoQ Register'!$S:$S,0)),"—") | O20: — | P20: 30.09.2025 | Q20: — not given — | R20: 30.09.2025 | S20: =IFERROR(INDEX('CoQ Register'!$D:$D,MATCH("P050142|I",'CoQ Register'!$S:$S,0)),"") | T20: Conforms | U20: Conforms | V20: Conforms | W20: — no cannabinoid certificate from the initial testing — | X20: — | Y20: — | Z20: — | AA20: P050142|I | AB20: registered — initial release, issued 03.06.2026
A21: 20 | B21: iCoA-PP_26-020 | C21: yes | D21: =IF(A21="","",IF(ISNUMBER(E21),MAX(DATE(2026,6,3),E21),DATE(2026,6,3))) | E21: =IFERROR(INDEX('Batch Dates'!$F:$F,MATCH(J21,'Batch Dates'!$C:$C,0)),IFERROR(INDEX('Batch Dates'!$F:$F,MATCH(I21,'Batch Dates'!$B:$B,0)),"")) | F21: =IFERROR(INDEX('Batch Dates'!$G:$G,MATCH(J21,'Batch Dates'!$C:$C,0)),IFERROR(INDEX('Batch Dates'!$G:$G,MATCH(I21,'Batch Dates'!$B:$B,0)),"")) | G21: legacy | H21: initial release | I21: CJ052501/01 | J21: P050162 | K21: Cap Junky | L21: Ident A + Ident B + Foreign matter | M21: — | N21: =IFERROR(INDEX('CoQ Register'!$B:$B,MATCH("P050162|I",'CoQ Register'!$S:$S,0)),"—") | O21: iCoA-PP-2025-0015 | P21: 30.09.2025 | Q21: 20.08.2025 | R21: 30.09.2025 – 01.10.2025 | S21: =IFERROR(INDEX('CoQ Register'!$D:$D,MATCH("P050162|I",'CoQ Register'!$S:$S,0)),"") | T21: Conforms | U21: Conforms | V21: Conforms | W21: ППК25280, (17.09.2025) [CNP] | X21: — | Y21: — | Z21: — | AA21: P050162|I | AB21: registered — initial release, issued 03.06.2026
A22: 21 | B22: iCoA-PP_26-021 | C22: yes | D22: =IF(A22="","",IF(ISNUMBER(E22),MAX(DATE(2026,6,3),E22),DATE(2026,6,3))) | E22: =IFERROR(INDEX('Batch Dates'!$F:$F,MATCH(J22,'Batch Dates'!$C:$C,0)),IFERROR(INDEX('Batch Dates'!$F:$F,MATCH(I22,'Batch Dates'!$B:$B,0)),"")) | F22: =IFERROR(INDEX('Batch Dates'!$G:$G,MATCH(J22,'Batch Dates'!$C:$C,0)),IFERROR(INDEX('Batch Dates'!$G:$G,MATCH(I22,'Batch Dates'!$B:$B,0)),"")) | G22: legacy | H22: initial release | I22: CJ052501/02 | J22: P050172 | K22: Cap Junky | L22: Ident A + Ident B + Foreign matter | M22: — | N22: =IFERROR(INDEX('CoQ Register'!$B:$B,MATCH("P050172|I",'CoQ Register'!$S:$S,0)),"—") | O22: — | P22: 17.09.2025 | Q22: 20.08.2025 | R22: 01.10.2025 – 02.10.2025 (the issuance plan's basis: 17.09.2025) | S22: =IFERROR(INDEX('CoQ Register'!$D:$D,MATCH("P050172|I",'CoQ Register'!$S:$S,0)),"") | T22: Conforms | U22: Conforms | V22: Conforms | W22: ППК25281, (17.09.2025) [CNP] | X22: — | Y22: — | Z22: — | AA22: P050172|I | AB22: registered — initial release, issued 03.06.2026
A23: 22 | B23: iCoA-PP_26-022 | C23: yes | D23: =IF(A23="","",IF(ISNUMBER(E23),MAX(DATE(2026,6,3),E23),DATE(2026,6,3))) | E23: =IFERROR(INDEX('Batch Dates'!$F:$F,MATCH(J23,'Batch Dates'!$C:$C,0)),IFERROR(INDEX('Batch Dates'!$F:$F,MATCH(I23,'Batch Dates'!$B:$B,0)),"")) | F23: =IFERROR(INDEX('Batch Dates'!$G:$G,MATCH(J23,'Batch Dates'!$C:$C,0)),IFERROR(INDEX('Batch Dates'!$G:$G,MATCH(I23,'Batch Dates'!$B:$B,0)),"")) | G23: legacy | H23: initial release | I23: HPA052501 | J23: P050182 | K23: High Pro Amnesia | L23: Ident A + Ident B + Foreign matter | M23: — | N23: =IFERROR(INDEX('CoQ Register'!$B:$B,MATCH("P050182|I",'CoQ Register'!$S:$S,0)),"—") | O23: iCoA-PP-2025-0016 | P23: 03.10.2025 | Q23: 21.08.2025 – 23.08.2025 | R23: 03.10.2025 – 09.10.2025 | S23: =IFERROR(INDEX('CoQ Register'!$D:$D,MATCH("P050182|I",'CoQ Register'!$S:$S,0)),"") | T23: Conforms | U23: Conforms | V23: Conforms | W23: ППК25278, (19.09.2025) [CNP] | X23: — | Y23: — | Z23: — | AA23: P050182|I | AB23: registered — initial release, issued 03.06.2026
A24: 23 | B24: iCoA-PP_26-023 | C24: yes | D24: =IF(A24="","",IF(ISNUMBER(E24),MAX(DATE(2026,6,3),E24),DATE(2026,6,3))) | E24: =IFERROR(INDEX('Batch Dates'!$F:$F,MATCH(J24,'Batch Dates'!$C:$C,0)),IFERROR(INDEX('Batch Dates'!$F:$F,MATCH(I24,'Batch Dates'!$B:$B,0)),"")) | F24: =IFERROR(INDEX('Batch Dates'!$G:$G,MATCH(J24,'Batch Dates'!$C:$C,0)),IFERROR(INDEX('Batch Dates'!$G:$G,MATCH(I24,'Batch Dates'!$B:$B,0)),"")) | G24: legacy | H24: initial release | I24: BSS052501 | J24: P050192 | K24: Blue Sunset Sherbet | L24: Ident A + Ident B + #4 + #5 + Foreign matter + #8 | M24: — | N24: =IFERROR(INDEX('CoQ Register'!$B:$B,MATCH("P050192|I",'CoQ Register'!$S:$S,0)),"—") | O24: iCoA-PP-2025-0017 | P24: 10.10.2025 | Q24: 01.09.2025 – 03.09.2025 | R24: 10.10.2025 – 21.10.2025 | S24: =IFERROR(INDEX('CoQ Register'!$D:$D,MATCH("P050192|I",'CoQ Register'!$S:$S,0)),"") | T24: Conforms | U24: Conforms | V24: Conforms | W24: NGP-QCG-SOP-024 F3, (28.11.2025) [NGP] | X24: — | Y24: — | Z24: — | AA24: P050192|I | AB24: registered — initial release, issued 03.06.2026
A25: 24 | B25: iCoA-PP_26-024 | C25: yes | D25: =IF(A25="","",IF(ISNUMBER(E25),MAX(DATE(2026,6,3),E25),DATE(2026,6,3))) | E25: =IFERROR(INDEX('Batch Dates'!$F:$F,MATCH(J25,'Batch Dates'!$C:$C,0)),IFERROR(INDEX('Batch Dates'!$F:$F,MATCH(I25,'Batch Dates'!$B:$B,0)),"")) | F25: =IFERROR(INDEX('Batch Dates'!$G:$G,MATCH(J25,'Batch Dates'!$C:$C,0)),IFERROR(INDEX('Batch Dates'!$G:$G,MATCH(I25,'Batch Dates'!$B:$B,0)),"")) | G25: legacy | H25: initial release | I25: GP062501 | J25: P050202 | K25: Grape Pie | L25: Ident A + Ident B + #4 + #5 + Foreign matter + #8 | M25: — | N25: =IFERROR(INDEX('CoQ Register'!$B:$B,MATCH("P050202|I",'CoQ Register'!$S:$S,0)),"—") | O25: — | P25: 11.05.2026 | Q25: 15.09.2025 – 17.09.2025 | R25: 30.10.2025 – 07.11.2025 (the issuance plan's basis: 11.05.2026) | S25: =IFERROR(INDEX('CoQ Register'!$D:$D,MATCH("P050202|I",'CoQ Register'!$S:$S,0)),"") | T25: Conforms | U25: Conforms | V25: Conforms | W25: NGP-QCG-SOP-024 F3, (28.11.2025) [NGP] | X25: — | Y25: — | Z25: — | AA25: P050202|I | AB25: registered — initial release, issued 03.06.2026
A26: 25 | B26: iCoA-PP_26-025 | C26: yes | D26: =IF(A26="","",IF(ISNUMBER(E26),MAX(DATE(2026,6,3),E26),DATE(2026,6,3))) | E26: =IFERROR(INDEX('Batch Dates'!$F:$F,MATCH(J26,'Batch Dates'!$C:$C,0)),IFERROR(INDEX('Batch Dates'!$F:$F,MATCH(I26,'Batch Dates'!$B:$B,0)),"")) | F26: =IFERROR(INDEX('Batch Dates'!$G:$G,MATCH(J26,'Batch Dates'!$C:$C,0)),IFERROR(INDEX('Batch Dates'!$G:$G,MATCH(I26,'Batch Dates'!$B:$B,0)),"")) | G26: legacy | H26: initial release | I26: CJ062501/2 | J26: P050212 | K26: Cap Junky | L26: Ident A + Ident B + Foreign matter | M26: — | N26: =IFERROR(INDEX('CoQ Register'!$B:$B,MATCH("P050212|I",'CoQ Register'!$S:$S,0)),"—") | O26: — | P26: 24.01.2026 | Q26: 23.09.2025 – 24.09.2025 | R26: 18.11.2025 – 24.11.2025 (the issuance plan's basis: 24.01.2026) | S26: =IFERROR(INDEX('CoQ Register'!$D:$D,MATCH("P050212|I",'CoQ Register'!$S:$S,0)),"") | T26: Conforms | U26: Conforms | V26: Conforms | W26: ППК25322, (23.10.2025) [CNP] | X26: — | Y26: — | Z26: — | AA26: P050212|I | AB26: registered — initial release, issued 03.06.2026
A27: 26 | B27: iCoA-PP_26-026 | C27: yes | D27: =IF(A27="","",IF(ISNUMBER(E27),MAX(DATE(2026,6,3),E27),DATE(2026,6,3))) | E27: =IFERROR(INDEX('Batch Dates'!$F:$F,MATCH(J27,'Batch Dates'!$C:$C,0)),IFERROR(INDEX('Batch Dates'!$F:$F,MATCH(I27,'Batch Dates'!$B:$B,0)),"")) | F27: =IFERROR(INDEX('Batch Dates'!$G:$G,MATCH(J27,'Batch Dates'!$C:$C,0)),IFERROR(INDEX('Batch Dates'!$G:$G,MATCH(I27,'Batch Dates'!$B:$B,0)),"")) | G27: legacy | H27: initial release | I27: CJ062501/1 | J27: P050222 | K27: Cap Junky | L27: Ident A + Ident B + Foreign matter | M27: — | N27: =IFERROR(INDEX('CoQ Register'!$B:$B,MATCH("P050222|I",'CoQ Register'!$S:$S,0)),"—") | O27: iCoA-PP-2025-0018 | P27: 24.11.2025 | Q27: 23.09.2025 | R27: 24.11.2025 – 25.11.2025 | S27: =IFERROR(INDEX('CoQ Register'!$D:$D,MATCH("P050222|I",'CoQ Register'!$S:$S,0)),"") | T27: Conforms | U27: Conforms | V27: Conforms | W27: ППК25321, (23.10.2025) [CNP] | X27: — | Y27: — | Z27: — | AA27: P050222|I | AB27: registered — initial release, issued 03.06.2026
A28: 27 | B28: iCoA-PP_26-027 | C28: yes | D28: =IF(A28="","",IF(ISNUMBER(E28),MAX(DATE(2026,6,3),E28),DATE(2026,6,3))) | E28: =IFERROR(INDEX('Batch Dates'!$F:$F,MATCH(J28,'Batch Dates'!$C:$C,0)),IFERROR(INDEX('Batch Dates'!$F:$F,MATCH(I28,'Batch Dates'!$B:$B,0)),"")) | F28: =IFERROR(INDEX('Batch Dates'!$G:$G,MATCH(J28,'Batch Dates'!$C:$C,0)),IFERROR(INDEX('Batch Dates'!$G:$G,MATCH(I28,'Batch Dates'!$B:$B,0)),"")) | G28: legacy | H28: initial release | I28: CJ072501 | J28: P050252 | K28: Cap Junky | L28: Ident A + Ident B + Foreign matter | M28: — | N28: =IFERROR(INDEX('CoQ Register'!$B:$B,MATCH("P050252|I",'CoQ Register'!$S:$S,0)),"—") | O28: — | P28: 02.12.2025 | Q28: 27.10.2025 | R28: 27.11.2025 – 28.11.2025 (the issuance plan's basis: 02.12.2025) | S28: =IFERROR(INDEX('CoQ Register'!$D:$D,MATCH("P050252|I",'CoQ Register'!$S:$S,0)),"") | T28: Conforms | U28: Conforms | V28: Conforms | W28: ППК25367, (28.11.2025) [CNP] | X28: — | Y28: — | Z28: — | AA28: P050252|I | AB28: registered — initial release, issued 03.06.2026
A29: 28 | B29: iCoA-PP_26-028 | C29: yes | D29: =IF(A29="","",IF(ISNUMBER(E29),MAX(DATE(2026,6,3),E29),DATE(2026,6,3))) | E29: =IFERROR(INDEX('Batch Dates'!$F:$F,MATCH(J29,'Batch Dates'!$C:$C,0)),IFERROR(INDEX('Batch Dates'!$F:$F,MATCH(I29,'Batch Dates'!$B:$B,0)),"")) | F29: =IFERROR(INDEX('Batch Dates'!$G:$G,MATCH(J29,'Batch Dates'!$C:$C,0)),IFERROR(INDEX('Batch Dates'!$G:$G,MATCH(I29,'Batch Dates'!$B:$B,0)),"")) | G29: legacy | H29: initial release | I29: WC072501 | J29: P050262 | K29: Wedding Crasher | L29: Ident A + Ident B + Foreign matter | M29: — | N29: =IFERROR(INDEX('CoQ Register'!$B:$B,MATCH("P050262|I",'CoQ Register'!$S:$S,0)),"—") | O29: — | P29: 02.12.2025 | Q29: 27.10.2025 – 28.10.2025 | R29: 01.12.2025 (the issuance plan's basis: 02.12.2025) | S29: =IFERROR(INDEX('CoQ Register'!$D:$D,MATCH("P050262|I",'CoQ Register'!$S:$S,0)),"") | T29: Conforms | U29: Conforms | V29: Conforms | W29: ППК25369, (28.11.2025) [CNP] | X29: — | Y29: — | Z29: — | AA29: P050262|I | AB29: registered — initial release, issued 03.06.2026
A30: 29 | B30: iCoA-PP_26-029 | C30: yes | D30: =IF(A30="","",IF(ISNUMBER(E30),MAX(DATE(2026,6,3),E30),DATE(2026,6,3))) | E30: =IFERROR(INDEX('Batch Dates'!$F:$F,MATCH(J30,'Batch Dates'!$C:$C,0)),IFERROR(INDEX('Batch Dates'!$F:$F,MATCH(I30,'Batch Dates'!$B:$B,0)),"")) | F30: =IFERROR(INDEX('Batch Dates'!$G:$G,MATCH(J30,'Batch Dates'!$C:$C,0)),IFERROR(INDEX('Batch Dates'!$G:$G,MATCH(I30,'Batch Dates'!$B:$B,0)),"")) | G30: legacy | H30: initial release | I30: PM072501 | J30: P050272 | K30: Permanent Market | L30: Ident A + Ident B + Foreign matter | M30: — | N30: =IFERROR(INDEX('CoQ Register'!$B:$B,MATCH("P050272|I",'CoQ Register'!$S:$S,0)),"—") | O30: — | P30: 21.01.2026 | Q30: 27.10.2025 | R30: 02.12.2025 – 03.12.2025 (the issuance plan's basis: 21.01.2026) | S30: =IFERROR(INDEX('CoQ Register'!$D:$D,MATCH("P050272|I",'CoQ Register'!$S:$S,0)),"") | T30: Conforms | U30: Conforms | V30: Conforms | W30: ППК25368, (28.11.2025) [CNP] | X30: — | Y30: — | Z30: — | AA30: P050272|I | AB30: registered — initial release, issued 03.06.2026
A31: 30 | B31: iCoA-PP_26-030 | C31: yes | D31: =IF(A31="","",IF(ISNUMBER(E31),MAX(DATE(2026,6,3),E31),DATE(2026,6,3))) | E31: =IFERROR(INDEX('Batch Dates'!$F:$F,MATCH(J31,'Batch Dates'!$C:$C,0)),IFERROR(INDEX('Batch Dates'!$F:$F,MATCH(I31,'Batch Dates'!$B:$B,0)),"")) | F31: =IFERROR(INDEX('Batch Dates'!$G:$G,MATCH(J31,'Batch Dates'!$C:$C,0)),IFERROR(INDEX('Batch Dates'!$G:$G,MATCH(I31,'Batch Dates'!$B:$B,0)),"")) | G31: legacy | H31: initial release | I31: CLE072501 | J31: P050282 | K31: Clemosa a bud | L31: Ident A + Ident B + Foreign matter | M31: — | N31: =IFERROR(INDEX('CoQ Register'!$B:$B,MATCH("P050282|I",'CoQ Register'!$S:$S,0)),"—") | O31: iCoA-PP-2025-0019 | P31: 03.12.2025 | Q31: 28.10.2025 | R31: 03.12.2025 – 04.12.2025 | S31: =IFERROR(INDEX('CoQ Register'!$D:$D,MATCH("P050282|I",'CoQ Register'!$S:$S,0)),"") | T31: Conforms | U31: Conforms | V31: Conforms | W31: ППК25370, (28.11.2025) [CNP] | X31: — | Y31: — | Z31: — | AA31: P050282|I | AB31: registered — initial release, issued 03.06.2026
A32: 31 | B32: iCoA-PP_26-031 | C32: yes | D32: =IF(A32="","",IF(ISNUMBER(E32),MAX(DATE(2026,6,3),E32),DATE(2026,6,3))) | E32: =IFERROR(INDEX('Batch Dates'!$F:$F,MATCH(J32,'Batch Dates'!$C:$C,0)),IFERROR(INDEX('Batch Dates'!$F:$F,MATCH(I32,'Batch Dates'!$B:$B,0)),"")) | F32: =IFERROR(INDEX('Batch Dates'!$G:$G,MATCH(J32,'Batch Dates'!$C:$C,0)),IFERROR(INDEX('Batch Dates'!$G:$G,MATCH(I32,'Batch Dates'!$B:$B,0)),"")) | G32: legacy | H32: initial release | I32: GP072501/1 | J32: P050292 | K32: Grape Pie | L32: Ident A + Ident B + Foreign matter | M32: — | N32: =IFERROR(INDEX('CoQ Register'!$B:$B,MATCH("P050292|I",'CoQ Register'!$S:$S,0)),"—") | O32: — | P32: 21.01.2026 | Q32: 11.11.2025 – 13.11.2025 | R32: 15.12.2025 – 21.12.2025 (the issuance plan's basis: 21.01.2026) | S32: =IFERROR(INDEX('CoQ Register'!$D:$D,MATCH("P050292|I",'CoQ Register'!$S:$S,0)),"") | T32: Conforms | U32: Conforms | V32: Conforms | W32: ППК25378, (12.12.2025) [CNP] | X32: — | Y32: — | Z32: — | AA32: P050292|I | AB32: registered — initial release, issued 03.06.2026
A33: 32 | B33: iCoA-PP_26-032 | C33: yes | D33: =IF(A33="","",IF(ISNUMBER(E33),MAX(DATE(2026,6,3),E33),DATE(2026,6,3))) | E33: =IFERROR(INDEX('Batch Dates'!$F:$F,MATCH(J33,'Batch Dates'!$C:$C,0)),IFERROR(INDEX('Batch Dates'!$F:$F,MATCH(I33,'Batch Dates'!$B:$B,0)),"")) | F33: =IFERROR(INDEX('Batch Dates'!$G:$G,MATCH(J33,'Batch Dates'!$C:$C,0)),IFERROR(INDEX('Batch Dates'!$G:$G,MATCH(I33,'Batch Dates'!$B:$B,0)),"")) | G33: legacy | H33: initial release | I33: GP072501/2 | J33: P050302 | K33: Grape Pie | L33: Ident A + Ident B + Foreign matter | M33: — | N33: =IFERROR(INDEX('CoQ Register'!$B:$B,MATCH("P050302|I",'CoQ Register'!$S:$S,0)),"—") | O33: iCoA-PP-2025-0020 | P33: 22.12.2025 | Q33: 13.11.2025 | R33: 22.12.2025 | S33: =IFERROR(INDEX('CoQ Register'!$D:$D,MATCH("P050302|I",'CoQ Register'!$S:$S,0)),"") | T33: Conforms | U33: Conforms | V33: Conforms | W33: ППК25379, (12.12.2025) [CNP] | X33: — | Y33: — | Z33: — | AA33: P050302|I | AB33: registered — initial release, issued 03.06.2026
A34: 33 | B34: iCoA-PP_26-033 | C34: yes | D34: =IF(A34="","",IF(ISNUMBER(E34),MAX(DATE(2026,6,3),E34),DATE(2026,6,3))) | E34: =IFERROR(INDEX('Batch Dates'!$F:$F,MATCH(J34,'Batch Dates'!$C:$C,0)),IFERROR(INDEX('Batch Dates'!$F:$F,MATCH(I34,'Batch Dates'!$B:$B,0)),"")) | F34: =IFERROR(INDEX('Batch Dates'!$G:$G,MATCH(J34,'Batch Dates'!$C:$C,0)),IFERROR(INDEX('Batch Dates'!$G:$G,MATCH(I34,'Batch Dates'!$B:$B,0)),"")) | G34: legacy | H34: initial release | I34: GP082501/1 | J34: P050312 | K34: Grape Pie | L34: Ident A + Ident B + Foreign matter | M34: — | N34: =IFERROR(INDEX('CoQ Register'!$B:$B,MATCH("P050312|I",'CoQ Register'!$S:$S,0)),"—") | O34: iCoA-PP-2025-0021 | P34: 23.12.2025 | Q34: 19.11.2025 – 20.11.2025 | R34: 23.12.2025 – 26.12.2025 | S34: =IFERROR(INDEX('CoQ Register'!$D:$D,MATCH("P050312|I",'CoQ Register'!$S:$S,0)),"") | T34: Conforms | U34: Conforms | V34: Conforms | W34: ППК25380, (12.12.2025) [CNP] | X34: — | Y34: — | Z34: — | AA34: P050312|I | AB34: registered — initial release, issued 03.06.2026
A35: 34 | B35: iCoA-PP_26-034 | C35: yes | D35: =IF(A35="","",IF(ISNUMBER(E35),MAX(DATE(2026,6,3),E35),DATE(2026,6,3))) | E35: =IFERROR(INDEX('Batch Dates'!$F:$F,MATCH(J35,'Batch Dates'!$C:$C,0)),IFERROR(INDEX('Batch Dates'!$F:$F,MATCH(I35,'Batch Dates'!$B:$B,0)),"")) | F35: =IFERROR(INDEX('Batch Dates'!$G:$G,MATCH(J35,'Batch Dates'!$C:$C,0)),IFERROR(INDEX('Batch Dates'!$G:$G,MATCH(I35,'Batch Dates'!$B:$B,0)),"")) | G35: legacy | H35: initial release | I35: GP082501/2 | J35: P050322 | K35: Grape Pie | L35: Ident A + Ident B + Foreign matter | M35: — | N35: =IFERROR(INDEX('CoQ Register'!$B:$B,MATCH("P050322|I",'CoQ Register'!$S:$S,0)),"—") | O35: iCoA-PP-2025-0022 | P35: 26.12.2025 | Q35: 20.11.2025 | R35: 26.12.2025 | S35: =IFERROR(INDEX('CoQ Register'!$D:$D,MATCH("P050322|I",'CoQ Register'!$S:$S,0)),"") | T35: Conforms | U35: Conforms | V35: Conforms | W35: ППК25381, (12.12.2025) [CNP] | X35: — | Y35: — | Z35: — | AA35: P050322|I | AB35: registered — initial release, issued 03.06.2026
A36: 35 | B36: iCoA-PP_26-035 | C36: yes | D36: =IF(A36="","",IF(ISNUMBER(E36),MAX(DATE(2026,6,3),E36),DATE(2026,6,3))) | E36: =IFERROR(INDEX('Batch Dates'!$F:$F,MATCH(J36,'Batch Dates'!$C:$C,0)),IFERROR(INDEX('Batch Dates'!$F:$F,MATCH(I36,'Batch Dates'!$B:$B,0)),"")) | F36: =IFERROR(INDEX('Batch Dates'!$G:$G,MATCH(J36,'Batch Dates'!$C:$C,0)),IFERROR(INDEX('Batch Dates'!$G:$G,MATCH(I36,'Batch Dates'!$B:$B,0)),"")) | G36: legacy | H36: initial release | I36: WC082501 | J36: P060012 | K36: Wedding Crasher | L36: Ident A + Ident B + Foreign matter | M36: — | N36: =IFERROR(INDEX('CoQ Register'!$B:$B,MATCH("P060012|I",'CoQ Register'!$S:$S,0)),"—") | O36: iCoA-PP-2026-0001 | P36: 13.01.2026 | Q36: 09.12.2025 | R36: 13.01.2026 – 14.01.2026 | S36: =IFERROR(INDEX('CoQ Register'!$D:$D,MATCH("P060012|I",'CoQ Register'!$S:$S,0)),"") | T36: Conforms | U36: Conforms | V36: Conforms | W36: ППК26001, (21.01.2026) [CNP] | X36: — | Y36: — | Z36: — | AA36: P060012|I | AB36: registered — initial release, issued 03.06.2026
A37: 36 | B37: iCoA-PP_26-036 | C37: yes | D37: =IF(A37="","",IF(ISNUMBER(E37),MAX(DATE(2026,6,3),E37),DATE(2026,6,3))) | E37: =IFERROR(INDEX('Batch Dates'!$F:$F,MATCH(J37,'Batch Dates'!$C:$C,0)),IFERROR(INDEX('Batch Dates'!$F:$F,MATCH(I37,'Batch Dates'!$B:$B,0)),"")) | F37: =IFERROR(INDEX('Batch Dates'!$G:$G,MATCH(J37,'Batch Dates'!$C:$C,0)),IFERROR(INDEX('Batch Dates'!$G:$G,MATCH(I37,'Batch Dates'!$B:$B,0)),"")) | G37: legacy | H37: initial release | I37: CJ082501/1 | J37: P060022 | K37: Cap Junky | L37: Ident A + Ident B + Foreign matter | M37: — | N37: =IFERROR(INDEX('CoQ Register'!$B:$B,MATCH("P060022|I",'CoQ Register'!$S:$S,0)),"—") | O37: iCoA-PP-2026-0002 | P37: 16.01.2026 | Q37: 09.12.2025 – 10.12.2025 | R37: 16.01.2026 | S37: =IFERROR(INDEX('CoQ Register'!$D:$D,MATCH("P060022|I",'CoQ Register'!$S:$S,0)),"") | T37: Conforms | U37: Conforms | V37: Conforms | W37: ППК26002, (21.01.2026) [CNP] | X37: — | Y37: — | Z37: — | AA37: P060022|I | AB37: registered — initial release, issued 03.06.2026
A38: 37 | B38: iCoA-PP_26-037 | C38: yes | D38: =IF(A38="","",IF(ISNUMBER(E38),MAX(DATE(2026,6,3),E38),DATE(2026,6,3))) | E38: =IFERROR(INDEX('Batch Dates'!$F:$F,MATCH(J38,'Batch Dates'!$C:$C,0)),IFERROR(INDEX('Batch Dates'!$F:$F,MATCH(I38,'Batch Dates'!$B:$B,0)),"")) | F38: =IFERROR(INDEX('Batch Dates'!$G:$G,MATCH(J38,'Batch Dates'!$C:$C,0)),IFERROR(INDEX('Batch Dates'!$G:$G,MATCH(I38,'Batch Dates'!$B:$B,0)),"")) | G38: legacy | H38: initial release | I38: CJ082501/2 | J38: P060032 | K38: Cap Junky | L38: Ident A + Ident B + Foreign matter | M38: — | N38: =IFERROR(INDEX('CoQ Register'!$B:$B,MATCH("P060032|I",'CoQ Register'!$S:$S,0)),"—") | O38: iCoA-PP-2026-0003 | P38: 29.01.2026 | Q38: 10.12.2025 | R38: 29.01.2026 | S38: =IFERROR(INDEX('CoQ Register'!$D:$D,MATCH("P060032|I",'CoQ Register'!$S:$S,0)),"") | T38: Conforms | U38: Conforms | V38: Conforms | W38: ППК26003, (21.01.2026) [CNP] | X38: — | Y38: — | Z38: — | AA38: P060032|I | AB38: registered — initial release, issued 03.06.2026
A39: 38 | B39: iCoA-PP_26-038 | C39: yes | D39: =IF(A39="","",IF(ISNUMBER(E39),MAX(DATE(2026,6,3),E39),DATE(2026,6,3))) | E39: =IFERROR(INDEX('Batch Dates'!$F:$F,MATCH(J39,'Batch Dates'!$C:$C,0)),IFERROR(INDEX('Batch Dates'!$F:$F,MATCH(I39,'Batch Dates'!$B:$B,0)),"")) | F39: =IFERROR(INDEX('Batch Dates'!$G:$G,MATCH(J39,'Batch Dates'!$C:$C,0)),IFERROR(INDEX('Batch Dates'!$G:$G,MATCH(I39,'Batch Dates'!$B:$B,0)),"")) | G39: legacy | H39: initial release | I39: OPM092501 | J39: P060042 | K39: Orange Punch Mimosa | L39: Ident A + Ident B + Foreign matter | M39: — | N39: =IFERROR(INDEX('CoQ Register'!$B:$B,MATCH("P060042|I",'CoQ Register'!$S:$S,0)),"—") | O39: iCoA-PP-2026-0004 | P39: 29.01.2026 | Q39: 12.12.2025 | R39: 29.01.2026 | S39: =IFERROR(INDEX('CoQ Register'!$D:$D,MATCH("P060042|I",'CoQ Register'!$S:$S,0)),"") | T39: Conforms | U39: Conforms | V39: Conforms | W39: ППК26008, (21.01.2026) [CNP] | X39: — | Y39: — | Z39: — | AA39: P060042|I | AB39: registered — initial release, issued 03.06.2026
A40: 39 | B40: iCoA-PP_26-039 | C40: yes | D40: =IF(A40="","",IF(ISNUMBER(E40),MAX(DATE(2026,6,3),E40),DATE(2026,6,3))) | E40: =IFERROR(INDEX('Batch Dates'!$F:$F,MATCH(J40,'Batch Dates'!$C:$C,0)),IFERROR(INDEX('Batch Dates'!$F:$F,MATCH(I40,'Batch Dates'!$B:$B,0)),"")) | F40: =IFERROR(INDEX('Batch Dates'!$G:$G,MATCH(J40,'Batch Dates'!$C:$C,0)),IFERROR(INDEX('Batch Dates'!$G:$G,MATCH(I40,'Batch Dates'!$B:$B,0)),"")) | G40: legacy | H40: initial release | I40: AB092501 | J40: P060052 | K40: Apple and Banana | L40: Ident A + Ident B + Foreign matter | M40: — | N40: =IFERROR(INDEX('CoQ Register'!$B:$B,MATCH("P060052|I",'CoQ Register'!$S:$S,0)),"—") | O40: — | P40: 20.02.2026 | Q40: 11.12.2025 | R40: 30.01.2026 (the issuance plan's basis: 20.02.2026) | S40: =IFERROR(INDEX('CoQ Register'!$D:$D,MATCH("P060052|I",'CoQ Register'!$S:$S,0)),"") | T40: Conforms | U40: Conforms | V40: Conforms | W40: ППК26005, (21.01.2026) [CNP] | X40: — | Y40: — | Z40: — | AA40: P060052|I | AB40: registered — initial release, issued 03.06.2026
A41: 40 | B41: iCoA-PP_26-040 | C41: yes | D41: =IF(A41="","",IF(ISNUMBER(E41),MAX(DATE(2026,6,3),E41),DATE(2026,6,3))) | E41: =IFERROR(INDEX('Batch Dates'!$F:$F,MATCH(J41,'Batch Dates'!$C:$C,0)),IFERROR(INDEX('Batch Dates'!$F:$F,MATCH(I41,'Batch Dates'!$B:$B,0)),"")) | F41: =IFERROR(INDEX('Batch Dates'!$G:$G,MATCH(J41,'Batch Dates'!$C:$C,0)),IFERROR(INDEX('Batch Dates'!$G:$G,MATCH(I41,'Batch Dates'!$B:$B,0)),"")) | G41: legacy | H41: initial release | I41: PM092501 | J41: P060062 | K41: Permanent Market | L41: Ident A + Ident B + Foreign matter | M41: — | N41: =IFERROR(INDEX('CoQ Register'!$B:$B,MATCH("P060062|I",'CoQ Register'!$S:$S,0)),"—") | O41: iCoA-PP-2026-0005 | P41: 30.01.2026 | Q41: 11.12.2025 | R41: 30.01.2026 | S41: =IFERROR(INDEX('CoQ Register'!$D:$D,MATCH("P060062|I",'CoQ Register'!$S:$S,0)),"") | T41: Conforms | U41: Conforms | V41: Conforms | W41: ППК26004, (21.01.2026) [CNP] | X41: — | Y41: — | Z41: — | AA41: P060062|I | AB41: registered — initial release, issued 03.06.2026
A42: 41 | B42: iCoA-PP_26-041 | C42: yes | D42: =IF(A42="","",IF(ISNUMBER(E42),MAX(DATE(2026,6,3),E42),DATE(2026,6,3))) | E42: =IFERROR(INDEX('Batch Dates'!$F:$F,MATCH(J42,'Batch Dates'!$C:$C,0)),IFERROR(INDEX('Batch Dates'!$F:$F,MATCH(I42,'Batch Dates'!$B:$B,0)),"")) | F42: =IFERROR(INDEX('Batch Dates'!$G:$G,MATCH(J42,'Batch Dates'!$C:$C,0)),IFERROR(INDEX('Batch Dates'!$G:$G,MATCH(I42,'Batch Dates'!$B:$B,0)),"")) | G42: legacy | H42: initial release | I42: CJ092501 | J42: P060072 | K42: Cap Junky | L42: Ident A + Ident B + Foreign matter | M42: — | N42: =IFERROR(INDEX('CoQ Register'!$B:$B,MATCH("P060072|I",'CoQ Register'!$S:$S,0)),"—") | O42: iCoA-PP-2026-0006 | P42: 02.02.2026 | Q42: 12.12.2025 | R42: 02.02.2026 | S42: =IFERROR(INDEX('CoQ Register'!$D:$D,MATCH("P060072|I",'CoQ Register'!$S:$S,0)),"") | T42: Conforms | U42: Conforms | V42: Conforms | W42: ППК26007, (21.01.2026) [CNP] | X42: — | Y42: — | Z42: — | AA42: P060072|I | AB42: registered — initial release, issued 03.06.2026
A43: 42 | B43: iCoA-PP_26-042 | C43: yes | D43: =IF(A43="","",IF(ISNUMBER(E43),MAX(DATE(2026,6,3),E43),DATE(2026,6,3))) | E43: =IFERROR(INDEX('Batch Dates'!$F:$F,MATCH(J43,'Batch Dates'!$C:$C,0)),IFERROR(INDEX('Batch Dates'!$F:$F,MATCH(I43,'Batch Dates'!$B:$B,0)),"")) | F43: =IFERROR(INDEX('Batch Dates'!$G:$G,MATCH(J43,'Batch Dates'!$C:$C,0)),IFERROR(INDEX('Batch Dates'!$G:$G,MATCH(I43,'Batch Dates'!$B:$B,0)),"")) | G43: legacy | H43: initial release | I43: SJ0925021 | J43: P060082 | K43: Sleepy Joy | L43: Ident A + Ident B + Foreign matter | M43: — | N43: =IFERROR(INDEX('CoQ Register'!$B:$B,MATCH("P060082|I",'CoQ Register'!$S:$S,0)),"—") | O43: iCoA-PP-2026-0007 | P43: 02.02.2026 | Q43: 11.12.2025 – 12.12.2025 | R43: 02.02.2026 | S43: =IFERROR(INDEX('CoQ Register'!$D:$D,MATCH("P060082|I",'CoQ Register'!$S:$S,0)),"") | T43: Conforms | U43: Conforms | V43: Conforms | W43: ППК26006, (21.01.2026) [CNP] | X43: — | Y43: — | Z43: — | AA43: P060082|I | AB43: registered — initial release, issued 03.06.2026
A44: 43 | B44: iCoA-PP_26-043 | C44: yes | D44: =IF(A44="","",IF(ISNUMBER(E44),MAX(DATE(2026,6,3),E44),DATE(2026,6,3))) | E44: =IFERROR(INDEX('Batch Dates'!$F:$F,MATCH(J44,'Batch Dates'!$C:$C,0)),IFERROR(INDEX('Batch Dates'!$F:$F,MATCH(I44,'Batch Dates'!$B:$B,0)),"")) | F44: =IFERROR(INDEX('Batch Dates'!$G:$G,MATCH(J44,'Batch Dates'!$C:$C,0)),IFERROR(INDEX('Batch Dates'!$G:$G,MATCH(I44,'Batch Dates'!$B:$B,0)),"")) | G44: legacy | H44: initial release | I44: GP092501 | J44: P060092 | K44: Grape Pie | L44: Ident A + Ident B + Foreign matter | M44: — | N44: =IFERROR(INDEX('CoQ Register'!$B:$B,MATCH("P060092|I",'CoQ Register'!$S:$S,0)),"—") | O44: iCoA-PP-2026-0008 | P44: 03.02.2026 | Q44: 16.12.2025 – 17.12.2025 | R44: 03.02.2026 – 09.02.2026 | S44: =IFERROR(INDEX('CoQ Register'!$D:$D,MATCH("P060092|I",'CoQ Register'!$S:$S,0)),"") | T44: Conforms | U44: Conforms | V44: Conforms | W44: ППК26009, (21.01.2026) [CNP] | X44: — | Y44: — | Z44: — | AA44: P060092|I | AB44: registered — initial release, issued 03.06.2026
A45: 44 | B45: iCoA-PP_26-044 | C45: yes | D45: =IF(A45="","",IF(ISNUMBER(E45),MAX(DATE(2026,6,3),E45),DATE(2026,6,3))) | E45: =IFERROR(INDEX('Batch Dates'!$F:$F,MATCH(J45,'Batch Dates'!$C:$C,0)),IFERROR(INDEX('Batch Dates'!$F:$F,MATCH(I45,'Batch Dates'!$B:$B,0)),"")) | F45: =IFERROR(INDEX('Batch Dates'!$G:$G,MATCH(J45,'Batch Dates'!$C:$C,0)),IFERROR(INDEX('Batch Dates'!$G:$G,MATCH(I45,'Batch Dates'!$B:$B,0)),"")) | G45: legacy | H45: initial release | I45: WED102501 | J45: P060102 | K45: Wedding Cake | L45: Ident A + Ident B + Foreign matter | M45: — | N45: =IFERROR(INDEX('CoQ Register'!$B:$B,MATCH("P060102|I",'CoQ Register'!$S:$S,0)),"—") | O45: — | P45: 16.02.2026 | Q45: 08.01.2026 | R45: 16.02.2026 | S45: =IFERROR(INDEX('CoQ Register'!$D:$D,MATCH("P060102|I",'CoQ Register'!$S:$S,0)),"") | T45: Conforms | U45: Conforms | V45: Conforms | W45: — no cannabinoid certificate from the initial testing — | X45: — | Y45: — | Z45: — | AA45: P060102|I | AB45: registered — initial release, issued 03.06.2026
A46: 45 | B46: iCoA-PP_26-045 | C46: yes | D46: =IF(A46="","",IF(ISNUMBER(E46),MAX(DATE(2026,6,3),E46),DATE(2026,6,3))) | E46: =IFERROR(INDEX('Batch Dates'!$F:$F,MATCH(J46,'Batch Dates'!$C:$C,0)),IFERROR(INDEX('Batch Dates'!$F:$F,MATCH(I46,'Batch Dates'!$B:$B,0)),"")) | F46: =IFERROR(INDEX('Batch Dates'!$G:$G,MATCH(J46,'Batch Dates'!$C:$C,0)),IFERROR(INDEX('Batch Dates'!$G:$G,MATCH(I46,'Batch Dates'!$B:$B,0)),"")) | G46: legacy | H46: initial release | I46: PUM102501 | J46: P060112 | K46: Pure Michigen | L46: Ident A + Ident B + Foreign matter | M46: — | N46: =IFERROR(INDEX('CoQ Register'!$B:$B,MATCH("P060112|I",'CoQ Register'!$S:$S,0)),"—") | O46: iCoA-PP-2026-0009 | P46: 17.02.2026 | Q46: 08.01.2026 – 09.01.2026 | R46: 17.02.2026 | S46: =IFERROR(INDEX('CoQ Register'!$D:$D,MATCH("P060112|I",'CoQ Register'!$S:$S,0)),"") | T46: Conforms | U46: Conforms | V46: Conforms | W46: — no cannabinoid certificate from the initial testing — | X46: — | Y46: — | Z46: — | AA46: P060112|I | AB46: registered — initial release, issued 03.06.2026
A47: 46 | B47: iCoA-PP_26-046 | C47: yes | D47: =IF(A47="","",IF(ISNUMBER(E47),MAX(DATE(2026,6,3),E47),DATE(2026,6,3))) | E47: =IFERROR(INDEX('Batch Dates'!$F:$F,MATCH(J47,'Batch Dates'!$C:$C,0)),IFERROR(INDEX('Batch Dates'!$F:$F,MATCH(I47,'Batch Dates'!$B:$B,0)),"")) | F47: =IFERROR(INDEX('Batch Dates'!$G:$G,MATCH(J47,'Batch Dates'!$C:$C,0)),IFERROR(INDEX('Batch Dates'!$G:$G,MATCH(I47,'Batch Dates'!$B:$B,0)),"")) | G47: legacy | H47: initial release | I47: ACC102501 | J47: P060122 | K47: Amnesia Core Cut | L47: Ident A + Ident B + Foreign matter | M47: — | N47: =IFERROR(INDEX('CoQ Register'!$B:$B,MATCH("P060122|I",'CoQ Register'!$S:$S,0)),"—") | O47: iCoA-PP-2026-0010 | P47: 18.02.2026 | Q47: 09.01.2026 | R47: 18.02.2026 – 19.02.2026 | S47: =IFERROR(INDEX('CoQ Register'!$D:$D,MATCH("P060122|I",'CoQ Register'!$S:$S,0)),"") | T47: Conforms | U47: Conforms | V47: Conforms | W47: — no cannabinoid certificate from the initial testing — | X47: — | Y47: — | Z47: — | AA47: P060122|I | AB47: registered — initial release, issued 03.06.2026
A48: 47 | B48: iCoA-PP_26-047 | C48: yes | D48: =IF(A48="","",IF(ISNUMBER(E48),MAX(DATE(2026,6,3),E48),DATE(2026,6,3))) | E48: =IFERROR(INDEX('Batch Dates'!$F:$F,MATCH(J48,'Batch Dates'!$C:$C,0)),IFERROR(INDEX('Batch Dates'!$F:$F,MATCH(I48,'Batch Dates'!$B:$B,0)),"")) | F48: =IFERROR(INDEX('Batch Dates'!$G:$G,MATCH(J48,'Batch Dates'!$C:$C,0)),IFERROR(INDEX('Batch Dates'!$G:$G,MATCH(I48,'Batch Dates'!$B:$B,0)),"")) | G48: legacy | H48: initial release | I48: CF102501 | J48: P060132 | K48: Chem Flyer | L48: Ident A + Ident B + Foreign matter | M48: — | N48: =IFERROR(INDEX('CoQ Register'!$B:$B,MATCH("P060132|I",'CoQ Register'!$S:$S,0)),"—") | O48: iCoA-PP-2026-0011 | P48: 19.02.2026 | Q48: 09.01.2026 | R48: 19.02.2026 – 20.02.2026 | S48: =IFERROR(INDEX('CoQ Register'!$D:$D,MATCH("P060132|I",'CoQ Register'!$S:$S,0)),"") | T48: Conforms | U48: Conforms | V48: Conforms | W48: — no cannabinoid certificate from the initial testing — | X48: — | Y48: — | Z48: — | AA48: P060132|I | AB48: registered — initial release, issued 03.06.2026
A49: 48 | B49: iCoA-PP_26-048 | C49: yes | D49: =IF(A49="","",IF(ISNUMBER(E49),MAX(DATE(2026,6,3),E49),DATE(2026,6,3))) | E49: =IFERROR(INDEX('Batch Dates'!$F:$F,MATCH(J49,'Batch Dates'!$C:$C,0)),IFERROR(INDEX('Batch Dates'!$F:$F,MATCH(I49,'Batch Dates'!$B:$B,0)),"")) | F49: =IFERROR(INDEX('Batch Dates'!$G:$G,MATCH(J49,'Batch Dates'!$C:$C,0)),IFERROR(INDEX('Batch Dates'!$G:$G,MATCH(I49,'Batch Dates'!$B:$B,0)),"")) | G49: legacy | H49: initial release | I49: GRC102501 | J49: P060142 | K49: Graps & Creme | L49: Ident A + Ident B + Foreign matter | M49: — | N49: =IFERROR(INDEX('CoQ Register'!$B:$B,MATCH("P060142|I",'CoQ Register'!$S:$S,0)),"—") | O49: — | P49: 23.02.2026 | Q49: 09.01.2026 | R49: 23.02.2026 | S49: =IFERROR(INDEX('CoQ Register'!$D:$D,MATCH("P060142|I",'CoQ Register'!$S:$S,0)),"") | T49: Conforms | U49: Conforms | V49: Conforms | W49: — no cannabinoid certificate from the initial testing — | X49: — | Y49: — | Z49: — | AA49: P060142|I | AB49: registered — initial release, issued 03.06.2026
A50: 49 | B50: iCoA-PP_26-049 | C50: yes | D50: 46176 | E50: 46086 | F50: =IFERROR(INDEX('Batch Dates'!$G:$G,MATCH(J50,'Batch Dates'!$C:$C,0)),IFERROR(INDEX('Batch Dates'!$G:$G,MATCH(I50,'Batch Dates'!$B:$B,0)),"")) | G50: legacy | H50: retest 1 | I50: GP0824_02 | J50: P050022 | K50: Grape Pie | L50: Ident A + Ident B + Foreign matter | M50: — | N50: =IFERROR(INDEX('CoQ Register'!$B:$B,MATCH("P050022|R",'CoQ Register'!$S:$S,0)),"—") | O50: — | P50: 03.06.2026 | Q50: 22.04.2025 – 23.04.2025 | R50: 03.06.2025 – 11.06.2025 | S50: =IFERROR(INDEX('CoQ Register'!$D:$D,MATCH("P050022|R",'CoQ Register'!$S:$S,0)),"") | T50: Conforms | U50: Conforms | V50: Conforms | W50: 197-11-K-26, (07.08.2026) [FHM-K] | X50: 197-11-K-26, (07.08.2026) [FHM-K] | Y50: 197-11-M-26, (10.08.2026) [FHM-M] | Z50: #8, #9, #11, #12 from the initial testing | AA50: P050022|R | AB50: registered — retest 1, issued 03.06.2026
A51: 50 | B51: iCoA-PP_26-050 | C51: yes | D51: 46176 | E51: 46086 | F51: =IFERROR(INDEX('Batch Dates'!$G:$G,MATCH(J51,'Batch Dates'!$C:$C,0)),IFERROR(INDEX('Batch Dates'!$G:$G,MATCH(I51,'Batch Dates'!$B:$B,0)),"")) | G51: legacy | H51: retest 2 | I51: GP0824_02 | J51: P050022 | K51: Grape Pie | L51: Ident A + Ident B + Foreign matter | M51: — | N51: =IFERROR(INDEX('CoQ Register'!$B:$B,MATCH("P050022|R2",'CoQ Register'!$S:$S,0)),"—") | O51: — | P51: 03.06.2026 | Q51: 22.04.2025 – 23.04.2025 | R51: 03.06.2025 – 11.06.2025 | S51: =IFERROR(INDEX('CoQ Register'!$D:$D,MATCH("P050022|R2",'CoQ Register'!$S:$S,0)),"") | T51: Conforms | U51: Conforms | V51: Conforms | W51: 197-11-K-26, (07.08.2026) [FHM-K] | X51: 197-11-K-26, (07.08.2026) [FHM-K] | Y51: 197-11-M-26, (10.08.2026) [FHM-M] | Z51: #8, #9, #11, #12 from the initial testing | AA51: P050022|R2 | AB51: registered — retest 2, issued 03.06.2026
A52: 51 | B52: iCoA-PP_26-051 | C52: yes | D52: 46176 | E52: 46086 | F52: =IFERROR(INDEX('Batch Dates'!$G:$G,MATCH(J52,'Batch Dates'!$C:$C,0)),IFERROR(INDEX('Batch Dates'!$G:$G,MATCH(I52,'Batch Dates'!$B:$B,0)),"")) | G52: legacy | H52: retest 2 | I52: GP0824_03 | J52: P050072 | K52: Grape Pie | L52: Ident A + Ident B + Foreign matter | M52: — | N52: =IFERROR(INDEX('CoQ Register'!$B:$B,MATCH("P050072|R2",'CoQ Register'!$S:$S,0)),"—") | O52: — | P52: 14.07.2026 | Q52: 09.06.2025 – 10.06.2025 | R52: 14.07.2025 – 17.07.2025 | S52: =IFERROR(INDEX('CoQ Register'!$D:$D,MATCH("P050072|R2",'CoQ Register'!$S:$S,0)),"") | T52: Conforms | U52: Conforms | V52: Conforms | W52: 220-11-K-26, (25.08.2026) [FHM-K] | X52: 220-11-K-26, (25.08.2026) [FHM-K] | Y52: 220-11-M-26, (11.09.2026) [FHM-M] | Z52: #8, #9, #11, #12 from the initial testing | AA52: P050072|R2 | AB52: registered — retest 2, issued 03.06.2026
A53: 52 | B53: iCoA-PP_26-052 | C53: yes | D53: =IF(A53="","",IF(ISNUMBER(E53),MAX(DATE(2026,6,3),E53),DATE(2026,6,3))) | E53: =IFERROR(INDEX('Batch Dates'!$F:$F,MATCH(J53,'Batch Dates'!$C:$C,0)),IFERROR(INDEX('Batch Dates'!$F:$F,MATCH(I53,'Batch Dates'!$B:$B,0)),"")) | F53: =IFERROR(INDEX('Batch Dates'!$G:$G,MATCH(J53,'Batch Dates'!$C:$C,0)),IFERROR(INDEX('Batch Dates'!$G:$G,MATCH(I53,'Batch Dates'!$B:$B,0)),"")) | G53: legacy | H53: initial release | I53: J31102501 | J53: P060152 | K53: Jokerz 31 | L53: Ident A + Ident B + Foreign matter | M53: — | N53: =IFERROR(INDEX('CoQ Register'!$B:$B,MATCH("P060152|I",'CoQ Register'!$S:$S,0)),"—") | O53: iCoA-PP-2026-0012 | P53: 05.03.2026 | Q53: 21.01.2026 | R53: 05.03.2026 | S53: =IFERROR(INDEX('CoQ Register'!$D:$D,MATCH("P060152|I",'CoQ Register'!$S:$S,0)),"") | T53: Conforms | U53: Conforms | V53: Conforms | W53: 051-1-K-26, (04.03.2026) [FHM-K] | X53: — | Y53: — | Z53: — | AA53: P060152|I | AB53: registered — initial release, issued 03.06.2026
A54: 53 | B54: iCoA-PP_26-053 | C54: yes | D54: =IF(A54="","",IF(ISNUMBER(E54),MAX(DATE(2026,6,3),E54),DATE(2026,6,3))) | E54: =IFERROR(INDEX('Batch Dates'!$F:$F,MATCH(J54,'Batch Dates'!$C:$C,0)),IFERROR(INDEX('Batch Dates'!$F:$F,MATCH(I54,'Batch Dates'!$B:$B,0)),"")) | F54: =IFERROR(INDEX('Batch Dates'!$G:$G,MATCH(J54,'Batch Dates'!$C:$C,0)),IFERROR(INDEX('Batch Dates'!$G:$G,MATCH(I54,'Batch Dates'!$B:$B,0)),"")) | G54: legacy | H54: initial release | I54: SJ102501 | J54: P060162 | K54: Sleepy Joy | L54: Ident A + Ident B + Foreign matter | M54: — | N54: =IFERROR(INDEX('CoQ Register'!$B:$B,MATCH("P060162|I",'CoQ Register'!$S:$S,0)),"—") | O54: — | P54: 04.03.2026 | Q54: 20.01.2026 | R54: 09.03.2026 (the issuance plan's basis: 04.03.2026) | S54: =IFERROR(INDEX('CoQ Register'!$D:$D,MATCH("P060162|I",'CoQ Register'!$S:$S,0)),"") | T54: Conforms | U54: Conforms | V54: Conforms | W54: 051-3-K-26, (04.03.2026) [FHM-K] | X54: — | Y54: — | Z54: — | AA54: P060162|I | AB54: registered — initial release, issued 03.06.2026
A55: 54 | B55: iCoA-PP_26-054 | C55: yes | D55: =IF(A55="","",IF(ISNUMBER(E55),MAX(DATE(2026,6,3),E55),DATE(2026,6,3))) | E55: =IFERROR(INDEX('Batch Dates'!$F:$F,MATCH(J55,'Batch Dates'!$C:$C,0)),IFERROR(INDEX('Batch Dates'!$F:$F,MATCH(I55,'Batch Dates'!$B:$B,0)),"")) | F55: =IFERROR(INDEX('Batch Dates'!$G:$G,MATCH(J55,'Batch Dates'!$C:$C,0)),IFERROR(INDEX('Batch Dates'!$G:$G,MATCH(I55,'Batch Dates'!$B:$B,0)),"")) | G55: legacy | H55: initial release | I55: KC102501 | J55: P060172 | K55: Kush Crasher | L55: Ident A + Ident B + Foreign matter | M55: — | N55: =IFERROR(INDEX('CoQ Register'!$B:$B,MATCH("P060172|I",'CoQ Register'!$S:$S,0)),"—") | O55: iCoA-PP-2026-0013 | P55: 12.03.2026 | Q55: 20.01.2026 – 21.01.2026 | R55: 12.03.2026 | S55: =IFERROR(INDEX('CoQ Register'!$D:$D,MATCH("P060172|I",'CoQ Register'!$S:$S,0)),"") | T55: Conforms | U55: Conforms | V55: Conforms | W55: 051-4-K-26, (04.03.2026) [FHM-K] | X55: — | Y55: — | Z55: — | AA55: P060172|I | AB55: registered — initial release, issued 03.06.2026
A56: 55 | B56: iCoA-PP_26-055 | C56: yes | D56: =IF(A56="","",IF(ISNUMBER(E56),MAX(DATE(2026,6,3),E56),DATE(2026,6,3))) | E56: =IFERROR(INDEX('Batch Dates'!$F:$F,MATCH(J56,'Batch Dates'!$C:$C,0)),IFERROR(INDEX('Batch Dates'!$F:$F,MATCH(I56,'Batch Dates'!$B:$B,0)),"")) | F56: =IFERROR(INDEX('Batch Dates'!$G:$G,MATCH(J56,'Batch Dates'!$C:$C,0)),IFERROR(INDEX('Batch Dates'!$G:$G,MATCH(I56,'Batch Dates'!$B:$B,0)),"")) | G56: legacy | H56: initial release | I56: GRC102501 | J56: P060182 | K56: Graps & Creme | L56: Ident A + Ident B + Foreign matter | M56: — | N56: =IFERROR(INDEX('CoQ Register'!$B:$B,MATCH("P060182|I",'CoQ Register'!$S:$S,0)),"—") | O56: iCoA-PP-2026-0014 | P56: 14.03.2026 | Q56: 20.01.2026 | R56: 14.03.2026 | S56: =IFERROR(INDEX('CoQ Register'!$D:$D,MATCH("P060182|I",'CoQ Register'!$S:$S,0)),"") | T56: Conforms | U56: Conforms | V56: Conforms | W56: 051-6-K-26, (04.03.2026) [FHM-K] | X56: — | Y56: — | Z56: — | AA56: P060182|I | AB56: registered — initial release, issued 03.06.2026
A57: 56 | B57: iCoA-PP_26-056 | C57: yes | D57: =IF(A57="","",IF(ISNUMBER(E57),MAX(DATE(2026,6,3),E57),DATE(2026,6,3))) | E57: =IFERROR(INDEX('Batch Dates'!$F:$F,MATCH(J57,'Batch Dates'!$C:$C,0)),IFERROR(INDEX('Batch Dates'!$F:$F,MATCH(I57,'Batch Dates'!$B:$B,0)),"")) | F57: =IFERROR(INDEX('Batch Dates'!$G:$G,MATCH(J57,'Batch Dates'!$C:$C,0)),IFERROR(INDEX('Batch Dates'!$G:$G,MATCH(I57,'Batch Dates'!$B:$B,0)),"")) | G57: legacy | H57: initial release | I57: SJ112501 | J57: P060192 | K57: Sleepy Joy | L57: Ident A + Ident B + Foreign matter | M57: — | N57: =IFERROR(INDEX('CoQ Register'!$B:$B,MATCH("P060192|I",'CoQ Register'!$S:$S,0)),"—") | O57: — | P57: 04.03.2026 | Q57: 26.01.2026 – 27.01.2026 | R57: 31.03.2026 (the issuance plan's basis: 04.03.2026) | S57: =IFERROR(INDEX('CoQ Register'!$D:$D,MATCH("P060192|I",'CoQ Register'!$S:$S,0)),"") | T57: Conforms | U57: Conforms | V57: Conforms | W57: 051-2-K-26, (04.03.2026) [FHM-K] | X57: — | Y57: — | Z57: — | AA57: P060192|I | AB57: registered — initial release, issued 03.06.2026
A58: 57 | B58: iCoA-PP_26-057 | C58: yes | D58: =IF(A58="","",IF(ISNUMBER(E58),MAX(DATE(2026,6,3),E58),DATE(2026,6,3))) | E58: =IFERROR(INDEX('Batch Dates'!$F:$F,MATCH(J58,'Batch Dates'!$C:$C,0)),IFERROR(INDEX('Batch Dates'!$F:$F,MATCH(I58,'Batch Dates'!$B:$B,0)),"")) | F58: =IFERROR(INDEX('Batch Dates'!$G:$G,MATCH(J58,'Batch Dates'!$C:$C,0)),IFERROR(INDEX('Batch Dates'!$G:$G,MATCH(I58,'Batch Dates'!$B:$B,0)),"")) | G58: legacy | H58: initial release | I58: J31112501 | J58: P060202 | K58: Jokerz 31 | L58: Ident A + Ident B + Foreign matter | M58: — | N58: =IFERROR(INDEX('CoQ Register'!$B:$B,MATCH("P060202|I",'CoQ Register'!$S:$S,0)),"—") | O58: — | P58: 09.04.2026 | Q58: 26.01.2026 | R58: 17.04.2026 (the issuance plan's basis: 09.04.2026) | S58: =IFERROR(INDEX('CoQ Register'!$D:$D,MATCH("P060202|I",'CoQ Register'!$S:$S,0)),"") | T58: Conforms | U58: Conforms | V58: Conforms | W58: 051-5-K-26, (04.03.2026) [FHM-K] | X58: — | Y58: — | Z58: — | AA58: P060202|I | AB58: registered — initial release, issued 03.06.2026
A59: 58 | B59: iCoA-PP_26-058 | C59: yes | D59: =IF(A59="","",IF(ISNUMBER(E59),MAX(DATE(2026,6,3),E59),DATE(2026,6,3))) | E59: =IFERROR(INDEX('Batch Dates'!$F:$F,MATCH(J59,'Batch Dates'!$C:$C,0)),IFERROR(INDEX('Batch Dates'!$F:$F,MATCH(I59,'Batch Dates'!$B:$B,0)),"")) | F59: =IFERROR(INDEX('Batch Dates'!$G:$G,MATCH(J59,'Batch Dates'!$C:$C,0)),IFERROR(INDEX('Batch Dates'!$G:$G,MATCH(I59,'Batch Dates'!$B:$B,0)),"")) | G59: legacy | H59: initial release | I59: JD112501 | J59: P060212 | K59: Jelly Donutz | L59: Ident A + Ident B + Foreign matter | M59: — | N59: =IFERROR(INDEX('CoQ Register'!$B:$B,MATCH("P060212|I",'CoQ Register'!$S:$S,0)),"—") | O59: iCoA-PP-2026-0015 | P59: 21.04.2026 | Q59: 25.03.2026 | R59: 21.04.2026 | S59: =IFERROR(INDEX('CoQ Register'!$D:$D,MATCH("P060212|I",'CoQ Register'!$S:$S,0)),"") | T59: Conforms | U59: Conforms | V59: Conforms | W59: ППК26063, (11.05.2026) [CNP] | X59: — | Y59: — | Z59: — | AA59: P060212|I | AB59: registered — initial release, issued 03.06.2026
A60: 59 | B60: iCoA-PP_26-059 | C60: yes | D60: =IF(A60="","",IF(ISNUMBER(E60),MAX(DATE(2026,6,3),E60),DATE(2026,6,3))) | E60: =IFERROR(INDEX('Batch Dates'!$F:$F,MATCH(J60,'Batch Dates'!$C:$C,0)),IFERROR(INDEX('Batch Dates'!$F:$F,MATCH(I60,'Batch Dates'!$B:$B,0)),"")) | F60: =IFERROR(INDEX('Batch Dates'!$G:$G,MATCH(J60,'Batch Dates'!$C:$C,0)),IFERROR(INDEX('Batch Dates'!$G:$G,MATCH(I60,'Batch Dates'!$B:$B,0)),"")) | G60: legacy | H60: initial release | I60: OPM112501 | J60: P060222 | K60: Orange Punch Mimosa | L60: Ident A + Ident B + Foreign matter | M60: — | N60: =IFERROR(INDEX('CoQ Register'!$B:$B,MATCH("P060222|I",'CoQ Register'!$S:$S,0)),"—") | O60: — | P60: 05.03.2026 | Q60: 05.02.2026 | R60: 24.04.2026 (the issuance plan's basis: 05.03.2026) | S60: =IFERROR(INDEX('CoQ Register'!$D:$D,MATCH("P060222|I",'CoQ Register'!$S:$S,0)),"") | T60: Conforms | U60: Conforms | V60: Conforms | W60: ППК26031, (05.03.2026) [CNP] | X60: — | Y60: — | Z60: — | AA60: P060222|I | AB60: registered — initial release, issued 03.06.2026
A61: 60 | B61: iCoA-PP_26-060 | C61: yes | D61: =IF(A61="","",IF(ISNUMBER(E61),MAX(DATE(2026,6,3),E61),DATE(2026,6,3))) | E61: =IFERROR(INDEX('Batch Dates'!$F:$F,MATCH(J61,'Batch Dates'!$C:$C,0)),IFERROR(INDEX('Batch Dates'!$F:$F,MATCH(I61,'Batch Dates'!$B:$B,0)),"")) | F61: =IFERROR(INDEX('Batch Dates'!$G:$G,MATCH(J61,'Batch Dates'!$C:$C,0)),IFERROR(INDEX('Batch Dates'!$G:$G,MATCH(I61,'Batch Dates'!$B:$B,0)),"")) | G61: legacy | H61: initial release | I61: PM112501 | J61: P060232 | K61: Permanent Market | L61: Ident A + Ident B + Foreign matter | M61: — | N61: =IFERROR(INDEX('CoQ Register'!$B:$B,MATCH("P060232|I",'CoQ Register'!$S:$S,0)),"—") | O61: iCoA-PP-2026-0016 | P61: 27.04.2026 | Q61: 05.02.2026 | R61: 27.04.2026 | S61: =IFERROR(INDEX('CoQ Register'!$D:$D,MATCH("P060232|I",'CoQ Register'!$S:$S,0)),"") | T61: Conforms | U61: Conforms | V61: Conforms | W61: ППК26030, (05.03.2026) [CNP] | X61: — | Y61: — | Z61: — | AA61: P060232|I | AB61: registered — initial release, issued 03.06.2026
A62: 61 | B62: iCoA-PP_26-061 | C62: yes | D62: =IF(A62="","",IF(ISNUMBER(E62),MAX(DATE(2026,6,3),E62),DATE(2026,6,3))) | E62: =IFERROR(INDEX('Batch Dates'!$F:$F,MATCH(J62,'Batch Dates'!$C:$C,0)),IFERROR(INDEX('Batch Dates'!$F:$F,MATCH(I62,'Batch Dates'!$B:$B,0)),"")) | F62: =IFERROR(INDEX('Batch Dates'!$G:$G,MATCH(J62,'Batch Dates'!$C:$C,0)),IFERROR(INDEX('Batch Dates'!$G:$G,MATCH(I62,'Batch Dates'!$B:$B,0)),"")) | G62: legacy | H62: initial release | I62: OPM122501 | J62: P060242 | K62: Orange Punch Mimosa | L62: Ident A + Ident B + Foreign matter | M62: — | N62: =IFERROR(INDEX('CoQ Register'!$B:$B,MATCH("P060242|I",'CoQ Register'!$S:$S,0)),"—") | O62: iCoA-PP-2026-0017 | P62: 28.04.2026 | Q62: 11.03.2026 | R62: 28.04.2026 | S62: =IFERROR(INDEX('CoQ Register'!$D:$D,MATCH("P060242|I",'CoQ Register'!$S:$S,0)),"") | T62: Conforms | U62: Conforms | V62: Conforms | W62: 100-4-K-26, (09.04.2026) [FHM-K] | X62: — | Y62: — | Z62: — | AA62: P060242|I | AB62: registered — initial release, issued 03.06.2026
A63: 62 | B63: iCoA-PP_26-062 | C63: yes | D63: =IF(A63="","",IF(ISNUMBER(E63),MAX(DATE(2026,6,3),E63),DATE(2026,6,3))) | E63: =IFERROR(INDEX('Batch Dates'!$F:$F,MATCH(J63,'Batch Dates'!$C:$C,0)),IFERROR(INDEX('Batch Dates'!$F:$F,MATCH(I63,'Batch Dates'!$B:$B,0)),"")) | F63: =IFERROR(INDEX('Batch Dates'!$G:$G,MATCH(J63,'Batch Dates'!$C:$C,0)),IFERROR(INDEX('Batch Dates'!$G:$G,MATCH(I63,'Batch Dates'!$B:$B,0)),"")) | G63: legacy | H63: initial release | I63: GG112501 | J63: P060252 | K63: Gorilla Glue | L63: Ident A + Ident B + Foreign matter | M63: — | N63: =IFERROR(INDEX('CoQ Register'!$B:$B,MATCH("P060252|I",'CoQ Register'!$S:$S,0)),"—") | O63: — | P63: 11.05.2026 | Q63: 25.03.2026 | R63: 05.05.2026 (the issuance plan's basis: 11.05.2026) | S63: =IFERROR(INDEX('CoQ Register'!$D:$D,MATCH("P060252|I",'CoQ Register'!$S:$S,0)),"") | T63: Conforms | U63: Conforms | V63: Conforms | W63: ППК26061, (11.05.2026) [CNP] | X63: — | Y63: — | Z63: — | AA63: P060252|I | AB63: registered — initial release, issued 03.06.2026
A64: 63 | B64: iCoA-PP_26-063 | C64: yes | D64: 46176 | E64: 46153 | F64: =IFERROR(INDEX('Batch Dates'!$G:$G,MATCH(J64,'Batch Dates'!$C:$C,0)),IFERROR(INDEX('Batch Dates'!$G:$G,MATCH(I64,'Batch Dates'!$B:$B,0)),"")) | G64: legacy | H64: retest 1 | I64: GP062501 | J64: P050202 | K64: Grape Pie | L64: Ident A + Ident B + Foreign matter | M64: — | N64: =IFERROR(INDEX('CoQ Register'!$B:$B,MATCH("P050202|R",'CoQ Register'!$S:$S,0)),"—") | O64: — | P64: 11.05.2027 | Q64: 15.09.2025 – 17.09.2025 | R64: 30.10.2025 – 07.11.2025 (the issuance plan's basis: 11.05.2026) | S64: =IFERROR(INDEX('CoQ Register'!$D:$D,MATCH("P050202|R",'CoQ Register'!$S:$S,0)),"") | T64: Conforms | U64: Conforms | V64: Conforms | W64: 227-18-K-26, (11.09.2026) [FHM-K] | X64: 227-18-K-26, (11.09.2026) [FHM-K] | Y64: — pending — | Z64: #8, #9, #11, #12 from the initial testing | AA64: P050202|R | AB64: registered — retest 1, issued 03.06.2026
A65: 64 | B65: iCoA-PP_26-064 | C65: yes | D65: 46176 | E65: 46153 | F65: =IFERROR(INDEX('Batch Dates'!$G:$G,MATCH(J65,'Batch Dates'!$C:$C,0)),IFERROR(INDEX('Batch Dates'!$G:$G,MATCH(I65,'Batch Dates'!$B:$B,0)),"")) | G65: legacy | H65: retest 3 | I65: GP062501 | J65: P050202 | K65: Grape Pie | L65: Ident A + Ident B + Foreign matter | M65: — | N65: =IFERROR(INDEX('CoQ Register'!$B:$B,MATCH("P050202|R3",'CoQ Register'!$S:$S,0)),"—") | O65: — | P65: 11.05.2027 | Q65: 15.09.2025 – 17.09.2025 | R65: 30.10.2025 – 07.11.2025 (the issuance plan's basis: 11.05.2026) | S65: =IFERROR(INDEX('CoQ Register'!$D:$D,MATCH("P050202|R3",'CoQ Register'!$S:$S,0)),"") | T65: Conforms | U65: Conforms | V65: Conforms | W65: 227-18-K-26, (11.09.2026) [FHM-K] | X65: 227-18-K-26, (11.09.2026) [FHM-K] | Y65: — pending — | Z65: #8, #9, #11, #12 from the initial testing | AA65: P050202|R3 | AB65: registered — retest 3, issued 03.06.2026
A66: 65 | B66: iCoA-PP_26-065 | C66: yes | D66: 46176 | E66: 46153 | F66: =IFERROR(INDEX('Batch Dates'!$G:$G,MATCH(J66,'Batch Dates'!$C:$C,0)),IFERROR(INDEX('Batch Dates'!$G:$G,MATCH(I66,'Batch Dates'!$B:$B,0)),"")) | G66: legacy | H66: retest 4 | I66: GP062501 | J66: P050202 | K66: Grape Pie | L66: Ident A + Ident B + Foreign matter | M66: — | N66: =IFERROR(INDEX('CoQ Register'!$B:$B,MATCH("P050202|R4",'CoQ Register'!$S:$S,0)),"—") | O66: — | P66: 11.05.2027 | Q66: 15.09.2025 – 17.09.2025 | R66: 30.10.2025 – 07.11.2025 (the issuance plan's basis: 11.05.2026) | S66: =IFERROR(INDEX('CoQ Register'!$D:$D,MATCH("P050202|R4",'CoQ Register'!$S:$S,0)),"") | T66: Conforms | U66: Conforms | V66: Conforms | W66: 227-18-K-26, (11.09.2026) [FHM-K] | X66: 227-18-K-26, (11.09.2026) [FHM-K] | Y66: — pending — | Z66: #8, #9, #11, #12 from the initial testing | AA66: P050202|R4 | AB66: registered — retest 4, issued 03.06.2026
A67: 66 | B67: iCoA-PP_26-066 | C67: yes | D67: 46176 | E67: 46153 | F67: =IFERROR(INDEX('Batch Dates'!$G:$G,MATCH(J67,'Batch Dates'!$C:$C,0)),IFERROR(INDEX('Batch Dates'!$G:$G,MATCH(I67,'Batch Dates'!$B:$B,0)),"")) | G67: legacy | H67: retest 3 | I67: GP0824_02 | J67: P050022 | K67: Grape Pie | L67: Ident A + Ident B + Foreign matter | M67: — | N67: =IFERROR(INDEX('CoQ Register'!$B:$B,MATCH("P050022|R3",'CoQ Register'!$S:$S,0)),"—") | O67: — | P67: 03.06.2026 | Q67: 22.04.2025 – 23.04.2025 | R67: 03.06.2025 – 11.06.2025 | S67: =IFERROR(INDEX('CoQ Register'!$D:$D,MATCH("P050022|R3",'CoQ Register'!$S:$S,0)),"") | T67: Conforms | U67: Conforms | V67: Conforms | W67: 197-11-K-26, (07.08.2026) [FHM-K] | X67: 197-11-K-26, (07.08.2026) [FHM-K] | Y67: 197-11-M-26, (10.08.2026) [FHM-M] | Z67: #8, #9, #11, #12 from the initial testing | AA67: P050022|R3 | AB67: registered — retest 3, issued 03.06.2026
A68: 67 | B68: iCoA-PP_26-067 | C68: yes | D68: 46176 | E68: 46153 | F68: =IFERROR(INDEX('Batch Dates'!$G:$G,MATCH(J68,'Batch Dates'!$C:$C,0)),IFERROR(INDEX('Batch Dates'!$G:$G,MATCH(I68,'Batch Dates'!$B:$B,0)),"")) | G68: legacy | H68: retest 4 | I68: GP0824_02 | J68: P050022 | K68: Grape Pie | L68: Ident A + Ident B + Foreign matter | M68: — | N68: =IFERROR(INDEX('CoQ Register'!$B:$B,MATCH("P050022|R4",'CoQ Register'!$S:$S,0)),"—") | O68: — | P68: 03.06.2026 | Q68: 22.04.2025 – 23.04.2025 | R68: 03.06.2025 – 11.06.2025 | S68: =IFERROR(INDEX('CoQ Register'!$D:$D,MATCH("P050022|R4",'CoQ Register'!$S:$S,0)),"") | T68: Conforms | U68: Conforms | V68: Conforms | W68: 197-11-K-26, (07.08.2026) [FHM-K] | X68: 197-11-K-26, (07.08.2026) [FHM-K] | Y68: 197-11-M-26, (10.08.2026) [FHM-M] | Z68: #8, #9, #11, #12 from the initial testing | AA68: P050022|R4 | AB68: registered — retest 4, issued 03.06.2026
A69: 68 | B69: iCoA-PP_26-068 | C69: yes | D69: 46176 | E69: 46153 | F69: =IFERROR(INDEX('Batch Dates'!$G:$G,MATCH(J69,'Batch Dates'!$C:$C,0)),IFERROR(INDEX('Batch Dates'!$G:$G,MATCH(I69,'Batch Dates'!$B:$B,0)),"")) | G69: legacy | H69: retest 1 | I69: GP0824_03 | J69: P050072 | K69: Grape Pie | L69: Ident A + Ident B + Foreign matter | M69: — | N69: =IFERROR(INDEX('CoQ Register'!$B:$B,MATCH("P050072|R",'CoQ Register'!$S:$S,0)),"—") | O69: — | P69: 14.07.2026 | Q69: 09.06.2025 – 10.06.2025 | R69: 14.07.2025 – 17.07.2025 | S69: =IFERROR(INDEX('CoQ Register'!$D:$D,MATCH("P050072|R",'CoQ Register'!$S:$S,0)),"") | T69: Conforms | U69: Conforms | V69: Conforms | W69: 220-11-K-26, (25.08.2026) [FHM-K] | X69: 220-11-K-26, (25.08.2026) [FHM-K] | Y69: 220-11-M-26, (11.09.2026) [FHM-M] | Z69: #8, #9, #11, #12 from the initial testing | AA69: P050072|R | AB69: registered — retest 1, issued 03.06.2026
A70: 69 | B70: iCoA-PP_26-069 | C70: yes | D70: 46176 | E70: 46153 | F70: =IFERROR(INDEX('Batch Dates'!$G:$G,MATCH(J70,'Batch Dates'!$C:$C,0)),IFERROR(INDEX('Batch Dates'!$G:$G,MATCH(I70,'Batch Dates'!$B:$B,0)),"")) | G70: legacy | H70: retest 3 | I70: GP0824_03 | J70: P050072 | K70: Grape Pie | L70: Ident A + Ident B + Foreign matter | M70: — | N70: =IFERROR(INDEX('CoQ Register'!$B:$B,MATCH("P050072|R3",'CoQ Register'!$S:$S,0)),"—") | O70: — | P70: 14.07.2026 | Q70: 09.06.2025 – 10.06.2025 | R70: 14.07.2025 – 17.07.2025 | S70: =IFERROR(INDEX('CoQ Register'!$D:$D,MATCH("P050072|R3",'CoQ Register'!$S:$S,0)),"") | T70: Conforms | U70: Conforms | V70: Conforms | W70: 220-11-K-26, (25.08.2026) [FHM-K] | X70: 220-11-K-26, (25.08.2026) [FHM-K] | Y70: 220-11-M-26, (11.09.2026) [FHM-M] | Z70: #8, #9, #11, #12 from the initial testing | AA70: P050072|R3 | AB70: registered — retest 3, issued 03.06.2026
A71: 70 | B71: iCoA-PP_26-070 | C71: yes | D71: =IF(A71="","",IF(ISNUMBER(E71),MAX(DATE(2026,6,3),E71),DATE(2026,6,3))) | E71: =IFERROR(INDEX('Batch Dates'!$F:$F,MATCH(J71,'Batch Dates'!$C:$C,0)),IFERROR(INDEX('Batch Dates'!$F:$F,MATCH(I71,'Batch Dates'!$B:$B,0)),"")) | F71: =IFERROR(INDEX('Batch Dates'!$G:$G,MATCH(J71,'Batch Dates'!$C:$C,0)),IFERROR(INDEX('Batch Dates'!$G:$G,MATCH(I71,'Batch Dates'!$B:$B,0)),"")) | G71: post-SOP | H71: initial release | I71: J31122501 | J71: P060262 | K71: Jokerz 31 | L71: Ident A + Ident B + Foreign matter | M71: — | N71: =IFERROR(INDEX('CoQ Register'!$B:$B,MATCH("P060262|I",'CoQ Register'!$S:$S,0)),"—") | O71: — | P71: 23.04.2026 | Q71: 04.03.2026 | R71: 14.05.2026 (the issuance plan's basis: 23.04.2026) | S71: =IFERROR(INDEX('CoQ Register'!$D:$D,MATCH("P060262|I",'CoQ Register'!$S:$S,0)),"") | T71: Conforms | U71: Conforms | V71: Conforms | W71: 100-2-K-26, (09.04.2026) [FHM-K] | X71: — | Y71: — | Z71: — | AA71: P060262|I | AB71: registered — initial release, issued 03.06.2026
A72: 71 | B72: iCoA-PP_26-071 | C72: yes | D72: =IF(A72="","",IF(ISNUMBER(E72),MAX(DATE(2026,6,3),E72),DATE(2026,6,3))) | E72: =IFERROR(INDEX('Batch Dates'!$F:$F,MATCH(J72,'Batch Dates'!$C:$C,0)),IFERROR(INDEX('Batch Dates'!$F:$F,MATCH(I72,'Batch Dates'!$B:$B,0)),"")) | F72: =IFERROR(INDEX('Batch Dates'!$G:$G,MATCH(J72,'Batch Dates'!$C:$C,0)),IFERROR(INDEX('Batch Dates'!$G:$G,MATCH(I72,'Batch Dates'!$B:$B,0)),"")) | G72: post-SOP | H72: initial release | I72: CC112501 | J72: P060272 | K72: Cash Cow | L72: Ident A + Ident B + Foreign matter | M72: — | N72: =IFERROR(INDEX('CoQ Register'!$B:$B,MATCH("P060272|I",'CoQ Register'!$S:$S,0)),"—") | O72: — | P72: 11.05.2026 | Q72: 25.03.2026 | R72: 18.05.2026 (the issuance plan's basis: 11.05.2026) | S72: =IFERROR(INDEX('CoQ Register'!$D:$D,MATCH("P060272|I",'CoQ Register'!$S:$S,0)),"") | T72: Conforms | U72: Conforms | V72: Conforms | W72: ППК26068, (11.05.2026) [CNP] | X72: — | Y72: — | Z72: — | AA72: P060272|I | AB72: registered — initial release, issued 03.06.2026
A73: 72 | B73: iCoA-PP_26-072 | C73: yes | D73: =IF(A73="","",IF(ISNUMBER(E73),MAX(DATE(2026,6,3),E73),DATE(2026,6,3))) | E73: =IFERROR(INDEX('Batch Dates'!$F:$F,MATCH(J73,'Batch Dates'!$C:$C,0)),IFERROR(INDEX('Batch Dates'!$F:$F,MATCH(I73,'Batch Dates'!$B:$B,0)),"")) | F73: =IFERROR(INDEX('Batch Dates'!$G:$G,MATCH(J73,'Batch Dates'!$C:$C,0)),IFERROR(INDEX('Batch Dates'!$G:$G,MATCH(I73,'Batch Dates'!$B:$B,0)),"")) | G73: post-SOP | H73: initial release | I73: SCR112501 | J73: P060282 | K73: Scrambler | L73: Ident A + Ident B + Foreign matter | M73: — | N73: =IFERROR(INDEX('CoQ Register'!$B:$B,MATCH("P060282|I",'CoQ Register'!$S:$S,0)),"—") | O73: iCoA-PP-2026-0018 | P73: 18.05.2026 | Q73: 25.03.2026 | R73: 18.05.2026 | S73: =IFERROR(INDEX('CoQ Register'!$D:$D,MATCH("P060282|I",'CoQ Register'!$S:$S,0)),"") | T73: Conforms | U73: Conforms | V73: Conforms | W73: ППК26069, (11.05.2026) [CNP] | X73: — | Y73: — | Z73: — | AA73: P060282|I | AB73: registered — initial release, issued 03.06.2026
A74: 73 | B74: iCoA-PP_26-073 | C74: yes | D74: =IF(A74="","",IF(ISNUMBER(E74),MAX(DATE(2026,6,3),E74),DATE(2026,6,3))) | E74: =IFERROR(INDEX('Batch Dates'!$F:$F,MATCH(J74,'Batch Dates'!$C:$C,0)),IFERROR(INDEX('Batch Dates'!$F:$F,MATCH(I74,'Batch Dates'!$B:$B,0)),"")) | F74: =IFERROR(INDEX('Batch Dates'!$G:$G,MATCH(J74,'Batch Dates'!$C:$C,0)),IFERROR(INDEX('Batch Dates'!$G:$G,MATCH(I74,'Batch Dates'!$B:$B,0)),"")) | G74: post-SOP | H74: initial release | I74: FB112501 | J74: P060292 | K74: Fat Bastard | L74: Ident A + Ident B + Foreign matter | M74: — | N74: =IFERROR(INDEX('CoQ Register'!$B:$B,MATCH("P060292|I",'CoQ Register'!$S:$S,0)),"—") | O74: — | P74: 11.05.2026 | Q74: 25.03.2026 | R74: 19.05.2026 (the issuance plan's basis: 11.05.2026) | S74: =IFERROR(INDEX('CoQ Register'!$D:$D,MATCH("P060292|I",'CoQ Register'!$S:$S,0)),"") | T74: Conforms | U74: Conforms | V74: Conforms | W74: ППК26066, (11.05.2026) [CNP] | X74: — | Y74: — | Z74: — | AA74: P060292|I | AB74: registered — initial release, issued 03.06.2026
A75: 74 | B75: iCoA-PP_26-074 | C75: yes | D75: =IF(A75="","",IF(ISNUMBER(E75),MAX(DATE(2026,6,3),E75),DATE(2026,6,3))) | E75: =IFERROR(INDEX('Batch Dates'!$F:$F,MATCH(J75,'Batch Dates'!$C:$C,0)),IFERROR(INDEX('Batch Dates'!$F:$F,MATCH(I75,'Batch Dates'!$B:$B,0)),"")) | F75: =IFERROR(INDEX('Batch Dates'!$G:$G,MATCH(J75,'Batch Dates'!$C:$C,0)),IFERROR(INDEX('Batch Dates'!$G:$G,MATCH(I75,'Batch Dates'!$B:$B,0)),"")) | G75: post-SOP | H75: initial release | I75: GG012601＊ | J75: P060302 | K75: Gorilla Glue | L75: Ident A + Ident B + Foreign matter | M75: — | N75: =IFERROR(INDEX('CoQ Register'!$B:$B,MATCH("P060302|I",'CoQ Register'!$S:$S,0)),"—") | O75: — | P75: 11.05.2026 | Q75: 27.03.2026 | R75: 20.05.2026 (the issuance plan's basis: 11.05.2026) | S75: =IFERROR(INDEX('CoQ Register'!$D:$D,MATCH("P060302|I",'CoQ Register'!$S:$S,0)),"") | T75: Conforms | U75: Conforms | V75: Conforms | W75: ППК26062, (11.05.2026) [CNP] | X75: — | Y75: — | Z75: — | AA75: P060302|I | AB75: registered — initial release, issued 03.06.2026
A76: 75 | B76: iCoA-PP_26-075 | C76: yes | D76: =IF(A76="","",IF(ISNUMBER(E76),MAX(DATE(2026,6,3),E76),DATE(2026,6,3))) | E76: =IFERROR(INDEX('Batch Dates'!$F:$F,MATCH(J76,'Batch Dates'!$C:$C,0)),IFERROR(INDEX('Batch Dates'!$F:$F,MATCH(I76,'Batch Dates'!$B:$B,0)),"")) | F76: =IFERROR(INDEX('Batch Dates'!$G:$G,MATCH(J76,'Batch Dates'!$C:$C,0)),IFERROR(INDEX('Batch Dates'!$G:$G,MATCH(I76,'Batch Dates'!$B:$B,0)),"")) | G76: post-SOP | H76: initial release | I76: JD012601＊ | J76: P060312 | K76: Jelly Donutz | L76: Ident A + Ident B + Foreign matter | M76: — | N76: =IFERROR(INDEX('CoQ Register'!$B:$B,MATCH("P060312|I",'CoQ Register'!$S:$S,0)),"—") | O76: — | P76: 11.05.2026 | Q76: 27.03.2026 | R76: 21.05.2026 (the issuance plan's basis: 11.05.2026) | S76: =IFERROR(INDEX('CoQ Register'!$D:$D,MATCH("P060312|I",'CoQ Register'!$S:$S,0)),"") | T76: Conforms | U76: Conforms | V76: Conforms | W76: ППК26064, (11.05.2026) [CNP] | X76: — | Y76: — | Z76: — | AA76: P060312|I | AB76: registered — initial release, issued 03.06.2026
A77: 76 | B77: iCoA-PP_26-076 | C77: yes | D77: =IF(A77="","",IF(ISNUMBER(E77),MAX(DATE(2026,6,3),E77),DATE(2026,6,3))) | E77: =IFERROR(INDEX('Batch Dates'!$F:$F,MATCH(J77,'Batch Dates'!$C:$C,0)),IFERROR(INDEX('Batch Dates'!$F:$F,MATCH(I77,'Batch Dates'!$B:$B,0)),"")) | F77: =IFERROR(INDEX('Batch Dates'!$G:$G,MATCH(J77,'Batch Dates'!$C:$C,0)),IFERROR(INDEX('Batch Dates'!$G:$G,MATCH(I77,'Batch Dates'!$B:$B,0)),"")) | G77: post-SOP | H77: initial release | I77: FB012601_1 | J77: P060322 | K77: Fat Bastard | L77: Ident A + Ident B + Foreign matter | M77: — | N77: =IFERROR(INDEX('CoQ Register'!$B:$B,MATCH("P060322|I",'CoQ Register'!$S:$S,0)),"—") | O77: iCoA-PP-2026-0019 | P77: 22.05.2026 | Q77: 27.03.2026 | R77: 22.05.2026 | S77: =IFERROR(INDEX('CoQ Register'!$D:$D,MATCH("P060322|I",'CoQ Register'!$S:$S,0)),"") | T77: Conforms | U77: Conforms | V77: Conforms | W77: ППК26067, (11.05.2026) [CNP] | X77: — | Y77: — | Z77: — | AA77: P060322|I | AB77: registered — initial release, issued 03.06.2026
A78: 77 | B78: iCoA-PP_26-077 | C78: yes | D78: =IF(A78="","",IF(ISNUMBER(E78),MAX(DATE(2026,6,3),E78),DATE(2026,6,3))) | E78: =IFERROR(INDEX('Batch Dates'!$F:$F,MATCH(J78,'Batch Dates'!$C:$C,0)),IFERROR(INDEX('Batch Dates'!$F:$F,MATCH(I78,'Batch Dates'!$B:$B,0)),"")) | F78: =IFERROR(INDEX('Batch Dates'!$G:$G,MATCH(J78,'Batch Dates'!$C:$C,0)),IFERROR(INDEX('Batch Dates'!$G:$G,MATCH(I78,'Batch Dates'!$B:$B,0)),"")) | G78: post-SOP | H78: initial release | I78: CC012601/1 | J78: P060332 | K78: Cash Cow | L78: Ident A + Ident B + Foreign matter | M78: — | N78: =IFERROR(INDEX('CoQ Register'!$B:$B,MATCH("P060332|I",'CoQ Register'!$S:$S,0)),"—") | O78: — | P78: 10.08.2026 | Q78: 16.04.2026 | R78: 22.05.2026 (the issuance plan's basis: 10.08.2026) | S78: =IFERROR(INDEX('CoQ Register'!$D:$D,MATCH("P060332|I",'CoQ Register'!$S:$S,0)),"") | T78: Conforms | U78: Conforms | V78: Conforms | W78: — no cannabinoid certificate from the initial testing — | X78: — | Y78: — | Z78: — | AA78: P060332|I | AB78: registered — initial release, issued 03.06.2026
A79: 78 | B79: iCoA-PP_26-078 | C79: yes | D79: =IF(A79="","",IF(ISNUMBER(E79),MAX(DATE(2026,6,3),E79),DATE(2026,6,3))) | E79: =IFERROR(INDEX('Batch Dates'!$F:$F,MATCH(J79,'Batch Dates'!$C:$C,0)),IFERROR(INDEX('Batch Dates'!$F:$F,MATCH(I79,'Batch Dates'!$B:$B,0)),"")) | F79: =IFERROR(INDEX('Batch Dates'!$G:$G,MATCH(J79,'Batch Dates'!$C:$C,0)),IFERROR(INDEX('Batch Dates'!$G:$G,MATCH(I79,'Batch Dates'!$B:$B,0)),"")) | G79: post-SOP | H79: initial release | I79: FB012603V | J79: P060392 | K79: Fat Bastard | L79: Ident A + Ident B + Foreign matter | M79: A: ППК26110 / B: ППК26110 / FM: ППК26110 | N79: =IFERROR(INDEX('CoQ Register'!$B:$B,MATCH("P060392|I",'CoQ Register'!$S:$S,0)),"—") | O79: — | P79: 30.06.2026 | Q79: 29.04.2026 | R79: 23.05.2026 (the issuance plan's basis: 30.06.2026) | S79: =IFERROR(INDEX('CoQ Register'!$D:$D,MATCH("P060392|I",'CoQ Register'!$S:$S,0)),"") | T79: CNP ППК26110 | U79: CNP ППК26110 | V79: CNP ППК26110 | W79: ППК26110, (30.06.2026) [CNP] | X79: — | Y79: — | Z79: — | AA79: P060392|I | AB79: registered — initial release, issued 03.06.2026
A80: 79 | B80: iCoA-PP_26-079 | C80: yes | D80: =IF(A80="","",IF(ISNUMBER(E80),MAX(DATE(2026,6,3),E80),DATE(2026,6,3))) | E80: =IFERROR(INDEX('Batch Dates'!$F:$F,MATCH(J80,'Batch Dates'!$C:$C,0)),IFERROR(INDEX('Batch Dates'!$F:$F,MATCH(I80,'Batch Dates'!$B:$B,0)),"")) | F80: =IFERROR(INDEX('Batch Dates'!$G:$G,MATCH(J80,'Batch Dates'!$C:$C,0)),IFERROR(INDEX('Batch Dates'!$G:$G,MATCH(I80,'Batch Dates'!$B:$B,0)),"")) | G80: post-SOP | H80: initial release | I80: JD012603 | J80: P060422 | K80: Jelly Donutz | L80: Ident A + Ident B + Foreign matter | M80: A: ППК26111 / B: ППК26111 / FM: ППК26111 | N80: =IFERROR(INDEX('CoQ Register'!$B:$B,MATCH("P060422|I",'CoQ Register'!$S:$S,0)),"—") | O80: iCoA-PP-2026-0022 | P80: 23.05.2026 | Q80: 29.04.2026 | R80: 23.05.2026 | S80: =IFERROR(INDEX('CoQ Register'!$D:$D,MATCH("P060422|I",'CoQ Register'!$S:$S,0)),"") | T80: CNP ППК26111 | U80: CNP ППК26111 | V80: CNP ППК26111 | W80: ППК26111, (30.06.2026) [CNP] | X80: — | Y80: — | Z80: — | AA80: P060422|I | AB80: registered — initial release, issued 03.06.2026
A81: 80 | B81: iCoA-PP_26-080 | C81: yes | D81: =IF(A81="","",IF(ISNUMBER(E81),MAX(DATE(2026,6,3),E81),DATE(2026,6,3))) | E81: =IFERROR(INDEX('Batch Dates'!$F:$F,MATCH(J81,'Batch Dates'!$C:$C,0)),IFERROR(INDEX('Batch Dates'!$F:$F,MATCH(I81,'Batch Dates'!$B:$B,0)),"")) | F81: =IFERROR(INDEX('Batch Dates'!$G:$G,MATCH(J81,'Batch Dates'!$C:$C,0)),IFERROR(INDEX('Batch Dates'!$G:$G,MATCH(I81,'Batch Dates'!$B:$B,0)),"")) | G81: post-SOP | H81: initial release | I81: JD012603 | J81: P060362 | K81: Jelly Donutz | L81: Ident A + Ident B + Foreign matter | M81: A: ППК26111 / B: ППК26111 / FM: ППК26111 | N81: =IFERROR(INDEX('CoQ Register'!$B:$B,MATCH("P060362|I",'CoQ Register'!$S:$S,0)),"—") | O81: iCoA-PP-2026-0020 | P81: 23.05.2026 | Q81: 22.04.2026 | R81: 23.05.2026 | S81: =IFERROR(INDEX('CoQ Register'!$D:$D,MATCH("P060362|I",'CoQ Register'!$S:$S,0)),"") | T81: CNP ППК26111 | U81: CNP ППК26111 | V81: CNP ППК26111 | W81: — no cannabinoid certificate from the initial testing — | X81: — | Y81: — | Z81: — | AA81: P060362|I | AB81: registered — initial release, issued 03.06.2026
A82: 81 | B82: iCoA-PP_26-081 | C82: yes | D82: =IF(A82="","",IF(ISNUMBER(E82),MAX(DATE(2026,6,3),E82),DATE(2026,6,3))) | E82: =IFERROR(INDEX('Batch Dates'!$F:$F,MATCH(J82,'Batch Dates'!$C:$C,0)),IFERROR(INDEX('Batch Dates'!$F:$F,MATCH(I82,'Batch Dates'!$B:$B,0)),"")) | F82: =IFERROR(INDEX('Batch Dates'!$G:$G,MATCH(J82,'Batch Dates'!$C:$C,0)),IFERROR(INDEX('Batch Dates'!$G:$G,MATCH(I82,'Batch Dates'!$B:$B,0)),"")) | G82: post-SOP | H82: initial release | I82: FB012602* | J82: P060352 | K82: Fat Bastard | L82: Ident A + Ident B + Foreign matter | M82: — | N82: =IFERROR(INDEX('CoQ Register'!$B:$B,MATCH("P060352|I",'CoQ Register'!$S:$S,0)),"—") | O82: iCoA-PP-2026-0021 | P82: 23.05.2026 | Q82: 16.04.2026 | R82: 23.05.2026 | S82: =IFERROR(INDEX('CoQ Register'!$D:$D,MATCH("P060352|I",'CoQ Register'!$S:$S,0)),"") | T82: Conforms | U82: Conforms | V82: Conforms | W82: — no cannabinoid certificate from the initial testing — | X82: — | Y82: — | Z82: — | AA82: P060352|I | AB82: registered — initial release, issued 03.06.2026
A83: 82 | B83: iCoA-PP_26-082 | C83: yes | D83: =IF(A83="","",IF(ISNUMBER(E83),MAX(DATE(2026,6,3),E83),DATE(2026,6,3))) | E83: =IFERROR(INDEX('Batch Dates'!$F:$F,MATCH(J83,'Batch Dates'!$C:$C,0)),IFERROR(INDEX('Batch Dates'!$F:$F,MATCH(I83,'Batch Dates'!$B:$B,0)),"")) | F83: =IFERROR(INDEX('Batch Dates'!$G:$G,MATCH(J83,'Batch Dates'!$C:$C,0)),IFERROR(INDEX('Batch Dates'!$G:$G,MATCH(I83,'Batch Dates'!$B:$B,0)),"")) | G83: post-SOP | H83: initial release | I83: CC012603 | J83: P060372 | K83: Cash Cow | L83: Ident A + Ident B + Foreign matter | M83: — | N83: =IFERROR(INDEX('CoQ Register'!$B:$B,MATCH("P060372|I",'CoQ Register'!$S:$S,0)),"—") | O83: iCoA-PP-2026-0024 | P83: 24.05.2026 | Q83: 22.04.2026 | R83: 24.05.2026 | S83: =IFERROR(INDEX('CoQ Register'!$D:$D,MATCH("P060372|I",'CoQ Register'!$S:$S,0)),"") | T83: Conforms | U83: Conforms | V83: Conforms | W83: — no cannabinoid certificate from the initial testing — | X83: — | Y83: — | Z83: — | AA83: P060372|I | AB83: registered — initial release, issued 03.06.2026
A84: 83 | B84: iCoA-PP_26-083 | C84: yes | D84: =IF(A84="","",IF(ISNUMBER(E84),MAX(DATE(2026,6,3),E84),DATE(2026,6,3))) | E84: =IFERROR(INDEX('Batch Dates'!$F:$F,MATCH(J84,'Batch Dates'!$C:$C,0)),IFERROR(INDEX('Batch Dates'!$F:$F,MATCH(I84,'Batch Dates'!$B:$B,0)),"")) | F84: =IFERROR(INDEX('Batch Dates'!$G:$G,MATCH(J84,'Batch Dates'!$C:$C,0)),IFERROR(INDEX('Batch Dates'!$G:$G,MATCH(I84,'Batch Dates'!$B:$B,0)),"")) | G84: post-SOP | H84: initial release | I84: GG012603 | J84: P060402 | K84: Gorilla Glue | L84: Ident A + Ident B + Foreign matter | M84: A: ППК26114 / B: ППК26114 / FM: ППК26114 | N84: =IFERROR(INDEX('CoQ Register'!$B:$B,MATCH("P060402|I",'CoQ Register'!$S:$S,0)),"—") | O84: iCoA-PP-2026-0023 | P84: 24.05.2026 | Q84: 04.05.2026 | R84: 24.05.2026 | S84: =IFERROR(INDEX('CoQ Register'!$D:$D,MATCH("P060402|I",'CoQ Register'!$S:$S,0)),"") | T84: CNP ППК26114 | U84: CNP ППК26114 | V84: CNP ППК26114 | W84: ППК26114, (30.06.2026) [CNP] | X84: — | Y84: — | Z84: — | AA84: P060402|I | AB84: registered — initial release, issued 03.06.2026
A85: 84 | B85: iCoA-PP_26-084 | C85: yes | D85: =IF(A85="","",IF(ISNUMBER(E85),MAX(DATE(2026,6,3),E85),DATE(2026,6,3))) | E85: =IFERROR(INDEX('Batch Dates'!$F:$F,MATCH(J85,'Batch Dates'!$C:$C,0)),IFERROR(INDEX('Batch Dates'!$F:$F,MATCH(I85,'Batch Dates'!$B:$B,0)),"")) | F85: =IFERROR(INDEX('Batch Dates'!$G:$G,MATCH(J85,'Batch Dates'!$C:$C,0)),IFERROR(INDEX('Batch Dates'!$G:$G,MATCH(I85,'Batch Dates'!$B:$B,0)),"")) | G85: post-SOP | H85: initial release | I85: JD012603 | J85: P060412 | K85: Jelly Donutz | L85: Ident A + Ident B + Foreign matter | M85: A: ППК26111 / B: ППК26111 / FM: ППК26111 | N85: =IFERROR(INDEX('CoQ Register'!$B:$B,MATCH("P060412|I",'CoQ Register'!$S:$S,0)),"—") | O85: iCoA-PP-2026-0025 | P85: 24.05.2026 | Q85: 04.05.2026 | R85: 24.05.2026 | S85: =IFERROR(INDEX('CoQ Register'!$D:$D,MATCH("P060412|I",'CoQ Register'!$S:$S,0)),"") | T85: CNP ППК26111 | U85: CNP ППК26111 | V85: CNP ППК26111 | W85: ППК26113, (30.06.2026) [CNP] | X85: — | Y85: — | Z85: — | AA85: P060412|I | AB85: registered — initial release, issued 03.06.2026
A86: 85 | B86: iCoA-PP_26-085 | C86: yes | D86: =IF(A86="","",IF(ISNUMBER(E86),MAX(DATE(2026,6,3),E86),DATE(2026,6,3))) | E86: =IFERROR(INDEX('Batch Dates'!$F:$F,MATCH(J86,'Batch Dates'!$C:$C,0)),IFERROR(INDEX('Batch Dates'!$F:$F,MATCH(I86,'Batch Dates'!$B:$B,0)),"")) | F86: =IFERROR(INDEX('Batch Dates'!$G:$G,MATCH(J86,'Batch Dates'!$C:$C,0)),IFERROR(INDEX('Batch Dates'!$G:$G,MATCH(I86,'Batch Dates'!$B:$B,0)),"")) | G86: post-SOP | H86: initial release | I86: SCR012603 | J86: P060382 | K86: Scrambler | L86: Ident A + Ident B + Foreign matter | M86: — | N86: =IFERROR(INDEX('CoQ Register'!$B:$B,MATCH("P060382|I",'CoQ Register'!$S:$S,0)),"—") | O86: iCoA-PP-2026-0026 | P86: 25.05.2026 | Q86: 22.04.2026 | R86: 25.05.2026 | S86: =IFERROR(INDEX('CoQ Register'!$D:$D,MATCH("P060382|I",'CoQ Register'!$S:$S,0)),"") | T86: Conforms | U86: Conforms | V86: Conforms | W86: — no cannabinoid certificate from the initial testing — | X86: — | Y86: — | Z86: — | AA86: P060382|I | AB86: registered — initial release, issued 03.06.2026
A87: 86 | B87: iCoA-PP_26-086 | C87: yes | D87: =IF(A87="","",IF(ISNUMBER(E87),MAX(DATE(2026,6,3),E87),DATE(2026,6,3))) | E87: =IFERROR(INDEX('Batch Dates'!$F:$F,MATCH(J87,'Batch Dates'!$C:$C,0)),IFERROR(INDEX('Batch Dates'!$F:$F,MATCH(I87,'Batch Dates'!$B:$B,0)),"")) | F87: =IFERROR(INDEX('Batch Dates'!$G:$G,MATCH(J87,'Batch Dates'!$C:$C,0)),IFERROR(INDEX('Batch Dates'!$G:$G,MATCH(I87,'Batch Dates'!$B:$B,0)),"")) | G87: post-SOP | H87: initial release | I87: SCR012601* | J87: P060342 | K87: Scrambler | L87: Ident A + Ident B + Foreign matter | M87: — | N87: =IFERROR(INDEX('CoQ Register'!$B:$B,MATCH("P060342|I",'CoQ Register'!$S:$S,0)),"—") | O87: — | P87: 25.05.2026 | Q87: 16.04.2026 | R87: 25.05.2026 | S87: =IFERROR(INDEX('CoQ Register'!$D:$D,MATCH("P060342|I",'CoQ Register'!$S:$S,0)),"") | T87: Conforms | U87: Conforms | V87: Conforms | W87: — no cannabinoid certificate from the initial testing — | X87: — | Y87: — | Z87: — | AA87: P060342|I | AB87: registered — initial release, issued 03.06.2026
A88: 87 | B88: iCoA-PP_26-087 | C88: yes | D88: 46176 | E88: — not stated — | F88: =IFERROR(INDEX('Batch Dates'!$G:$G,MATCH(J88,'Batch Dates'!$C:$C,0)),IFERROR(INDEX('Batch Dates'!$G:$G,MATCH(I88,'Batch Dates'!$B:$B,0)),"")) | G88: legacy | H88: initial release | I88: BSS1024_01/1 | J88: P050122 | K88: Blue Sunset Sherbet | L88: Ident A + Ident B + Foreign matter | M88: — | N88: =IFERROR(INDEX('CoQ Register'!$B:$B,MATCH("P050122|I",'CoQ Register'!$S:$S,0)),"—") | O88: — | P88: 10.07.2025 | Q88: 04.06.2025 – 05.06.2025 | R88: 01.09.2025 – 09.09.2025 (the issuance plan's basis: 10.07.2025) | S88: =IFERROR(INDEX('CoQ Register'!$D:$D,MATCH("P050122|I",'CoQ Register'!$S:$S,0)),"") | T88: Conforms | U88: Conforms | V88: Conforms | W88: ППК25176, (10.07.2025) [CNP] | X88: — | Y88: — | Z88: — | AA88: P050122|I | AB88: registered — initial release, issued 03.06.2026 · no packaging date on file — testing date not stated (owner, 15.09.2026: certified all the same)
A89: 88 | B89: iCoA-PP_26-088 | C89: yes | D89: 46176 | E89: — not stated — | F89: =IFERROR(INDEX('Batch Dates'!$G:$G,MATCH(J89,'Batch Dates'!$C:$C,0)),IFERROR(INDEX('Batch Dates'!$G:$G,MATCH(I89,'Batch Dates'!$B:$B,0)),"")) | G89: — | H89: initial release | I89: CC042601 | J89: N/A — no P batch assigned | K89: Cash Cow | L89: Ident A + Ident B + Foreign matter | M89: — | N89: =IFERROR(INDEX('CoQ Register'!$B:$B,MATCH("CC042601|I",'CoQ Register'!$S:$S,0)),"—") | O89: — | P89: — | Q89: — not on the list — | R89: — not on the list — | S89: =IFERROR(INDEX('CoQ Register'!$D:$D,MATCH("CC042601|I",'CoQ Register'!$S:$S,0)),"") | T89: Conforms | U89: Conforms | V89: Conforms | W89: — no cannabinoid certificate from the initial testing — | X89: — | Y89: — | Z89: — | AA89: CC042601|I | AB89: registered — initial release, issued 03.06.2026 · no packaging date on file — testing date not stated (owner, 15.09.2026: certified all the same)
A90: 89 | B90: iCoA-PP_26-089 | C90: yes | D90: 46176 | E90: — not stated — | F90: =IFERROR(INDEX('Batch Dates'!$G:$G,MATCH(J90,'Batch Dates'!$C:$C,0)),IFERROR(INDEX('Batch Dates'!$G:$G,MATCH(I90,'Batch Dates'!$B:$B,0)),"")) | G90: — | H90: initial release | I90: FB042601 | J90: N/A — no P batch assigned | K90: Fat Bastard | L90: Ident A + Ident B + Foreign matter | M90: — | N90: =IFERROR(INDEX('CoQ Register'!$B:$B,MATCH("FB042601|I",'CoQ Register'!$S:$S,0)),"—") | O90: — | P90: — | Q90: — not on the list — | R90: — not on the list — | S90: =IFERROR(INDEX('CoQ Register'!$D:$D,MATCH("FB042601|I",'CoQ Register'!$S:$S,0)),"") | T90: Conforms | U90: Conforms | V90: Conforms | W90: — no cannabinoid certificate from the initial testing — | X90: — | Y90: — | Z90: — | AA90: FB042601|I | AB90: registered — initial release, issued 03.06.2026 · no packaging date on file — testing date not stated (owner, 15.09.2026: certified all the same)
A91: 90 | B91: iCoA-PP_26-090 | C91: yes | D91: 46176 | E91: — not stated — | F91: =IFERROR(INDEX('Batch Dates'!$G:$G,MATCH(J91,'Batch Dates'!$C:$C,0)),IFERROR(INDEX('Batch Dates'!$G:$G,MATCH(I91,'Batch Dates'!$B:$B,0)),"")) | G91: legacy | H91: initial release | I91: OMP1024_01 | J91: P050042 | K91: Orange Punch Mimosa | L91: Ident A + Ident B + Foreign matter | M91: — | N91: =IFERROR(INDEX('CoQ Register'!$B:$B,MATCH("P050042|I",'CoQ Register'!$S:$S,0)),"—") | O91: iCoA-PP-2025-0007 | P91: 20.06.2025 | Q91: 26.03.2025 – 27.03.2025 | R91: 20.06.2025 | S91: =IFERROR(INDEX('CoQ Register'!$D:$D,MATCH("P050042|I",'CoQ Register'!$S:$S,0)),"") | T91: Conforms | U91: Conforms | V91: Conforms | W91: ППК25117, (06.05.2025) [CNP] | X91: — | Y91: — | Z91: — | AA91: P050042|I | AB91: registered — initial release, issued 03.06.2026 · no packaging date on file — testing date not stated (owner, 15.09.2026: certified all the same)
A92: 91 | B92: iCoA-PP_26-091 | C92: yes | D92: =IF(A92="","",IF(ISNUMBER(E92),MAX(DATE(2026,6,3),E92),DATE(2026,6,3))) | E92: =IFERROR(INDEX('Batch Dates'!$F:$F,MATCH(J92,'Batch Dates'!$C:$C,0)),IFERROR(INDEX('Batch Dates'!$F:$F,MATCH(I92,'Batch Dates'!$B:$B,0)),"")) | F92: =IFERROR(INDEX('Batch Dates'!$G:$G,MATCH(J92,'Batch Dates'!$C:$C,0)),IFERROR(INDEX('Batch Dates'!$G:$G,MATCH(I92,'Batch Dates'!$B:$B,0)),"")) | G92: post-SOP | H92: initial release | I92: FB012603 | J92: P060432 | K92: Fat Bastard | L92: Ident A + Ident B + Foreign matter | M92: A: ППК26112 / B: ППК26112 / FM: ППК26112 | N92: =IFERROR(INDEX('CoQ Register'!$B:$B,MATCH("P060432|I",'CoQ Register'!$S:$S,0)),"—") | O92: — | P92: 30.06.2026 | Q92: 04.05.2026 | R92: 15.06.2026 (the issuance plan's basis: 30.06.2026) | S92: =IFERROR(INDEX('CoQ Register'!$D:$D,MATCH("P060432|I",'CoQ Register'!$S:$S,0)),"") | T92: CNP ППК26112 | U92: CNP ППК26112 | V92: CNP ППК26112 | W92: ППК26112, (30.06.2026) [CNP] | X92: — | Y92: — | Z92: — | AA92: P060432|I | AB92: registered — initial release, issued 15.06.2026
A93: 92 | B93: iCoA-PP_26-092 | C93: yes | D93: =IF(A93="","",IF(ISNUMBER(E93),MAX(DATE(2026,6,3),E93),DATE(2026,6,3))) | E93: =IFERROR(INDEX('Batch Dates'!$F:$F,MATCH(J93,'Batch Dates'!$C:$C,0)),IFERROR(INDEX('Batch Dates'!$F:$F,MATCH(I93,'Batch Dates'!$B:$B,0)),"")) | F93: =IFERROR(INDEX('Batch Dates'!$G:$G,MATCH(J93,'Batch Dates'!$C:$C,0)),IFERROR(INDEX('Batch Dates'!$G:$G,MATCH(I93,'Batch Dates'!$B:$B,0)),"")) | G93: post-SOP | H93: initial release | I93: SCR022601 | J93: P060442 | K93: Scrambler | L93: Ident A + Ident B + Foreign matter | M93: A: ППК26116 / B: ППК26116 / FM: ППК26116 | N93: =IFERROR(INDEX('CoQ Register'!$B:$B,MATCH("P060442|I",'CoQ Register'!$S:$S,0)),"—") | O93: — | P93: 06.07.2026 | Q93: 13.05.2026 | R93: 18.06.2026 (the issuance plan's basis: 06.07.2026) | S93: =IFERROR(INDEX('CoQ Register'!$D:$D,MATCH("P060442|I",'CoQ Register'!$S:$S,0)),"") | T93: CNP ППК26116 | U93: CNP ППК26116 | V93: CNP ППК26116 | W93: ППК26116, (06.07.2026) [CNP] | X93: — | Y93: — | Z93: — | AA93: P060442|I | AB93: registered — initial release, issued 18.06.2026
A94: 93 | B94: iCoA-PP_26-093 | C94: yes | D94: =IF(A94="","",IF(ISNUMBER(E94),MAX(DATE(2026,6,3),E94),DATE(2026,6,3))) | E94: =IFERROR(INDEX('Batch Dates'!$F:$F,MATCH(J94,'Batch Dates'!$C:$C,0)),IFERROR(INDEX('Batch Dates'!$F:$F,MATCH(I94,'Batch Dates'!$B:$B,0)),"")) | F94: =IFERROR(INDEX('Batch Dates'!$G:$G,MATCH(J94,'Batch Dates'!$C:$C,0)),IFERROR(INDEX('Batch Dates'!$G:$G,MATCH(I94,'Batch Dates'!$B:$B,0)),"")) | G94: post-SOP | H94: initial release | I94: FB032601 | J94: P060452 | K94: Fat Bastard | L94: Ident A + Ident B + Foreign matter | M94: A: ППК26127 / B: ППК26127 / FM: ППК26127 | N94: =IFERROR(INDEX('CoQ Register'!$B:$B,MATCH("P060452|I",'CoQ Register'!$S:$S,0)),"—") | O94: — | P94: 21.07.2026 | Q94: 02.06.2026 | R94: 29.06.2026 (the issuance plan's basis: 21.07.2026) | S94: =IFERROR(INDEX('CoQ Register'!$D:$D,MATCH("P060452|I",'CoQ Register'!$S:$S,0)),"") | T94: CNP ППК26127 | U94: CNP ППК26127 | V94: CNP ППК26127 | W94: ППК26127, (21.07.2026) [CNP] | X94: — | Y94: — | Z94: — | AA94: P060452|I | AB94: registered — initial release, issued 29.06.2026
A95: 94 | B95: iCoA-PP_26-094 | C95: yes | D95: 46209 | E95: — not stated — | F95: =IFERROR(INDEX('Batch Dates'!$G:$G,MATCH(J95,'Batch Dates'!$C:$C,0)),IFERROR(INDEX('Batch Dates'!$G:$G,MATCH(I95,'Batch Dates'!$B:$B,0)),"")) | G95: — | H95: initial release | I95: — not recorded — (P160012) | J95: P160012 | K95: Grape Pie | L95: Ident A + Ident B + Foreign matter | M95: A: ППК26117 / B: ППК26117 / FM: ППК26117 | N95: =IFERROR(INDEX('CoQ Register'!$B:$B,MATCH("P160012|I",'CoQ Register'!$S:$S,0)),"—") | O95: — | P95: 06.07.2026 | Q95: — not on the list — | R95: — not on the list — | S95: =IFERROR(INDEX('CoQ Register'!$D:$D,MATCH("P160012|I",'CoQ Register'!$S:$S,0)),"") | T95: CNP ППК26117 | U95: CNP ППК26117 | V95: CNP ППК26117 | W95: ППК26117, (06.07.2026) [CNP] | X95: — | Y95: — | Z95: — | AA95: P160012|I | AB95: registered — initial release, issued 06.07.2026 · no packaging date on file — testing date not stated (owner, 15.09.2026: certified all the same)
A96: 95 | B96: iCoA-PP_26-095 | C96: yes | D96: 46209 | E96: — not stated — | F96: =IFERROR(INDEX('Batch Dates'!$G:$G,MATCH(J96,'Batch Dates'!$C:$C,0)),IFERROR(INDEX('Batch Dates'!$G:$G,MATCH(I96,'Batch Dates'!$B:$B,0)),"")) | G96: — | H96: initial release | I96: — not recorded — (P160022) | J96: P160022 | K96: Grape Pie | L96: Ident A + Ident B + Foreign matter | M96: A: ППК26118 / B: ППК26118 / FM: ППК26118 | N96: =IFERROR(INDEX('CoQ Register'!$B:$B,MATCH("P160022|I",'CoQ Register'!$S:$S,0)),"—") | O96: — | P96: 06.07.2026 | Q96: — not on the list — | R96: — not on the list — | S96: =IFERROR(INDEX('CoQ Register'!$D:$D,MATCH("P160022|I",'CoQ Register'!$S:$S,0)),"") | T96: CNP ППК26118 | U96: CNP ППК26118 | V96: CNP ППК26118 | W96: ППК26118, (06.07.2026) [CNP] | X96: — | Y96: — | Z96: — | AA96: P160022|I | AB96: registered — initial release, issued 06.07.2026 · no packaging date on file — testing date not stated (owner, 15.09.2026: certified all the same)
A97: 96 | B97: iCoA-PP_26-096 | C97: yes | D97: 46209 | E97: — not stated — | F97: =IFERROR(INDEX('Batch Dates'!$G:$G,MATCH(J97,'Batch Dates'!$C:$C,0)),IFERROR(INDEX('Batch Dates'!$G:$G,MATCH(I97,'Batch Dates'!$B:$B,0)),"")) | G97: — | H97: initial release | I97: — not recorded — (P160032) | J97: P160032 | K97: Grape Pie | L97: Ident A + Ident B + Foreign matter | M97: A: ППК26119 / B: ППК26119 / FM: ППК26119 | N97: =IFERROR(INDEX('CoQ Register'!$B:$B,MATCH("P160032|I",'CoQ Register'!$S:$S,0)),"—") | O97: — | P97: 06.07.2026 | Q97: — not on the list — | R97: — not on the list — | S97: =IFERROR(INDEX('CoQ Register'!$D:$D,MATCH("P160032|I",'CoQ Register'!$S:$S,0)),"") | T97: CNP ППК26119 | U97: CNP ППК26119 | V97: CNP ППК26119 | W97: ППК26119, (06.07.2026) [CNP] | X97: — | Y97: — | Z97: — | AA97: P160032|I | AB97: registered — initial release, issued 06.07.2026 · no packaging date on file — testing date not stated (owner, 15.09.2026: certified all the same)
A98: 97 | B98: iCoA-PP_26-097 | C98: yes | D98: =IF(A98="","",IF(ISNUMBER(E98),MAX(DATE(2026,6,3),E98),DATE(2026,6,3))) | E98: =IFERROR(INDEX('Batch Dates'!$F:$F,MATCH(J98,'Batch Dates'!$C:$C,0)),IFERROR(INDEX('Batch Dates'!$F:$F,MATCH(I98,'Batch Dates'!$B:$B,0)),"")) | F98: =IFERROR(INDEX('Batch Dates'!$G:$G,MATCH(J98,'Batch Dates'!$C:$C,0)),IFERROR(INDEX('Batch Dates'!$G:$G,MATCH(I98,'Batch Dates'!$B:$B,0)),"")) | G98: post-SOP | H98: initial release | I98: GG032601 | J98: P060462 | K98: Gorilla Glue | L98: Ident A + Ident B + Foreign matter | M98: A: ППК26128 / B: ППК26128 / FM: ППК26128 | N98: =IFERROR(INDEX('CoQ Register'!$B:$B,MATCH("P060462|I",'CoQ Register'!$S:$S,0)),"—") | O98: — | P98: 21.07.2026 | Q98: 16.06.2026 | R98: 16.07.2026 (the issuance plan's basis: 21.07.2026) | S98: =IFERROR(INDEX('CoQ Register'!$D:$D,MATCH("P060462|I",'CoQ Register'!$S:$S,0)),"") | T98: CNP ППК26128 | U98: CNP ППК26128 | V98: CNP ППК26128 | W98: ППК26128, (21.07.2026) [CNP] | X98: — | Y98: — | Z98: — | AA98: P060462|I | AB98: registered — initial release, issued 16.07.2026
A99: 98 | B99: iCoA-PP_26-098 | C99: yes | D99: 46230 | E99: 46224 | F99: =IFERROR(INDEX('Batch Dates'!$G:$G,MATCH(J99,'Batch Dates'!$C:$C,0)),IFERROR(INDEX('Batch Dates'!$G:$G,MATCH(I99,'Batch Dates'!$B:$B,0)),"")) | G99: legacy | H99: retest 1 | I99: BG1024 | J99: N/A — no P batch assigned | K99: Blue Gelato | L99: Ident A + Ident B + Foreign matter | M99: — | N99: =IFERROR(INDEX('CoQ Register'!$B:$B,MATCH("BG1024|R",'CoQ Register'!$S:$S,0)),"—") | O99: — | P99: 07.03.2026 | Q99: 21.01.2025 | R99: 07.03.2025 | S99: =IFERROR(INDEX('CoQ Register'!$D:$D,MATCH("BG1024|R",'CoQ Register'!$S:$S,0)),"") | T99: Conforms | U99: Conforms | V99: Conforms | W99: 197-1-K-26, (07.08.2026) [FHM-K] | X99: 197-1-K-26, (07.08.2026) [FHM-K] | Y99: 197-1-M-26, (10.08.2026) [FHM-M] | Z99: #8, #9, #11, #12 from the initial testing | AA99: BG1024|R | AB99: registered — retest 1 · Tranche 1 (sampled 21–24.07.2026), tested 21.07.2026, issued 27.07.2026
A100: 99 | B100: iCoA-PP_26-099 | C100: yes | D100: 46230 | E100: 46224 | F100: =IFERROR(INDEX('Batch Dates'!$G:$G,MATCH(J100,'Batch Dates'!$C:$C,0)),IFERROR(INDEX('Batch Dates'!$G:$G,MATCH(I100,'Batch Dates'!$B:$B,0)),"")) | G100: legacy | H100: retest 1 | I100: BSS1024 | J100: N/A — no P batch assigned | K100: Blue Sunset Sherbet | L100: Ident A + Ident B + Foreign matter | M100: — | N100: =IFERROR(INDEX('CoQ Register'!$B:$B,MATCH("BSS1024|R",'CoQ Register'!$S:$S,0)),"—") | O100: — | P100: 04.03.2026 | Q100: 22.01.2025 | R100: 04.03.2025 | S100: =IFERROR(INDEX('CoQ Register'!$D:$D,MATCH("BSS1024|R",'CoQ Register'!$S:$S,0)),"") | T100: Conforms | U100: Conforms | V100: Conforms | W100: 197-2-K-26, (07.08.2026) [FHM-K] | X100: 197-2-K-26, (07.08.2026) [FHM-K] | Y100: 197-2-M-26, (10.08.2026) [FHM-M] | Z100: #8, #9, #11, #12 from the initial testing | AA100: BSS1024|R | AB100: registered — retest 1 · Tranche 1 (sampled 21–24.07.2026), tested 21.07.2026, issued 27.07.2026
...

Sheet CoQ Register
A1: No. | B1: CoQ code | C1: Issuable | D1: Issue date (planned) | E1: Rule date | F1: Latest eCoA cited (date) | G1: Latest eCoA cited (code) | H1: iCoA (register) | I1: iCoA issue date | J1: Group | K1: Series | L1: CU Batch | M1: P Batch | N1: Strain | O1: Ident C — eCoA (Total THC) | P1: CNP references | Q1: Supersedes (old in-house CoA) | R1: Plan reference (31.08.2026) | S1: Key | T1: Status | U1: Supersedes (initial CoQ) | V1: Total THC (%) | W1: THC certificate | X1: Grade nominal ± tol. (numeral) | Y1: Grade window | Z1: Product code | AA1: Specification code | AB1: Specification status | AC1: Grading note
A2: =IF(OR(C2="yes",C2="allocated"),COUNT(A$1:A1)+1,"") | B2: =IF(A2<>"","CoQ-PP_26-"&TEXT(A2,"000"),"— at issue —") | C2: yes | D2: =IF(OR(A2="",C2="allocated"),"",MAX(E2,IF(ISNUMBER(I2),I2,0),IFERROR(IF(ISNUMBER(INDEX('iCoA Register'!$F:$F,MATCH(S2,'iCoA Register'!$AA:$AA,0))),INDEX('iCoA Register'!$F:$F,MATCH(S2,'iCoA Register'!$AA:$AA,0)),0),0))) | E2: =IF(ISNUMBER(F2),MAX(DATE(2026,6,6),F2+7),DATE(2026,6,6)) | F2: 45715 | G2: 750-2025 | H2: =IFERROR(INDEX('iCoA Register'!$B:$B,MATCH("CJ1024|I",'iCoA Register'!$AA:$AA,0)),"—") | I2: =IFERROR(INDEX('iCoA Register'!$D:$D,MATCH("CJ1024|I",'iCoA Register'!$AA:$AA,0)),"") | J2: legacy | K2: initial release | L2: CJ1024 | M2: N/A — no P batch assigned | N2: Cap Junky | O2: ППК25052, (26.02.2025) [CNP] | P2: — | Q2: — | R2: (assigned on issue) | S2: CJ1024|I | T2: registered — legacy series, issued 06.06.2026 | U2: n/a — initial certificate | V2: 23 | W2: ППК25052 | X2: 24.00 ± 2.40 (II) | Y2: 21.60 – 26.39 % | Z2: CJ_THC24 : CBD1 | AA2: QCSP_001_CJ-II_v.01 | AB2: for review — replaces the issued QCSP_001_CJ-II_v.01 (was CJ_THC26 : CBD1, 25.01 – 26.99 %); now CJ_THC24 : CBD1 21.60 – 26.39 %
A3: =IF(OR(C3="yes",C3="allocated"),COUNT(A$1:A2)+1,"") | B3: =IF(A3<>"","CoQ-PP_26-"&TEXT(A3,"000"),"— at issue —") | C3: yes | D3: =IF(OR(A3="",C3="allocated"),"",MAX(E3,IF(ISNUMBER(I3),I3,0),IFERROR(IF(ISNUMBER(INDEX('iCoA Register'!$F:$F,MATCH(S3,'iCoA Register'!$AA:$AA,0))),INDEX('iCoA Register'!$F:$F,MATCH(S3,'iCoA Register'!$AA:$AA,0)),0),0))) | E3: =IF(ISNUMBER(F3),MAX(DATE(2026,6,6),F3+7),DATE(2026,6,6)) | F3: 45715 | G3: 751-2025 | H3: =IFERROR(INDEX('iCoA Register'!$B:$B,MATCH("BSS1024|I",'iCoA Register'!$AA:$AA,0)),"—") | I3: =IFERROR(INDEX('iCoA Register'!$D:$D,MATCH("BSS1024|I",'iCoA Register'!$AA:$AA,0)),"") | J3: legacy | K3: initial release | L3: BSS1024 | M3: N/A — no P batch assigned | N3: Blue Sunset Sherbet | O3: ППК25051, (26.02.2025) [CNP] | P3: — | Q3: — | R3: CoQ-PP-2025-0001 | S3: BSS1024|I | T3: registered — legacy series, issued 06.06.2026 | U3: n/a — initial certificate | V3: 21.03 | W3: ППК25051 | X3: 20.00 ± 1.89 (III) | Y3: 18.11 – 21.88 % | Z3: BSS_THC20 : CBD1 | AA3: QCSP_001_BSS-III_v.01 | AB3: for review — new
A4: =IF(OR(C4="yes",C4="allocated"),COUNT(A$1:A3)+1,"") | B4: =IF(A4<>"","CoQ-PP_26-"&TEXT(A4,"000"),"— at issue —") | C4: yes | D4: =IF(OR(A4="",C4="allocated"),"",MAX(E4,IF(ISNUMBER(I4),I4,0),IFERROR(IF(ISNUMBER(INDEX('iCoA Register'!$F:$F,MATCH(S4,'iCoA Register'!$AA:$AA,0))),INDEX('iCoA Register'!$F:$F,MATCH(S4,'iCoA Register'!$AA:$AA,0)),0),0))) | E4: =IF(ISNUMBER(F4),MAX(DATE(2026,6,6),F4+7),DATE(2026,6,6)) | F4: 45715 | G4: 752-2025 | H4: =IFERROR(INDEX('iCoA Register'!$B:$B,MATCH("BG1024|I",'iCoA Register'!$AA:$AA,0)),"—") | I4: =IFERROR(INDEX('iCoA Register'!$D:$D,MATCH("BG1024|I",'iCoA Register'!$AA:$AA,0)),"") | J4: legacy | K4: initial release | L4: BG1024 | M4: N/A — no P batch assigned | N4: Blue Gelato | O4: ППК25050, (26.02.2025) [CNP] | P4: — | Q4: — | R4: CoQ-PP-2025-0002 | S4: BG1024|I | T4: registered — legacy series, issued 06.06.2026 | U4: n/a — initial certificate | V4: 21.8 | W4: ППК25050 | X4: 22.00 ± 2.20 (II) | Y4: 19.80 – 24.19 % | Z4: BG_THC22 : CBD1 | AA4: QCSP_001_BG-II_v.01 | AB4: for review — new
A5: =IF(OR(C5="yes",C5="allocated"),COUNT(A$1:A4)+1,"") | B5: =IF(A5<>"","CoQ-PP_26-"&TEXT(A5,"000"),"— at issue —") | C5: yes | D5: =IF(OR(A5="",C5="allocated"),"",MAX(E5,IF(ISNUMBER(I5),I5,0),IFERROR(IF(ISNUMBER(INDEX('iCoA Register'!$F:$F,MATCH(S5,'iCoA Register'!$AA:$AA,0))),INDEX('iCoA Register'!$F:$F,MATCH(S5,'iCoA Register'!$AA:$AA,0)),0),0))) | E5: =IF(ISNUMBER(F5),MAX(DATE(2026,6,6),F5+7),DATE(2026,6,6)) | F5: — | G5: — | H5: =IFERROR(INDEX('iCoA Register'!$B:$B,MATCH("GG1024|I",'iCoA Register'!$AA:$AA,0)),"—") | I5: =IFERROR(INDEX('iCoA Register'!$D:$D,MATCH("GG1024|I",'iCoA Register'!$AA:$AA,0)),"") | J5: legacy | K5: initial release | L5: GG1024 | M5: N/A — no P batch assigned | N5: Gorilla Glue | O5: — no cannabinoid certificate from the initial testing — | P5: — | Q5: — | R5: CoQ-PP-2025-0003 | S5: GG1024|I | T5: registered — legacy series, issued 06.06.2026 · initial certificate to locate: #3 (CNP), #4 (CNP), #5 (CNP), #6 (CNP), #8 (CNP), #9 (IJZ), #10 (CNP), #11 (CNP), #12 (CNP) | U5: n/a — initial certificate | V5: — | W5: — | X5: — | Y5: — | Z5: — | AA5: — | AB5: — | AC5: no Total THC result on this certificate
A6: =IF(OR(C6="yes",C6="allocated"),COUNT(A$1:A5)+1,"") | B6: =IF(A6<>"","CoQ-PP_26-"&TEXT(A6,"000"),"— at issue —") | C6: yes | D6: =IF(OR(A6="",C6="allocated"),"",MAX(E6,IF(ISNUMBER(I6),I6,0),IFERROR(IF(ISNUMBER(INDEX('iCoA Register'!$F:$F,MATCH(S6,'iCoA Register'!$AA:$AA,0))),INDEX('iCoA Register'!$F:$F,MATCH(S6,'iCoA Register'!$AA:$AA,0)),0),0))) | E6: =IF(ISNUMBER(F6),MAX(DATE(2026,6,6),F6+7),DATE(2026,6,6)) | F6: — | G6: — | H6: =IFERROR(INDEX('iCoA Register'!$B:$B,MATCH("HPA1024|I",'iCoA Register'!$AA:$AA,0)),"—") | I6: =IFERROR(INDEX('iCoA Register'!$D:$D,MATCH("HPA1024|I",'iCoA Register'!$AA:$AA,0)),"") | J6: legacy | K6: initial release | L6: HPA1024 | M6: N/A — no P batch assigned | N6: High Pro Amnesia | O6: — no cannabinoid certificate from the initial testing — | P6: — | Q6: — | R6: CoQ-PP-2025-0004 | S6: HPA1024|I | T6: registered — legacy series, issued 06.06.2026 · initial certificate to locate: #3 (CNP), #4 (CNP), #5 (CNP), #6 (CNP), #8 (CNP), #9 (IJZ), #10 (CNP), #11 (CNP), #12 (CNP) | U6: n/a — initial certificate | V6: 14.97 | W6: iCoA-PP_26-005 | X6: 15.00 ± 1.20 (III) | Y6: 13.80 – 16.19 % | Z6: HPA_THC15 : CBD1 | AA6: QCSP_001_HPA-III_v.01 | AB6: for review — replaces the issued QCSP_001_HPA-III_v.01 (was HPA_THC18 : CBD1, 17.00 – 19.00 %); now HPA_THC15 : CBD1 13.80 – 16.19 %
A7: =IF(OR(C7="yes",C7="allocated"),COUNT(A$1:A6)+1,"") | B7: =IF(A7<>"","CoQ-PP_26-"&TEXT(A7,"000"),"— at issue —") | C7: yes | D7: =IF(OR(A7="",C7="allocated"),"",MAX(E7,IF(ISNUMBER(I7),I7,0),IFERROR(IF(ISNUMBER(INDEX('iCoA Register'!$F:$F,MATCH(S7,'iCoA Register'!$AA:$AA,0))),INDEX('iCoA Register'!$F:$F,MATCH(S7,'iCoA Register'!$AA:$AA,0)),0),0))) | E7: =IF(ISNUMBER(F7),MAX(DATE(2026,6,6),F7+7),DATE(2026,6,6)) | F7: — | G7: — | H7: =IFERROR(INDEX('iCoA Register'!$B:$B,MATCH("OPM1024|I",'iCoA Register'!$AA:$AA,0)),"—") | I7: =IFERROR(INDEX('iCoA Register'!$D:$D,MATCH("OPM1024|I",'iCoA Register'!$AA:$AA,0)),"") | J7: legacy | K7: initial release | L7: OPM1024 | M7: N/A — no P batch assigned | N7: Orange Punch Mimosa | O7: — no cannabinoid certificate from the initial testing — | P7: — | Q7: — | R7: CoQ-PP-2025-0005 | S7: OPM1024|I | T7: registered — legacy series, issued 06.06.2026 · initial certificate to locate: #3 (CNP), #4 (CNP), #5 (CNP), #6 (CNP), #8 (CNP), #9 (IJZ), #10 (CNP), #11 (CNP), #12 (CNP) | U7: n/a — initial certificate | V7: 19.96 | W7: iCoA-PP_26-006 | X7: 20.00 ± 1.40 (I) | Y7: 18.60 – 21.39 % | Z7: OPM_THC20 : CBD1 | AA7: QCSP_001_OPM-I_v.01 | AB7: for review — replaces the issued QCSP_001_OPM-I_v.01 (was OPM_THC22 : CBD1, 19.81 – 24.19 %); now OPM_THC20 : CBD1 18.60 – 21.39 %
A8: =IF(OR(C8="yes",C8="allocated"),COUNT(A$1:A7)+1,"") | B8: =IF(A8<>"","CoQ-PP_26-"&TEXT(A8,"000"),"— at issue —") | C8: yes | D8: =IF(OR(A8="",C8="allocated"),"",MAX(E8,IF(ISNUMBER(I8),I8,0),IFERROR(IF(ISNUMBER(INDEX('iCoA Register'!$F:$F,MATCH(S8,'iCoA Register'!$AA:$AA,0))),INDEX('iCoA Register'!$F:$F,MATCH(S8,'iCoA Register'!$AA:$AA,0)),0),0))) | E8: =IF(ISNUMBER(F8),MAX(DATE(2026,6,6),F8+7),DATE(2026,6,6)) | F8: 45807 | G8: 2471-2025 | H8: =IFERROR(INDEX('iCoA Register'!$B:$B,MATCH("P050022|I",'iCoA Register'!$AA:$AA,0)),"—") | I8: =IFERROR(INDEX('iCoA Register'!$D:$D,MATCH("P050022|I",'iCoA Register'!$AA:$AA,0)),"") | J8: legacy | K8: initial release | L8: GP0824_02 | M8: P050022 | N8: Grape Pie | O8: ППК25139, (22.05.2025) [CNP] | P8: — | Q8: — | R8: CoQ-PP-2025-0006 | S8: P050022|I | T8: registered — legacy series, issued 06.06.2026 | U8: n/a — initial certificate | V8: 23.79 | W8: ППК25139 | X8: 24.00 ± 2.00 (II) | Y8: 22.00 – 25.99 % | Z8: GP_THC24 : CBD1 | AA8: QCSP_001_GP-II_v.01 | AB8: for review — replaces the issued QCSP_001_GP-II_v.01 (was GP_THC26 : CBD1, 25.40 – 26.60 %); now GP_THC24 : CBD1 22.00 – 25.99 %
A9: =IF(OR(C9="yes",C9="allocated"),COUNT(A$1:A8)+1,"") | B9: =IF(A9<>"","CoQ-PP_26-"&TEXT(A9,"000"),"— at issue —") | C9: yes | D9: =IF(OR(A9="",C9="allocated"),"",MAX(E9,IF(ISNUMBER(I9),I9,0),IFERROR(IF(ISNUMBER(INDEX('iCoA Register'!$F:$F,MATCH(S9,'iCoA Register'!$AA:$AA,0))),INDEX('iCoA Register'!$F:$F,MATCH(S9,'iCoA Register'!$AA:$AA,0)),0),0))) | E9: =IF(ISNUMBER(F9),MAX(DATE(2026,6,6),F9+7),DATE(2026,6,6)) | F9: 45807 | G9: 2472-2025 | H9: =IFERROR(INDEX('iCoA Register'!$B:$B,MATCH("P050012|I",'iCoA Register'!$AA:$AA,0)),"—") | I9: =IFERROR(INDEX('iCoA Register'!$D:$D,MATCH("P050012|I",'iCoA Register'!$AA:$AA,0)),"") | J9: legacy | K9: initial release | L9: GG1024_02 | M9: P050012 | N9: Gorilla Glue | O9: ППК25140, (22.05.2025) [CNP] | P9: — | Q9: — | R9: (assigned on issue) | S9: P050012|I | T9: registered — legacy series, issued 06.06.2026 | U9: n/a — initial certificate | V9: 15.95 | W9: ППК25140 | X9: 15.00 ± 1.23 (II) | Y9: 13.77 – 16.22 % | Z9: GG_THC15 : CBD1 | AA9: QCSP_001_GG-II_v.01 | AB9: for review — replaces the issued QCSP_001_GG-II_v.01 (was GG_THC16 : CBD1, 15.00 – 17.00 %); now GG_THC15 : CBD1 13.77 – 16.22 %
A10: =IF(OR(C10="yes",C10="allocated"),COUNT(A$1:A9)+1,"") | B10: =IF(A10<>"","CoQ-PP_26-"&TEXT(A10,"000"),"— at issue —") | C10: yes | D10: =IF(OR(A10="",C10="allocated"),"",MAX(E10,IF(ISNUMBER(I10),I10,0),IFERROR(IF(ISNUMBER(INDEX('iCoA Register'!$F:$F,MATCH(S10,'iCoA Register'!$AA:$AA,0))),INDEX('iCoA Register'!$F:$F,MATCH(S10,'iCoA Register'!$AA:$AA,0)),0),0))) | E10: =IF(ISNUMBER(F10),MAX(DATE(2026,6,6),F10+7),DATE(2026,6,6)) | F10: 45784 | G10: 2157-2025 | H10: =IFERROR(INDEX('iCoA Register'!$B:$B,MATCH("P050032|I",'iCoA Register'!$AA:$AA,0)),"—") | I10: =IFERROR(INDEX('iCoA Register'!$D:$D,MATCH("P050032|I",'iCoA Register'!$AA:$AA,0)),"") | J10: legacy | K10: initial release | L10: MB0824_04 | M10: P050032 | N10: Motor Breath | O10: ППК25118, (06.05.2025) [CNP] | P10: — | Q10: — | R10: (assigned on issue) | S10: P050032|I | T10: registered — legacy series, issued 06.06.2026 | U10: n/a — initial certificate | V10: 18.67 | W10: ППК25118 | X10: 18.00 ± 1.80 (I) | Y10: 16.20 – 19.79 % | Z10: MB_THC18 : CBD1 | AA10: QCSP_001_MB-I_v.01 | AB10: for review — replaces the issued QCSP_001_MB-I_v.01 (was MB_THC18 : CBD1, 16.20 – 19.80 %); now MB_THC18 : CBD1 16.20 – 19.79 %
A11: =IF(OR(C11="yes",C11="allocated"),COUNT(A$1:A10)+1,"") | B11: =IF(A11<>"","CoQ-PP_26-"&TEXT(A11,"000"),"— at issue —") | C11: yes | D11: =IF(OR(A11="",C11="allocated"),"",MAX(E11,IF(ISNUMBER(I11),I11,0),IFERROR(IF(ISNUMBER(INDEX('iCoA Register'!$F:$F,MATCH(S11,'iCoA Register'!$AA:$AA,0))),INDEX('iCoA Register'!$F:$F,MATCH(S11,'iCoA Register'!$AA:$AA,0)),0),0))) | E11: =IF(ISNUMBER(F11),MAX(DATE(2026,6,6),F11+7),DATE(2026,6,6)) | F11: 45784 | G11: 2156-2025 | H11: =IFERROR(INDEX('iCoA Register'!$B:$B,MATCH("P050042|I",'iCoA Register'!$AA:$AA,0)),"—") | I11: =IFERROR(INDEX('iCoA Register'!$D:$D,MATCH("P050042|I",'iCoA Register'!$AA:$AA,0)),"") | J11: legacy | K11: initial release | L11: OMP1024_01 | M11: P050042 | N11: Orange Punch Mimosa | O11: ППК25117, (06.05.2025) [CNP] | P11: — | Q11: — | R11: CoQ-PP-2025-0007 | S11: P050042|I | T11: registered — legacy series, issued 06.06.2026 | U11: n/a — initial certificate | V11: 15.38 | W11: ППК25117 | X11: 14.00 ± 1.40 (III) | Y11: 12.60 – 15.39 % | Z11: OPM_THC14 : CBD1 | AA11: QCSP_001_OPM-III_v.01 | AB11: for review — new
A12: =IF(OR(C12="yes",C12="allocated"),COUNT(A$1:A11)+1,"") | B12: =IF(A12<>"","CoQ-PP_26-"&TEXT(A12,"000"),"— at issue —") | C12: yes | D12: =IF(OR(A12="",C12="allocated"),"",MAX(E12,IF(ISNUMBER(I12),I12,0),IFERROR(IF(ISNUMBER(INDEX('iCoA Register'!$F:$F,MATCH(S12,'iCoA Register'!$AA:$AA,0))),INDEX('iCoA Register'!$F:$F,MATCH(S12,'iCoA Register'!$AA:$AA,0)),0),0))) | E12: =IF(ISNUMBER(F12),MAX(DATE(2026,6,6),F12+7),DATE(2026,6,6)) | F12: 45832 | G12: ППК25155 | H12: =IFERROR(INDEX('iCoA Register'!$B:$B,MATCH("P050052|I",'iCoA Register'!$AA:$AA,0)),"—") | I12: =IFERROR(INDEX('iCoA Register'!$D:$D,MATCH("P050052|I",'iCoA Register'!$AA:$AA,0)),"") | J12: legacy | K12: initial release | L12: HPA1024_01 | M12: P050052 | N12: High Pro Amnesia | O12: ППК25155, (24.06.2025) [CNP] | P12: — | Q12: — | R12: CoQ-PP-2025-0008 | S12: P050052|I | T12: registered — legacy series, issued 06.06.2026 | U12: n/a — initial certificate | V12: 22.43 | W12: ППК25155 | X12: 22.00 ± 2.20 (I) | Y12: 19.80 – 24.19 % | Z12: HPA_THC22 : CBD1 | AA12: QCSP_001_HPA-I_v.01 | AB12: for review — replaces the issued QCSP_001_HPA-I_v.01 (was HPA_THC22 : CBD1, 21.00 – 23.00 %); now HPA_THC22 : CBD1 19.80 – 24.19 %
A13: =IF(OR(C13="yes",C13="allocated"),COUNT(A$1:A12)+1,"") | B13: =IF(A13<>"","CoQ-PP_26-"&TEXT(A13,"000"),"— at issue —") | C13: yes | D13: =IF(OR(A13="",C13="allocated"),"",MAX(E13,IF(ISNUMBER(I13),I13,0),IFERROR(IF(ISNUMBER(INDEX('iCoA Register'!$F:$F,MATCH(S13,'iCoA Register'!$AA:$AA,0))),INDEX('iCoA Register'!$F:$F,MATCH(S13,'iCoA Register'!$AA:$AA,0)),0),0))) | E13: =IF(ISNUMBER(F13),MAX(DATE(2026,6,6),F13+7),DATE(2026,6,6)) | F13: 45832 | G13: ППК25154 | H13: =IFERROR(INDEX('iCoA Register'!$B:$B,MATCH("P050062|I",'iCoA Register'!$AA:$AA,0)),"—") | I13: =IFERROR(INDEX('iCoA Register'!$D:$D,MATCH("P050062|I",'iCoA Register'!$AA:$AA,0)),"") | J13: legacy | K13: initial release | L13: OPM1024_02 | M13: P050062 | N13: Orange Punch Mimosa | O13: ППК25154, (24.06.2025) [CNP] | P13: — | Q13: — | R13: CoQ-PP-2025-0009 | S13: P050062|I | T13: registered — legacy series, issued 06.06.2026 | U13: n/a — initial certificate | V13: 18.27 | W13: ППК25154 | X13: 17.00 ± 1.60 (II) | Y13: 15.40 – 18.59 % | Z13: OPM_THC17 : CBD1 | AA13: QCSP_001_OPM-II_v.01 | AB13: for review — replaces the issued QCSP_001_OPM-II_v.01 (was OPM_THC18 : CBD1, 16.20 – 19.80 %); now OPM_THC17 : CBD1 15.40 – 18.59 %
A14: =IF(OR(C14="yes",C14="allocated"),COUNT(A$1:A13)+1,"") | B14: =IF(A14<>"","CoQ-PP_26-"&TEXT(A14,"000"),"— at issue —") | C14: yes | D14: =IF(OR(A14="",C14="allocated"),"",MAX(E14,IF(ISNUMBER(I14),I14,0),IFERROR(IF(ISNUMBER(INDEX('iCoA Register'!$F:$F,MATCH(S14,'iCoA Register'!$AA:$AA,0))),INDEX('iCoA Register'!$F:$F,MATCH(S14,'iCoA Register'!$AA:$AA,0)),0),0))) | E14: =IF(ISNUMBER(F14),MAX(DATE(2026,6,6),F14+7),DATE(2026,6,6)) | F14: 45848 | G14: ППК25175 | H14: =IFERROR(INDEX('iCoA Register'!$B:$B,MATCH("P050072|I",'iCoA Register'!$AA:$AA,0)),"—") | I14: =IFERROR(INDEX('iCoA Register'!$D:$D,MATCH("P050072|I",'iCoA Register'!$AA:$AA,0)),"") | J14: legacy | K14: initial release | L14: GP0824_03 | M14: P050072 | N14: Grape Pie | O14: ППК25175, (10.07.2025) [CNP] | P14: — | Q14: — | R14: CoQ-PP-2025-0010 | S14: P050072|I | T14: registered — legacy series, issued 06.06.2026 | U14: n/a — initial certificate | V14: 25.45 | W14: ППК25175 | X14: 24.00 ± 2.00 (II) | Y14: 22.00 – 25.99 % | Z14: GP_THC24 : CBD1 | AA14: QCSP_001_GP-II_v.01 | AB14: for review — replaces the issued QCSP_001_GP-II_v.01 (was GP_THC26 : CBD1, 25.40 – 26.60 %); now GP_THC24 : CBD1 22.00 – 25.99 %
A15: =IF(OR(C15="yes",C15="allocated"),COUNT(A$1:A14)+1,"") | B15: =IF(A15<>"","CoQ-PP_26-"&TEXT(A15,"000"),"— at issue —") | C15: yes | D15: =IF(OR(A15="",C15="allocated"),"",MAX(E15,IF(ISNUMBER(I15),I15,0),IFERROR(IF(ISNUMBER(INDEX('iCoA Register'!$F:$F,MATCH(S15,'iCoA Register'!$AA:$AA,0))),INDEX('iCoA Register'!$F:$F,MATCH(S15,'iCoA Register'!$AA:$AA,0)),0),0))) | E15: =IF(ISNUMBER(F15),MAX(DATE(2026,6,6),F15+7),DATE(2026,6,6)) | F15: 45867 | G15: 766-1375-25 | H15: =IFERROR(INDEX('iCoA Register'!$B:$B,MATCH("P050082|I",'iCoA Register'!$AA:$AA,0)),"—") | I15: =IFERROR(INDEX('iCoA Register'!$D:$D,MATCH("P050082|I",'iCoA Register'!$AA:$AA,0)),"") | J15: legacy | K15: initial release | L15: OPM1024_03 | M15: P050082 | N15: Orange Punch Mimosa | O15: ППК25210, (28.07.2025) [CNP] | P15: — | Q15: — | R15: CoQ-PP-2025-0011 | S15: P050082|I | T15: registered — legacy series, issued 06.06.2026 | U15: n/a — initial certificate | V15: 16.55 | W15: ППК25210 | X15: 17.00 ± 1.60 (II) | Y15: 15.40 – 18.59 % | Z15: OPM_THC17 : CBD1 | AA15: QCSP_001_OPM-II_v.01 | AB15: for review — replaces the issued QCSP_001_OPM-II_v.01 (was OPM_THC18 : CBD1, 16.20 – 19.80 %); now OPM_THC17 : CBD1 15.40 – 18.59 %
A16: =IF(OR(C16="yes",C16="allocated"),COUNT(A$1:A15)+1,"") | B16: =IF(A16<>"","CoQ-PP_26-"&TEXT(A16,"000"),"— at issue —") | C16: yes | D16: =IF(OR(A16="",C16="allocated"),"",MAX(E16,IF(ISNUMBER(I16),I16,0),IFERROR(IF(ISNUMBER(INDEX('iCoA Register'!$F:$F,MATCH(S16,'iCoA Register'!$AA:$AA,0))),INDEX('iCoA Register'!$F:$F,MATCH(S16,'iCoA Register'!$AA:$AA,0)),0),0))) | E16: =IF(ISNUMBER(F16),MAX(DATE(2026,6,6),F16+7),DATE(2026,6,6)) | F16: 45764 | G16: ППК25104 | H16: =IFERROR(INDEX('iCoA Register'!$B:$B,MATCH("P050092|I",'iCoA Register'!$AA:$AA,0)),"—") | I16: =IFERROR(INDEX('iCoA Register'!$D:$D,MATCH("P050092|I",'iCoA Register'!$AA:$AA,0)),"") | J16: legacy | K16: initial release | L16: GG1024_01 | M16: P050092 | N16: Gorilla Glue | O16: ППК25104, (17.04.2025) [CNP] | P16: — | Q16: — | R16: CoQ-PP-2025-0012 | S16: P050092|I | T16: registered — legacy series, issued 06.06.2026 | U16: n/a — initial certificate | V16: 17.22 | W16: ППК25104 | X16: 18.00 ± 1.77 (I) | Y16: 16.23 – 19.76 % | Z16: GG_THC18 : CBD1 | AA16: QCSP_001_GG-I_v.01 | AB16: for review — replaces the issued QCSP_001_GG-I_v.01 (was GG_THC18 : CBD1, 17.01 – 18.99 %); now GG_THC18 : CBD1 16.23 – 19.76 %
A17: =IF(OR(C17="yes",C17="allocated"),COUNT(A$1:A16)+1,"") | B17: =IF(A17<>"","CoQ-PP_26-"&TEXT(A17,"000"),"— at issue —") | C17: yes | D17: =IF(OR(A17="",C17="allocated"),"",MAX(E17,IF(ISNUMBER(I17),I17,0),IFERROR(IF(ISNUMBER(INDEX('iCoA Register'!$F:$F,MATCH(S17,'iCoA Register'!$AA:$AA,0))),INDEX('iCoA Register'!$F:$F,MATCH(S17,'iCoA Register'!$AA:$AA,0)),0),0))) | E17: =IF(ISNUMBER(F17),MAX(DATE(2026,6,6),F17+7),DATE(2026,6,6)) | F17: 45764 | G17: ППК25105 | H17: =IFERROR(INDEX('iCoA Register'!$B:$B,MATCH("P050102|I",'iCoA Register'!$AA:$AA,0)),"—") | I17: =IFERROR(INDEX('iCoA Register'!$D:$D,MATCH("P050102|I",'iCoA Register'!$AA:$AA,0)),"") | J17: legacy | K17: initial release | L17: GP0824_01 | M17: P050102 | N17: Grape Pie | O17: ППК25105, (17.04.2025) [CNP] | P17: — | Q17: — | R17: (assigned on issue) | S17: P050102|I | T17: registered — legacy series, issued 06.06.2026 | U17: n/a — initial certificate | V17: 20.79 | W17: ППК25105 | X17: 20.00 ± 2.00 (III) | Y17: 18.00 – 21.99 % | Z17: GP_THC20 : CBD1 | AA17: QCSP_001_GP-III_v.01 | AB17: for review — replaces the issued QCSP_001_GP-III_v.01 (was GP_THC24 : CBD1, 22.61 – 25.39 %); now GP_THC20 : CBD1 18.00 – 21.99 %
A18: =IF(OR(C18="yes",C18="allocated"),COUNT(A$1:A17)+1,"") | B18: =IF(A18<>"","CoQ-PP_26-"&TEXT(A18,"000"),"— at issue —") | C18: yes | D18: =IF(OR(A18="",C18="allocated"),"",MAX(E18,IF(ISNUMBER(I18),I18,0),IFERROR(IF(ISNUMBER(INDEX('iCoA Register'!$F:$F,MATCH(S18,'iCoA Register'!$AA:$AA,0))),INDEX('iCoA Register'!$F:$F,MATCH(S18,'iCoA Register'!$AA:$AA,0)),0),0))) | E18: =IF(ISNUMBER(F18),MAX(DATE(2026,6,6),F18+7),DATE(2026,6,6)) | F18: 45867 | G18: 767-1376-25 | H18: =IFERROR(INDEX('iCoA Register'!$B:$B,MATCH("P050112|I",'iCoA Register'!$AA:$AA,0)),"—") | I18: =IFERROR(INDEX('iCoA Register'!$D:$D,MATCH("P050112|I",'iCoA Register'!$AA:$AA,0)),"") | J18: legacy | K18: initial release | L18: MB0824_05 | M18: P050112 | N18: Motor Breath | O18: ППК25211, (28.07.2025) [CNP] | P18: — | Q18: — | R18: CoQ-PP-2025-0013 | S18: P050112|I | T18: registered — legacy series, issued 06.06.2026 | U18: n/a — initial certificate | V18: 16.82 | W18: ППК25211 | X18: 18.00 ± 1.80 (I) | Y18: 16.20 – 19.79 % | Z18: MB_THC18 : CBD1 | AA18: QCSP_001_MB-I_v.01 | AB18: for review — replaces the issued QCSP_001_MB-I_v.01 (was MB_THC18 : CBD1, 16.20 – 19.80 %); now MB_THC18 : CBD1 16.20 – 19.79 %
A19: =IF(OR(C19="yes",C19="allocated"),COUNT(A$1:A18)+1,"") | B19: =IF(A19<>"","CoQ-PP_26-"&TEXT(A19,"000"),"— at issue —") | C19: yes | D19: =IF(OR(A19="",C19="allocated"),"",MAX(E19,IF(ISNUMBER(I19),I19,0),IFERROR(IF(ISNUMBER(INDEX('iCoA Register'!$F:$F,MATCH(S19,'iCoA Register'!$AA:$AA,0))),INDEX('iCoA Register'!$F:$F,MATCH(S19,'iCoA Register'!$AA:$AA,0)),0),0))) | E19: =IF(ISNUMBER(F19),MAX(DATE(2026,6,6),F19+7),DATE(2026,6,6)) | F19: 45848 | G19: ППК25176 | H19: =IFERROR(INDEX('iCoA Register'!$B:$B,MATCH("P050122|I",'iCoA Register'!$AA:$AA,0)),"—") | I19: =IFERROR(INDEX('iCoA Register'!$D:$D,MATCH("P050122|I",'iCoA Register'!$AA:$AA,0)),"") | J19: legacy | K19: initial release | L19: BSS1024_01/1 | M19: P050122 | N19: Blue Sunset Sherbet | O19: ППК25176, (10.07.2025) [CNP] | P19: — | Q19: — | R19: (assigned on issue) | S19: P050122|I | T19: registered — legacy series, issued 06.06.2026 | U19: n/a — initial certificate | V19: 23.42 | W19: ППК25176 | X19: 24.00 ± 2.11 (II) | Y19: 21.89 – 26.10 % | Z19: BSS_THC24 : CBD1 | AA19: QCSP_001_BSS-II_v.01 | AB19: for review — replaces the issued QCSP_001_BSS-II_v.01 (was BSS_THC20 : CBD1, 18.00 – 22.00 %); now BSS_THC24 : CBD1 21.89 – 26.10 %
A20: =IF(OR(C20="yes",C20="allocated"),COUNT(A$1:A19)+1,"") | B20: =IF(A20<>"","CoQ-PP_26-"&TEXT(A20,"000"),"— at issue —") | C20: yes | D20: =IF(OR(A20="",C20="allocated"),"",MAX(E20,IF(ISNUMBER(I20),I20,0),IFERROR(IF(ISNUMBER(INDEX('iCoA Register'!$F:$F,MATCH(S20,'iCoA Register'!$AA:$AA,0))),INDEX('iCoA Register'!$F:$F,MATCH(S20,'iCoA Register'!$AA:$AA,0)),0),0))) | E20: =IF(ISNUMBER(F20),MAX(DATE(2026,6,6),F20+7),DATE(2026,6,6)) | F20: 45905 | G20: ППК25257 | H20: =IFERROR(INDEX('iCoA Register'!$B:$B,MATCH("P050132|I",'iCoA Register'!$AA:$AA,0)),"—") | I20: =IFERROR(INDEX('iCoA Register'!$D:$D,MATCH("P050132|I",'iCoA Register'!$AA:$AA,0)),"") | J20: legacy | K20: initial release | L20: OPM052501 | M20: P050132 | N20: Orange Punch Mimosa | O20: ППК25257, (05.09.2025) [CNP] | P20: — | Q20: — | R20: (assigned on issue) | S20: P050132|I | T20: registered — legacy series, issued 06.06.2026 | U20: n/a — initial certificate | V20: 14.16 | W20: ППК25257 | X20: 14.00 ± 1.40 (III) | Y20: 12.60 – 15.39 % | Z20: OPM_THC14 : CBD1 | AA20: QCSP_001_OPM-III_v.01 | AB20: for review — new
A21: =IF(OR(C21="yes",C21="allocated"),COUNT(A$1:A20)+1,"") | B21: =IF(A21<>"","CoQ-PP_26-"&TEXT(A21,"000"),"— at issue —") | C21: yes | D21: =IF(OR(A21="",C21="allocated"),"",MAX(E21,IF(ISNUMBER(I21),I21,0),IFERROR(IF(ISNUMBER(INDEX('iCoA Register'!$F:$F,MATCH(S21,'iCoA Register'!$AA:$AA,0))),INDEX('iCoA Register'!$F:$F,MATCH(S21,'iCoA Register'!$AA:$AA,0)),0),0))) | E21: =IF(ISNUMBER(F21),MAX(DATE(2026,6,6),F21+7),DATE(2026,6,6)) | F21: 45919 | G21: ППК25279 | H21: =IFERROR(INDEX('iCoA Register'!$B:$B,MATCH("P050152|I",'iCoA Register'!$AA:$AA,0)),"—") | I21: =IFERROR(INDEX('iCoA Register'!$D:$D,MATCH("P050152|I",'iCoA Register'!$AA:$AA,0)),"") | J21: legacy | K21: initial release | L21: GP052501 | M21: P050152 | N21: Grape Pie | O21: ППК25279, (19.09.2025) [CNP] | P21: — | Q21: — | R21: CoQ-PP-2025-0014 | S21: P050152|I | T21: registered — legacy series, issued 06.06.2026 | U21: n/a — initial certificate | V21: 18.98 | W21: ППК25279 | X21: 20.00 ± 2.00 (III) | Y21: 18.00 – 21.99 % | Z21: GP_THC20 : CBD1 | AA21: QCSP_001_GP-III_v.01 | AB21: for review — replaces the issued QCSP_001_GP-III_v.01 (was GP_THC24 : CBD1, 22.61 – 25.39 %); now GP_THC20 : CBD1 18.00 – 21.99 %
A22: =IF(OR(C22="yes",C22="allocated"),COUNT(A$1:A21)+1,"") | B22: =IF(A22<>"","CoQ-PP_26-"&TEXT(A22,"000"),"— at issue —") | C22: yes | D22: =IF(OR(A22="",C22="allocated"),"",MAX(E22,IF(ISNUMBER(I22),I22,0),IFERROR(IF(ISNUMBER(INDEX('iCoA Register'!$F:$F,MATCH(S22,'iCoA Register'!$AA:$AA,0))),INDEX('iCoA Register'!$F:$F,MATCH(S22,'iCoA Register'!$AA:$AA,0)),0),0))) | E22: =IF(ISNUMBER(F22),MAX(DATE(2026,6,6),F22+7),DATE(2026,6,6)) | F22: — | G22: — | H22: =IFERROR(INDEX('iCoA Register'!$B:$B,MATCH("P050142|I",'iCoA Register'!$AA:$AA,0)),"—") | I22: =IFERROR(INDEX('iCoA Register'!$D:$D,MATCH("P050142|I",'iCoA Register'!$AA:$AA,0)),"") | J22: legacy | K22: initial release | L22: BSS1024_01/2 | M22: P050142 | N22: Blue Sunset Sherbet | O22: — no cannabinoid certificate from the initial testing — | P22: — | Q22: — | R22: (assigned on issue) | S22: P050142|I | T22: registered — legacy series, issued 06.06.2026 · initial certificate to locate: #3 (CNP), #4 (CNP), #5 (CNP), #6 (CNP), #8 (CNP), #9 (IJZ), #10 (CNP), #11 (CNP), #12 (CNP) | U22: n/a — initial certificate | V22: — | W22: — | X22: — | Y22: — | Z22: — | AA22: — | AB22: — | AC22: no Total THC result on this certificate
A23: =IF(OR(C23="yes",C23="allocated"),COUNT(A$1:A22)+1,"") | B23: =IF(A23<>"","CoQ-PP_26-"&TEXT(A23,"000"),"— at issue —") | C23: yes | D23: =IF(OR(A23="",C23="allocated"),"",MAX(E23,IF(ISNUMBER(I23),I23,0),IFERROR(IF(ISNUMBER(INDEX('iCoA Register'!$F:$F,MATCH(S23,'iCoA Register'!$AA:$AA,0))),INDEX('iCoA Register'!$F:$F,MATCH(S23,'iCoA Register'!$AA:$AA,0)),0),0))) | E23: =IF(ISNUMBER(F23),MAX(DATE(2026,6,6),F23+7),DATE(2026,6,6)) | F23: 45917 | G23: ППК25280 | H23: =IFERROR(INDEX('iCoA Register'!$B:$B,MATCH("P050162|I",'iCoA Register'!$AA:$AA,0)),"—") | I23: =IFERROR(INDEX('iCoA Register'!$D:$D,MATCH("P050162|I",'iCoA Register'!$AA:$AA,0)),"") | J23: legacy | K23: initial release | L23: CJ052501/01 | M23: P050162 | N23: Cap Junky | O23: ППК25280, (17.09.2025) [CNP] | P23: — | Q23: — | R23: CoQ-PP-2025-0015 | S23: P050162|I | T23: registered — legacy series, issued 06.06.2026 | U23: n/a — initial certificate | V23: 20.29 | W23: ППК25280 | X23: 20.00 ± 1.60 (III) | Y23: 18.40 – 21.59 % | Z23: CJ_THC20 : CBD1 | AA23: QCSP_001_CJ-III_v.01 | AB23: for review — replaces the issued QCSP_001_CJ-III_v.01 (was CJ_THC24 : CBD1, 23.00 – 25.00 %); now CJ_THC20 : CBD1 18.40 – 21.59 %
A24: =IF(OR(C24="yes",C24="allocated"),COUNT(A$1:A23)+1,"") | B24: =IF(A24<>"","CoQ-PP_26-"&TEXT(A24,"000"),"— at issue —") | C24: yes | D24: =IF(OR(A24="",C24="allocated"),"",MAX(E24,IF(ISNUMBER(I24),I24,0),IFERROR(IF(ISNUMBER(INDEX('iCoA Register'!$F:$F,MATCH(S24,'iCoA Register'!$AA:$AA,0))),INDEX('iCoA Register'!$F:$F,MATCH(S24,'iCoA Register'!$AA:$AA,0)),0),0))) | E24: =IF(ISNUMBER(F24),MAX(DATE(2026,6,6),F24+7),DATE(2026,6,6)) | F24: 45917 | G24: ППК25281 | H24: =IFERROR(INDEX('iCoA Register'!$B:$B,MATCH("P050172|I",'iCoA Register'!$AA:$AA,0)),"—") | I24: =IFERROR(INDEX('iCoA Register'!$D:$D,MATCH("P050172|I",'iCoA Register'!$AA:$AA,0)),"") | J24: legacy | K24: initial release | L24: CJ052501/02 | M24: P050172 | N24: Cap Junky | O24: ППК25281, (17.09.2025) [CNP] | P24: — | Q24: — | R24: (assigned on issue) | S24: P050172|I | T24: registered — legacy series, issued 06.06.2026 | U24: n/a — initial certificate | V24: 14.93 | W24: ППК25281 | X24: 14.00 ± 1.40 (V) | Y24: 12.60 – 15.39 % | Z24: CJ_THC14 : CBD1 | AA24: QCSP_001_CJ-V_v.01 | AB24: for review — new
A25: =IF(OR(C25="yes",C25="allocated"),COUNT(A$1:A24)+1,"") | B25: =IF(A25<>"","CoQ-PP_26-"&TEXT(A25,"000"),"— at issue —") | C25: yes | D25: =IF(OR(A25="",C25="allocated"),"",MAX(E25,IF(ISNUMBER(I25),I25,0),IFERROR(IF(ISNUMBER(INDEX('iCoA Register'!$F:$F,MATCH(S25,'iCoA Register'!$AA:$AA,0))),INDEX('iCoA Register'!$F:$F,MATCH(S25,'iCoA Register'!$AA:$AA,0)),0),0))) | E25: =IF(ISNUMBER(F25),MAX(DATE(2026,6,6),F25+7),DATE(2026,6,6)) | F25: 45919 | G25: ППК25278 | H25: =IFERROR(INDEX('iCoA Register'!$B:$B,MATCH("P050182|I",'iCoA Register'!$AA:$AA,0)),"—") | I25: =IFERROR(INDEX('iCoA Register'!$D:$D,MATCH("P050182|I",'iCoA Register'!$AA:$AA,0)),"") | J25: legacy | K25: initial release | L25: HPA052501 | M25: P050182 | N25: High Pro Amnesia | O25: ППК25278, (19.09.2025) [CNP] | P25: — | Q25: — | R25: CoQ-PP-2025-0016 | S25: P050182|I | T25: registered — legacy series, issued 06.06.2026 | U25: n/a — initial certificate | V25: 20.39 | W25: ППК25278 | X25: 22.00 ± 2.20 (I) | Y25: 19.80 – 24.19 % | Z25: HPA_THC22 : CBD1 | AA25: QCSP_001_HPA-I_v.01 | AB25: for review — replaces the issued QCSP_001_HPA-I_v.01 (was HPA_THC22 : CBD1, 21.00 – 23.00 %); now HPA_THC22 : CBD1 19.80 – 24.19 %
A26: =IF(OR(C26="yes",C26="allocated"),COUNT(A$1:A25)+1,"") | B26: =IF(A26<>"","CoQ-PP_26-"&TEXT(A26,"000"),"— at issue —") | C26: yes | D26: =IF(OR(A26="",C26="allocated"),"",MAX(E26,IF(ISNUMBER(I26),I26,0),IFERROR(IF(ISNUMBER(INDEX('iCoA Register'!$F:$F,MATCH(S26,'iCoA Register'!$AA:$AA,0))),INDEX('iCoA Register'!$F:$F,MATCH(S26,'iCoA Register'!$AA:$AA,0)),0),0))) | E26: =IF(ISNUMBER(F26),MAX(DATE(2026,6,6),F26+7),DATE(2026,6,6)) | F26: 45992 | G26: 5661-2025 | H26: =IFERROR(INDEX('iCoA Register'!$B:$B,MATCH("P050192|I",'iCoA Register'!$AA:$AA,0)),"—") | I26: =IFERROR(INDEX('iCoA Register'!$D:$D,MATCH("P050192|I",'iCoA Register'!$AA:$AA,0)),"") | J26: legacy | K26: initial release | L26: BSS052501 | M26: P050192 | N26: Sleepy Joe | O26: NGP-QCG-SOP-024 F3, (28.11.2025) [NGP] | P26: — | Q26: PP CoA #017 of 04.12.2025 | R26: CoQ-PP-2025-0017 | S26: P050192|I | T26: registered — legacy series, issued 06.06.2026 | U26: n/a — initial certificate | V26: 20.39 | W26: iCoA-PP_26-023 | X26: 20.00 ± 1.89 (III) | Y26: 18.11 – 21.88 % | Z26: BSS_THC20 : CBD1 | AA26: QCSP_001_BSS-III_v.01 | AB26: for review — new
A27: =IF(OR(C27="yes",C27="allocated"),COUNT(A$1:A26)+1,"") | B27: =IF(A27<>"","CoQ-PP_26-"&TEXT(A27,"000"),"— at issue —") | C27: yes | D27: =IF(OR(A27="",C27="allocated"),"",MAX(E27,IF(ISNUMBER(I27),I27,0),IFERROR(IF(ISNUMBER(INDEX('iCoA Register'!$F:$F,MATCH(S27,'iCoA Register'!$AA:$AA,0))),INDEX('iCoA Register'!$F:$F,MATCH(S27,'iCoA Register'!$AA:$AA,0)),0),0))) | E27: =IF(ISNUMBER(F27),MAX(DATE(2026,6,6),F27+7),DATE(2026,6,6)) | F27: 46086 | G27: ППК26036 | H27: =IFERROR(INDEX('iCoA Register'!$B:$B,MATCH("P050202|I",'iCoA Register'!$AA:$AA,0)),"—") | I27: =IFERROR(INDEX('iCoA Register'!$D:$D,MATCH("P050202|I",'iCoA Register'!$AA:$AA,0)),"") | J27: legacy | K27: initial release | L27: GP062501 | M27: P050202 | N27: Grape Pie | O27: NGP-QCG-SOP-024 F3, (28.11.2025) [NGP] | P27: — | Q27: PP CoA #016 of 04.10.2025 | R27: (assigned on issue) | S27: P050202|I | T27: registered — legacy series, issued 06.06.2026 | U27: n/a — initial certificate | V27: 24.89 | W27: iCoA-PP_26-024 | X27: 24.00 ± 2.00 (II) | Y27: 22.00 – 25.99 % | Z27: GP_THC24 : CBD1 | AA27: QCSP_001_GP-II_v.01 | AB27: for review — replaces the issued QCSP_001_GP-II_v.01 (was GP_THC26 : CBD1, 25.40 – 26.60 %); now GP_THC24 : CBD1 22.00 – 25.99 %
A28: =IF(OR(C28="yes",C28="allocated"),COUNT(A$1:A27)+1,"") | B28: =IF(A28<>"","CoQ-PP_26-"&TEXT(A28,"000"),"— at issue —") | C28: yes | D28: =IF(OR(A28="",C28="allocated"),"",MAX(E28,IF(ISNUMBER(I28),I28,0),IFERROR(IF(ISNUMBER(INDEX('iCoA Register'!$F:$F,MATCH(S28,'iCoA Register'!$AA:$AA,0))),INDEX('iCoA Register'!$F:$F,MATCH(S28,'iCoA Register'!$AA:$AA,0)),0),0))) | E28: =IF(ISNUMBER(F28),MAX(DATE(2026,6,6),F28+7),DATE(2026,6,6)) | F28: 45954 | G28: 4908-2025 | H28: =IFERROR(INDEX('iCoA Register'!$B:$B,MATCH("P050212|I",'iCoA Register'!$AA:$AA,0)),"—") | I28: =IFERROR(INDEX('iCoA Register'!$D:$D,MATCH("P050212|I",'iCoA Register'!$AA:$AA,0)),"") | J28: legacy | K28: initial release | L28: CJ062501/2 | M28: P050212 | N28: Cap Junky | O28: ППК25322, (23.10.2025) [CNP] | P28: — | Q28: PP CoA #028 of 24.01.2026 | R28: (assigned on issue) | S28: P050212|I | T28: registered — legacy series, issued 06.06.2026 | U28: n/a — initial certificate | V28: 16.56 | W28: ППК25322 | X28: 17.00 ± 1.40 (IV) | Y28: 15.60 – 18.39 % | Z28: CJ_THC17 : CBD1 | AA28: QCSP_001_CJ-IV_v.01 | AB28: for review — replaces the issued QCSP_001_CJ-IV_v.01 (was CJ_THC20 : CBD1, 18.00 – 22.00 %); now CJ_THC17 : CBD1 15.60 – 18.39 %
A29: =IF(OR(C29="yes",C29="allocated"),COUNT(A$1:A28)+1,"") | B29: =IF(A29<>"","CoQ-PP_26-"&TEXT(A29,"000"),"— at issue —") | C29: yes | D29: =IF(OR(A29="",C29="allocated"),"",MAX(E29,IF(ISNUMBER(I29),I29,0),IFERROR(IF(ISNUMBER(INDEX('iCoA Register'!$F:$F,MATCH(S29,'iCoA Register'!$AA:$AA,0))),INDEX('iCoA Register'!$F:$F,MATCH(S29,'iCoA Register'!$AA:$AA,0)),0),0))) | E29: =IF(ISNUMBER(F29),MAX(DATE(2026,6,6),F29+7),DATE(2026,6,6)) | F29: 45992 | G29: 1217-2168-25 | H29: =IFERROR(INDEX('iCoA Register'!$B:$B,MATCH("P050222|I",'iCoA Register'!$AA:$AA,0)),"—") | I29: =IFERROR(INDEX('iCoA Register'!$D:$D,MATCH("P050222|I",'iCoA Register'!$AA:$AA,0)),"") | J29: legacy | K29: initial release | L29: CJ062501/1 | M29: P050222 | N29: Cap Junky | O29: ППК25321, (23.10.2025) [CNP] | P29: — | Q29: — | R29: CoQ-PP-2025-0018 | S29: P050222|I | T29: registered — legacy series, issued 06.06.2026 | U29: n/a — initial certificate | V29: 21.51 | W29: ППК25321 | X29: 20.00 ± 1.60 (III) | Y29: 18.40 – 21.59 % | Z29: CJ_THC20 : CBD1 | AA29: QCSP_001_CJ-III_v.01 | AB29: for review — replaces the issued QCSP_001_CJ-III_v.01 (was CJ_THC24 : CBD1, 23.00 – 25.00 %); now CJ_THC20 : CBD1 18.40 – 21.59 %
A30: =IF(OR(C30="yes",C30="allocated"),COUNT(A$1:A29)+1,"") | B30: =IF(A30<>"","CoQ-PP_26-"&TEXT(A30,"000"),"— at issue —") | C30: yes | D30: =IF(OR(A30="",C30="allocated"),"",MAX(E30,IF(ISNUMBER(I30),I30,0),IFERROR(IF(ISNUMBER(INDEX('iCoA Register'!$F:$F,MATCH(S30,'iCoA Register'!$AA:$AA,0))),INDEX('iCoA Register'!$F:$F,MATCH(S30,'iCoA Register'!$AA:$AA,0)),0),0))) | E30: =IF(ISNUMBER(F30),MAX(DATE(2026,6,6),F30+7),DATE(2026,6,6)) | F30: 45993 | G30: 5697-2025 | H30: =IFERROR(INDEX('iCoA Register'!$B:$B,MATCH("P050252|I",'iCoA Register'!$AA:$AA,0)),"—") | I30: =IFERROR(INDEX('iCoA Register'!$D:$D,MATCH("P050252|I",'iCoA Register'!$AA:$AA,0)),"") | J30: legacy | K30: initial release | L30: CJ072501 | M30: P050252 | N30: Cap Junky | O30: ППК25367, (28.11.2025) [CNP] | P30: — | Q30: — | R30: (assigned on issue) | S30: P050252|I | T30: registered — legacy series, issued 06.06.2026 | U30: n/a — initial certificate | V30: 23.7 | W30: ППК25367 | X30: 24.00 ± 2.40 (II) | Y30: 21.60 – 26.39 % | Z30: CJ_THC24 : CBD1 | AA30: QCSP_001_CJ-II_v.01 | AB30: for review — replaces the issued QCSP_001_CJ-II_v.01 (was CJ_THC26 : CBD1, 25.01 – 26.99 %); now CJ_THC24 : CBD1 21.60 – 26.39 %
A31: =IF(OR(C31="yes",C31="allocated"),COUNT(A$1:A30)+1,"") | B31: =IF(A31<>"","CoQ-PP_26-"&TEXT(A31,"000"),"— at issue —") | C31: yes | D31: =IF(OR(A31="",C31="allocated"),"",MAX(E31,IF(ISNUMBER(I31),I31,0),IFERROR(IF(ISNUMBER(INDEX('iCoA Register'!$F:$F,MATCH(S31,'iCoA Register'!$AA:$AA,0))),INDEX('iCoA Register'!$F:$F,MATCH(S31,'iCoA Register'!$AA:$AA,0)),0),0))) | E31: =IF(ISNUMBER(F31),MAX(DATE(2026,6,6),F31+7),DATE(2026,6,6)) | F31: 45993 | G31: 5699-2025 | H31: =IFERROR(INDEX('iCoA Register'!$B:$B,MATCH("P050262|I",'iCoA Register'!$AA:$AA,0)),"—") | I31: =IFERROR(INDEX('iCoA Register'!$D:$D,MATCH("P050262|I",'iCoA Register'!$AA:$AA,0)),"") | J31: legacy | K31: initial release | L31: WC072501 | M31: P050262 | N31: Wedding Crusher | O31: ППК25369, (28.11.2025) [CNP] | P31: — | Q31: — | R31: (assigned on issue) | S31: P050262|I | T31: registered — legacy series, issued 06.06.2026 | U31: n/a — initial certificate | V31: 22.11 | W31: ППК25369 | X31: 22.00 ± 1.40 (II) | Y31: 20.60 – 23.39 % | Z31: WC_THC22 : CBD1 | AA31: QCSP_001_WC-II_v.01 | AB31: for review — new
A32: =IF(OR(C32="yes",C32="allocated"),COUNT(A$1:A31)+1,"") | B32: =IF(A32<>"","CoQ-PP_26-"&TEXT(A32,"000"),"— at issue —") | C32: yes | D32: =IF(OR(A32="",C32="allocated"),"",MAX(E32,IF(ISNUMBER(I32),I32,0),IFERROR(IF(ISNUMBER(INDEX('iCoA Register'!$F:$F,MATCH(S32,'iCoA Register'!$AA:$AA,0))),INDEX('iCoA Register'!$F:$F,MATCH(S32,'iCoA Register'!$AA:$AA,0)),0),0))) | E32: =IF(ISNUMBER(F32),MAX(DATE(2026,6,6),F32+7),DATE(2026,6,6)) | F32: 45993 | G32: 5698-2025 | H32: =IFERROR(INDEX('iCoA Register'!$B:$B,MATCH("P050272|I",'iCoA Register'!$AA:$AA,0)),"—") | I32: =IFERROR(INDEX('iCoA Register'!$D:$D,MATCH("P050272|I",'iCoA Register'!$AA:$AA,0)),"") | J32: legacy | K32: initial release | L32: PM072501 | M32: P050272 | N32: Permanent Marker | O32: ППК25368, (28.11.2025) [CNP] | P32: — | Q32: PP CoA #026 of 21.01.2026 | R32: (assigned on issue) | S32: P050272|I | T32: registered — legacy series, issued 06.06.2026 | U32: n/a — initial certificate | V32: 10.01 | W32: ППК25368 | X32: 10.00 ± 1.00 (III) | Y32: 9.00 – 10.99 % | Z32: PM_THC10 : CBD1 | AA32: QCSP_001_PM-III_v.01 | AB32: for review — new
A33: =IF(OR(C33="yes",C33="allocated"),COUNT(A$1:A32)+1,"") | B33: =IF(A33<>"","CoQ-PP_26-"&TEXT(A33,"000"),"— at issue —") | C33: yes | D33: =IF(OR(A33="",C33="allocated"),"",MAX(E33,IF(ISNUMBER(I33),I33,0),IFERROR(IF(ISNUMBER(INDEX('iCoA Register'!$F:$F,MATCH(S33,'iCoA Register'!$AA:$AA,0))),INDEX('iCoA Register'!$F:$F,MATCH(S33,'iCoA Register'!$AA:$AA,0)),0),0))) | E33: =IF(ISNUMBER(F33),MAX(DATE(2026,6,6),F33+7),DATE(2026,6,6)) | F33: 45993 | G33: 5700-2025 | H33: =IFERROR(INDEX('iCoA Register'!$B:$B,MATCH("P050282|I",'iCoA Register'!$AA:$AA,0)),"—") | I33: =IFERROR(INDEX('iCoA Register'!$D:$D,MATCH("P050282|I",'iCoA Register'!$AA:$AA,0)),"") | J33: legacy | K33: initial release | L33: CLE072501 | M33: P050282 | N33: Clemosa a Bud | O33: ППК25370, (28.11.2025) [CNP] | P33: — | Q33: — | R33: CoQ-PP-2025-0019 | S33: P050282|I | T33: registered — legacy series, issued 06.06.2026 | U33: n/a — initial certificate | V33: 8.02 | W33: PP CoA #027 / ППК25370 | X33: 8.00 ± 0.80 (I) | Y33: 7.20 – 8.79 % | Z33: CLE_THC8 : CBD1 | AA33: QCSP_001_CLE-I_v.01 | AB33: for review — replaces the issued QCSP_001_CLE-I_v.01 (was CLE_THC8 : CBD1, 7.20 – 8.80 %); now CLE_THC8 : CBD1 7.20 – 8.79 %
A34: =IF(OR(C34="yes",C34="allocated"),COUNT(A$1:A33)+1,"") | B34: =IF(A34<>"","CoQ-PP_26-"&TEXT(A34,"000"),"— at issue —") | C34: yes | D34: =IF(OR(A34="",C34="allocated"),"",MAX(E34,IF(ISNUMBER(I34),I34,0),IFERROR(IF(ISNUMBER(INDEX('iCoA Register'!$F:$F,MATCH(S34,'iCoA Register'!$AA:$AA,0))),INDEX('iCoA Register'!$F:$F,MATCH(S34,'iCoA Register'!$AA:$AA,0)),0),0))) | E34: =IF(ISNUMBER(F34),MAX(DATE(2026,6,6),F34+7),DATE(2026,6,6)) | F34: 46003 | G34: ППК25378 | H34: =IFERROR(INDEX('iCoA Register'!$B:$B,MATCH("P050292|I",'iCoA Register'!$AA:$AA,0)),"—") | I34: =IFERROR(INDEX('iCoA Register'!$D:$D,MATCH("P050292|I",'iCoA Register'!$AA:$AA,0)),"") | J34: legacy | K34: initial release | L34: GP072501/1 | M34: P050292 | N34: Grape Pie | O34: ППК25378, (12.12.2025) [CNP] | P34: — | Q34: — | R34: (assigned on issue) | S34: P050292|I | T34: registered — legacy series, issued 06.06.2026 | U34: n/a — initial certificate | V34: 21.36 | W34: PP CoA #018 / ППК25378 | X34: 20.00 ± 2.00 (III) | Y34: 18.00 – 21.99 % | Z34: GP_THC20 : CBD1 | AA34: QCSP_001_GP-III_v.01 | AB34: for review — replaces the issued QCSP_001_GP-III_v.01 (was GP_THC24 : CBD1, 22.61 – 25.39 %); now GP_THC20 : CBD1 18.00 – 21.99 %
A35: =IF(OR(C35="yes",C35="allocated"),COUNT(A$1:A34)+1,"") | B35: =IF(A35<>"","CoQ-PP_26-"&TEXT(A35,"000"),"— at issue —") | C35: yes | D35: =IF(OR(A35="",C35="allocated"),"",MAX(E35,IF(ISNUMBER(I35),I35,0),IFERROR(IF(ISNUMBER(INDEX('iCoA Register'!$F:$F,MATCH(S35,'iCoA Register'!$AA:$AA,0))),INDEX('iCoA Register'!$F:$F,MATCH(S35,'iCoA Register'!$AA:$AA,0)),0),0))) | E35: =IF(ISNUMBER(F35),MAX(DATE(2026,6,6),F35+7),DATE(2026,6,6)) | F35: 46003 | G35: ППК25379 | H35: =IFERROR(INDEX('iCoA Register'!$B:$B,MATCH("P050302|I",'iCoA Register'!$AA:$AA,0)),"—") | I35: =IFERROR(INDEX('iCoA Register'!$D:$D,MATCH("P050302|I",'iCoA Register'!$AA:$AA,0)),"") | J35: legacy | K35: initial release | L35: GP072501/2 | M35: P050302 | N35: Grape Pie | O35: ППК25379, (12.12.2025) [CNP] | P35: — | Q35: — | R35: CoQ-PP-2025-0020 | S35: P050302|I | T35: registered — legacy series, issued 06.06.2026 | U35: n/a — initial certificate | V35: 19.81 | W35: PP CoA #019 / ППК25379 | X35: 20.00 ± 2.00 (III) | Y35: 18.00 – 21.99 % | Z35: GP_THC20 : CBD1 | AA35: QCSP_001_GP-III_v.01 | AB35: for review — replaces the issued QCSP_001_GP-III_v.01 (was GP_THC24 : CBD1, 22.61 – 25.39 %); now GP_THC20 : CBD1 18.00 – 21.99 %
A36: =IF(OR(C36="yes",C36="allocated"),COUNT(A$1:A35)+1,"") | B36: =IF(A36<>"","CoQ-PP_26-"&TEXT(A36,"000"),"— at issue —") | C36: yes | D36: =IF(OR(A36="",C36="allocated"),"",MAX(E36,IF(ISNUMBER(I36),I36,0),IFERROR(IF(ISNUMBER(INDEX('iCoA Register'!$F:$F,MATCH(S36,'iCoA Register'!$AA:$AA,0))),INDEX('iCoA Register'!$F:$F,MATCH(S36,'iCoA Register'!$AA:$AA,0)),0),0))) | E36: =IF(ISNUMBER(F36),MAX(DATE(2026,6,6),F36+7),DATE(2026,6,6)) | F36: 46003 | G36: ППК25380 | H36: =IFERROR(INDEX('iCoA Register'!$B:$B,MATCH("P050312|I",'iCoA Register'!$AA:$AA,0)),"—") | I36: =IFERROR(INDEX('iCoA Register'!$D:$D,MATCH("P050312|I",'iCoA Register'!$AA:$AA,0)),"") | J36: legacy | K36: initial release | L36: GP082501/1 | M36: P050312 | N36: Grape Pie | O36: ППК25380, (12.12.2025) [CNP] | P36: — | Q36: — | R36: CoQ-PP-2025-0021 | S36: P050312|I | T36: registered — legacy series, issued 06.06.2026 | U36: n/a — initial certificate | V36: 21.29 | W36: PP CoA #020 / ППК25380 | X36: 20.00 ± 2.00 (III) | Y36: 18.00 – 21.99 % | Z36: GP_THC20 : CBD1 | AA36: QCSP_001_GP-III_v.01 | AB36: for review — replaces the issued QCSP_001_GP-III_v.01 (was GP_THC24 : CBD1, 22.61 – 25.39 %); now GP_THC20 : CBD1 18.00 – 21.99 %
A37: =IF(OR(C37="yes",C37="allocated"),COUNT(A$1:A36)+1,"") | B37: =IF(A37<>"","CoQ-PP_26-"&TEXT(A37,"000"),"— at issue —") | C37: yes | D37: =IF(OR(A37="",C37="allocated"),"",MAX(E37,IF(ISNUMBER(I37),I37,0),IFERROR(IF(ISNUMBER(INDEX('iCoA Register'!$F:$F,MATCH(S37,'iCoA Register'!$AA:$AA,0))),INDEX('iCoA Register'!$F:$F,MATCH(S37,'iCoA Register'!$AA:$AA,0)),0),0))) | E37: =IF(ISNUMBER(F37),MAX(DATE(2026,6,6),F37+7),DATE(2026,6,6)) | F37: 46003 | G37: ППК25381 | H37: =IFERROR(INDEX('iCoA Register'!$B:$B,MATCH("P050322|I",'iCoA Register'!$AA:$AA,0)),"—") | I37: =IFERROR(INDEX('iCoA Register'!$D:$D,MATCH("P050322|I",'iCoA Register'!$AA:$AA,0)),"") | J37: legacy | K37: initial release | L37: GP082501/2 | M37: P050322 | N37: Grape Pie | O37: ППК25381, (12.12.2025) [CNP] | P37: — | Q37: — | R37: CoQ-PP-2025-0022 | S37: P050322|I | T37: registered — legacy series, issued 06.06.2026 | U37: n/a — initial certificate | V37: 14.83 | W37: PP CoA #021 / ППК25381 | X37: 16.00 ± 1.60 (IV) | Y37: 14.40 – 17.59 % | Z37: GP_THC16 : CBD1 | AA37: QCSP_001_GP-IV_v.01 | AB37: for review — replaces the issued QCSP_001_GP-IV_v.01 (was GP_THC20 : CBD1, 18.00 – 22.00 %); now GP_THC16 : CBD1 14.40 – 17.59 %
A38: =IF(OR(C38="yes",C38="allocated"),COUNT(A$1:A37)+1,"") | B38: =IF(A38<>"","CoQ-PP_26-"&TEXT(A38,"000"),"— at issue —") | C38: yes | D38: =IF(OR(A38="",C38="allocated"),"",MAX(E38,IF(ISNUMBER(I38),I38,0),IFERROR(IF(ISNUMBER(INDEX('iCoA Register'!$F:$F,MATCH(S38,'iCoA Register'!$AA:$AA,0))),INDEX('iCoA Register'!$F:$F,MATCH(S38,'iCoA Register'!$AA:$AA,0)),0),0))) | E38: =IF(ISNUMBER(F38),MAX(DATE(2026,6,6),F38+7),DATE(2026,6,6)) | F38: 46055 | G38: 80-2026 | H38: =IFERROR(INDEX('iCoA Register'!$B:$B,MATCH("P060012|I",'iCoA Register'!$AA:$AA,0)),"—") | I38: =IFERROR(INDEX('iCoA Register'!$D:$D,MATCH("P060012|I",'iCoA Register'!$AA:$AA,0)),"") | J38: legacy | K38: initial release | L38: WC082501 | M38: P060012 | N38: Wedding Crusher | O38: ППК26001, (21.01.2026) [CNP] | P38: — | Q38: PP CoA #035 of 20.02.2026 | R38: CoQ-PP-2026-0001 | S38: P060012|I | T38: registered — legacy series, issued 06.06.2026 | U38: n/a — initial certificate | V38: 21.67 | W38: ППК26001 | X38: 22.00 ± 1.40 (II) | Y38: 20.60 – 23.39 % | Z38: WC_THC22 : CBD1 | AA38: QCSP_001_WC-II_v.01 | AB38: for review — new
A39: =IF(OR(C39="yes",C39="allocated"),COUNT(A$1:A38)+1,"") | B39: =IF(A39<>"","CoQ-PP_26-"&TEXT(A39,"000"),"— at issue —") | C39: yes | D39: =IF(OR(A39="",C39="allocated"),"",MAX(E39,IF(ISNUMBER(I39),I39,0),IFERROR(IF(ISNUMBER(INDEX('iCoA Register'!$F:$F,MATCH(S39,'iCoA Register'!$AA:$AA,0))),INDEX('iCoA Register'!$F:$F,MATCH(S39,'iCoA Register'!$AA:$AA,0)),0),0))) | E39: =IF(ISNUMBER(F39),MAX(DATE(2026,6,6),F39+7),DATE(2026,6,6)) | F39: 46055 | G39: 81-2026 | H39: =IFERROR(INDEX('iCoA Register'!$B:$B,MATCH("P060022|I",'iCoA Register'!$AA:$AA,0)),"—") | I39: =IFERROR(INDEX('iCoA Register'!$D:$D,MATCH("P060022|I",'iCoA Register'!$AA:$AA,0)),"") | J39: legacy | K39: initial release | L39: CJ082501/1 | M39: P060022 | N39: Cap Junky | O39: ППК26002, (21.01.2026) [CNP] | P39: — | Q39: PP CoA #041 of 20.02.2026 | R39: CoQ-PP-2026-0002 | S39: P060022|I | T39: registered — legacy series, issued 06.06.2026 | U39: n/a — initial certificate | V39: 24.96 | W39: ППК26002 | X39: 24.00 ± 2.40 (II) | Y39: 21.60 – 26.39 % | Z39: CJ_THC24 : CBD1 | AA39: QCSP_001_CJ-II_v.01 | AB39: for review — replaces the issued QCSP_001_CJ-II_v.01 (was CJ_THC26 : CBD1, 25.01 – 26.99 %); now CJ_THC24 : CBD1 21.60 – 26.39 %
A40: =IF(OR(C40="yes",C40="allocated"),COUNT(A$1:A39)+1,"") | B40: =IF(A40<>"","CoQ-PP_26-"&TEXT(A40,"000"),"— at issue —") | C40: yes | D40: =IF(OR(A40="",C40="allocated"),"",MAX(E40,IF(ISNUMBER(I40),I40,0),IFERROR(IF(ISNUMBER(INDEX('iCoA Register'!$F:$F,MATCH(S40,'iCoA Register'!$AA:$AA,0))),INDEX('iCoA Register'!$F:$F,MATCH(S40,'iCoA Register'!$AA:$AA,0)),0),0))) | E40: =IF(ISNUMBER(F40),MAX(DATE(2026,6,6),F40+7),DATE(2026,6,6)) | F40: 46055 | G40: 82-2026 | H40: =IFERROR(INDEX('iCoA Register'!$B:$B,MATCH("P060032|I",'iCoA Register'!$AA:$AA,0)),"—") | I40: =IFERROR(INDEX('iCoA Register'!$D:$D,MATCH("P060032|I",'iCoA Register'!$AA:$AA,0)),"") | J40: legacy | K40: initial release | L40: CJ082501/2 | M40: P060032 | N40: Cap Junky | O40: ППК26003, (21.01.2026) [CNP] | P40: — | Q40: PP CoA #034 of 20.02.2026 | R40: CoQ-PP-2026-0003 | S40: P060032|I | T40: registered — legacy series, issued 06.06.2026 | U40: n/a — initial certificate | V40: 20.84 | W40: ППК26003 | X40: 20.00 ± 1.60 (III) | Y40: 18.40 – 21.59 % | Z40: CJ_THC20 : CBD1 | AA40: QCSP_001_CJ-III_v.01 | AB40: for review — replaces the issued QCSP_001_CJ-III_v.01 (was CJ_THC24 : CBD1, 23.00 – 25.00 %); now CJ_THC20 : CBD1 18.40 – 21.59 %
A41: =IF(OR(C41="yes",C41="allocated"),COUNT(A$1:A40)+1,"") | B41: =IF(A41<>"","CoQ-PP_26-"&TEXT(A41,"000"),"— at issue —") | C41: yes | D41: =IF(OR(A41="",C41="allocated"),"",MAX(E41,IF(ISNUMBER(I41),I41,0),IFERROR(IF(ISNUMBER(INDEX('iCoA Register'!$F:$F,MATCH(S41,'iCoA Register'!$AA:$AA,0))),INDEX('iCoA Register'!$F:$F,MATCH(S41,'iCoA Register'!$AA:$AA,0)),0),0))) | E41: =IF(ISNUMBER(F41),MAX(DATE(2026,6,6),F41+7),DATE(2026,6,6)) | F41: 46056 | G41: 87-2026 | H41: =IFERROR(INDEX('iCoA Register'!$B:$B,MATCH("P060042|I",'iCoA Register'!$AA:$AA,0)),"—") | I41: =IFERROR(INDEX('iCoA Register'!$D:$D,MATCH("P060042|I",'iCoA Register'!$AA:$AA,0)),"") | J41: legacy | K41: initial release | L41: OPM092501 | M41: P060042 | N41: Orange Punch Mimosa | O41: ППК26008, (21.01.2026) [CNP] | P41: — | Q41: PP CoA #040 of 20.02.2026 | R41: CoQ-PP-2026-0004 | S41: P060042|I | T41: registered — legacy series, issued 06.06.2026 | U41: n/a — initial certificate | V41: 9.43 | W41: ППК26008 | X41: 10.00 ± 1.00 (IV) | Y41: 9.00 – 10.99 % | Z41: OPM_THC10 : CBD1 | AA41: QCSP_001_OPM-IV_v.01 | AB41: for review — replaces the issued QCSP_001_OPM-IV_v.01 (was OPM_THC10 : CBD1, 9.00 – 11.00 %); now OPM_THC10 : CBD1 9.00 – 10.99 %
A42: =IF(OR(C42="yes",C42="allocated"),COUNT(A$1:A41)+1,"") | B42: =IF(A42<>"","CoQ-PP_26-"&TEXT(A42,"000"),"— at issue —") | C42: yes | D42: =IF(OR(A42="",C42="allocated"),"",MAX(E42,IF(ISNUMBER(I42),I42,0),IFERROR(IF(ISNUMBER(INDEX('iCoA Register'!$F:$F,MATCH(S42,'iCoA Register'!$AA:$AA,0))),INDEX('iCoA Register'!$F:$F,MATCH(S42,'iCoA Register'!$AA:$AA,0)),0),0))) | E42: =IF(ISNUMBER(F42),MAX(DATE(2026,6,6),F42+7),DATE(2026,6,6)) | F42: 46055 | G42: 84-2026 | H42: =IFERROR(INDEX('iCoA Register'!$B:$B,MATCH("P060052|I",'iCoA Register'!$AA:$AA,0)),"—") | I42: =IFERROR(INDEX('iCoA Register'!$D:$D,MATCH("P060052|I",'iCoA Register'!$AA:$AA,0)),"") | J42: legacy | K42: initial release | L42: AB092501 | M42: P060052 | N42: Apple and Banana | O42: ППК26005, (21.01.2026) [CNP] | P42: — | Q42: PP CoA #037 of 20.02.2026 | R42: (assigned on issue) | S42: P060052|I | T42: registered — legacy series, issued 06.06.2026 | U42: n/a — initial certificate | V42: 16.93 | W42: PP CoA #037 / ППК26005 | X42: 18.00 ± 1.80 (II) | Y42: 16.20 – 19.79 % | Z42: AB_THC18 : CBD1 | AA42: QCSP_001_AB-II_v.01 | AB42: for review — new
A43: =IF(OR(C43="yes",C43="allocated"),COUNT(A$1:A42)+1,"") | B43: =IF(A43<>"","CoQ-PP_26-"&TEXT(A43,"000"),"— at issue —") | C43: yes | D43: =IF(OR(A43="",C43="allocated"),"",MAX(E43,IF(ISNUMBER(I43),I43,0),IFERROR(IF(ISNUMBER(INDEX('iCoA Register'!$F:$F,MATCH(S43,'iCoA Register'!$AA:$AA,0))),INDEX('iCoA Register'!$F:$F,MATCH(S43,'iCoA Register'!$AA:$AA,0)),0),0))) | E43: =IF(ISNUMBER(F43),MAX(DATE(2026,6,6),F43+7),DATE(2026,6,6)) | F43: 46055 | G43: 83-2026 | H43: =IFERROR(INDEX('iCoA Register'!$B:$B,MATCH("P060062|I",'iCoA Register'!$AA:$AA,0)),"—") | I43: =IFERROR(INDEX('iCoA Register'!$D:$D,MATCH("P060062|I",'iCoA Register'!$AA:$AA,0)),"") | J43: legacy | K43: initial release | L43: PM092501 | M43: P060062 | N43: Permanent Market | O43: ППК26004, (21.01.2026) [CNP] | P43: — | Q43: PP CoA #036 of 20.02.2026 | R43: CoQ-PP-2026-0005 | S43: P060062|I | T43: registered — legacy series, issued 06.06.2026 | U43: n/a — initial certificate | V43: 14.06 | W43: ППК26004 | X43: 14.00 ± 1.00 (I) | Y43: 13.00 – 14.99 % | Z43: PM_THC14 : CBD1 | AA43: QCSP_001_PM-I_v.01 | AB43: for review — replaces the issued QCSP_001_PM-I_v.01 (was PM_THC12 : CBD1, 11.01 – 12.99 %); now PM_THC14 : CBD1 13.00 – 14.99 %
A44: =IF(OR(C44="yes",C44="allocated"),COUNT(A$1:A43)+1,"") | B44: =IF(A44<>"","CoQ-PP_26-"&TEXT(A44,"000"),"— at issue —") | C44: yes | D44: =IF(OR(A44="",C44="allocated"),"",MAX(E44,IF(ISNUMBER(I44),I44,0),IFERROR(IF(ISNUMBER(INDEX('iCoA Register'!$F:$F,MATCH(S44,'iCoA Register'!$AA:$AA,0))),INDEX('iCoA Register'!$F:$F,MATCH(S44,'iCoA Register'!$AA:$AA,0)),0),0))) | E44: =IF(ISNUMBER(F44),MAX(DATE(2026,6,6),F44+7),DATE(2026,6,6)) | F44: 46055 | G44: 86-2026 | H44: =IFERROR(INDEX('iCoA Register'!$B:$B,MATCH("P060072|I",'iCoA Register'!$AA:$AA,0)),"—") | I44: =IFERROR(INDEX('iCoA Register'!$D:$D,MATCH("P060072|I",'iCoA Register'!$AA:$AA,0)),"") | J44: legacy | K44: initial release | L44: CJ092501 | M44: P060072 | N44: Cap Junky | O44: ППК26007, (21.01.2026) [CNP] | P44: — | Q44: PP CoA #039 of 20.02.2026 | R44: CoQ-PP-2026-0006 | S44: P060072|I | T44: registered — legacy series, issued 06.06.2026 | U44: n/a — initial certificate | V44: 22.3 | W44: ППК26007 | X44: 24.00 ± 2.40 (II) | Y44: 21.60 – 26.39 % | Z44: CJ_THC24 : CBD1 | AA44: QCSP_001_CJ-II_v.01 | AB44: for review — replaces the issued QCSP_001_CJ-II_v.01 (was CJ_THC26 : CBD1, 25.01 – 26.99 %); now CJ_THC24 : CBD1 21.60 – 26.39 %
A45: =IF(OR(C45="yes",C45="allocated"),COUNT(A$1:A44)+1,"") | B45: =IF(A45<>"","CoQ-PP_26-"&TEXT(A45,"000"),"— at issue —") | C45: yes | D45: =IF(OR(A45="",C45="allocated"),"",MAX(E45,IF(ISNUMBER(I45),I45,0),IFERROR(IF(ISNUMBER(INDEX('iCoA Register'!$F:$F,MATCH(S45,'iCoA Register'!$AA:$AA,0))),INDEX('iCoA Register'!$F:$F,MATCH(S45,'iCoA Register'!$AA:$AA,0)),0),0))) | E45: =IF(ISNUMBER(F45),MAX(DATE(2026,6,6),F45+7),DATE(2026,6,6)) | F45: 46055 | G45: 85-2026 | H45: =IFERROR(INDEX('iCoA Register'!$B:$B,MATCH("P060082|I",'iCoA Register'!$AA:$AA,0)),"—") | I45: =IFERROR(INDEX('iCoA Register'!$D:$D,MATCH("P060082|I",'iCoA Register'!$AA:$AA,0)),"") | J45: legacy | K45: initial release | L45: SJ0925021 | M45: P060082 | N45: Sleepy Joe | O45: ППК26006, (21.01.2026) [CNP] | P45: — | Q45: PP CoA #038 of 20.02.2026 | R45: CoQ-PP-2026-0007 | S45: P060082|I | T45: registered — legacy series, issued 06.06.2026 | U45: n/a — initial certificate | V45: 10.96 | W45: ППК26006 | X45: 10.00 ± 1.00 (II) | Y45: 9.00 – 10.99 % | Z45: SJ_THC10 : CBD1 | AA45: QCSP_001_SJ-II_v.01 | AB45: for review — replaces the issued QCSP_001_SJ-II_v.01 (was SJ_THC10 : CBD1, 9.00 – 11.00 %); now SJ_THC10 : CBD1 9.00 – 10.99 %
A46: =IF(OR(C46="yes",C46="allocated"),COUNT(A$1:A45)+1,"") | B46: =IF(A46<>"","CoQ-PP_26-"&TEXT(A46,"000"),"— at issue —") | C46: yes | D46: =IF(OR(A46="",C46="allocated"),"",MAX(E46,IF(ISNUMBER(I46),I46,0),IFERROR(IF(ISNUMBER(INDEX('iCoA Register'!$F:$F,MATCH(S46,'iCoA Register'!$AA:$AA,0))),INDEX('iCoA Register'!$F:$F,MATCH(S46,'iCoA Register'!$AA:$AA,0)),0),0))) | E46: =IF(ISNUMBER(F46),MAX(DATE(2026,6,6),F46+7),DATE(2026,6,6)) | F46: 46056 | G46: 88-2026 | H46: =IFERROR(INDEX('iCoA Register'!$B:$B,MATCH("P060092|I",'iCoA Register'!$AA:$AA,0)),"—") | I46: =IFERROR(INDEX('iCoA Register'!$D:$D,MATCH("P060092|I",'iCoA Register'!$AA:$AA,0)),"") | J46: legacy | K46: initial release | L46: GP092501 | M46: P060092 | N46: Grape Pie | O46: ППК26009, (21.01.2026) [CNP] | P46: — | Q46: PP CoA #033 of 20.02.2026 | R46: CoQ-PP-2026-0008 | S46: P060092|I | T46: registered — legacy series, issued 06.06.2026 | U46: n/a — initial certificate | V46: 25.73 | W46: ППК26009 | X46: 24.00 ± 2.00 (II) | Y46: 22.00 – 25.99 % | Z46: GP_THC24 : CBD1 | AA46: QCSP_001_GP-II_v.01 | AB46: for review — replaces the issued QCSP_001_GP-II_v.01 (was GP_THC26 : CBD1, 25.40 – 26.60 %); now GP_THC24 : CBD1 22.00 – 25.99 %
A47: =IF(OR(C47="yes",C47="allocated"),COUNT(A$1:A46)+1,"") | B47: =IF(A47<>"","CoQ-PP_26-"&TEXT(A47,"000"),"— at issue —") | C47: yes | D47: =IF(OR(A47="",C47="allocated"),"",MAX(E47,IF(ISNUMBER(I47),I47,0),IFERROR(IF(ISNUMBER(INDEX('iCoA Register'!$F:$F,MATCH(S47,'iCoA Register'!$AA:$AA,0))),INDEX('iCoA Register'!$F:$F,MATCH(S47,'iCoA Register'!$AA:$AA,0)),0),0))) | E47: =IF(ISNUMBER(F47),MAX(DATE(2026,6,6),F47+7),DATE(2026,6,6)) | F47: — | G47: — | H47: =IFERROR(INDEX('iCoA Register'!$B:$B,MATCH("P060102|I",'iCoA Register'!$AA:$AA,0)),"—") | I47: =IFERROR(INDEX('iCoA Register'!$D:$D,MATCH("P060102|I",'iCoA Register'!$AA:$AA,0)),"") | J47: legacy | K47: initial release | L47: WED102501 | M47: P060102 | N47: Wedding Cake | O47: — no cannabinoid certificate from the initial testing — | P47: — | Q47: — | R47: (assigned on issue) | S47: P060102|I | T47: registered — legacy series, issued 06.06.2026 · initial certificate to locate: #3 (CNP), #4 (CNP), #5 (CNP), #6 (CNP), #8 (CNP), #9 (IJZ), #10 (CNP), #11 (CNP), #12 (CNP) | U47: n/a — initial certificate | V47: — | W47: — | X47: — | Y47: — | Z47: — | AA47: — | AB47: — | AC47: strain not in the potency specification of 15.09.2026
A48: =IF(OR(C48="yes",C48="allocated"),COUNT(A$1:A47)+1,"") | B48: =IF(A48<>"","CoQ-PP_26-"&TEXT(A48,"000"),"— at issue —") | C48: yes | D48: =IF(OR(A48="",C48="allocated"),"",MAX(E48,IF(ISNUMBER(I48),I48,0),IFERROR(IF(ISNUMBER(INDEX('iCoA Register'!$F:$F,MATCH(S48,'iCoA Register'!$AA:$AA,0))),INDEX('iCoA Register'!$F:$F,MATCH(S48,'iCoA Register'!$AA:$AA,0)),0),0))) | E48: =IF(ISNUMBER(F48),MAX(DATE(2026,6,6),F48+7),DATE(2026,6,6)) | F48: — | G48: — | H48: =IFERROR(INDEX('iCoA Register'!$B:$B,MATCH("P060112|I",'iCoA Register'!$AA:$AA,0)),"—") | I48: =IFERROR(INDEX('iCoA Register'!$D:$D,MATCH("P060112|I",'iCoA Register'!$AA:$AA,0)),"") | J48: legacy | K48: initial release | L48: PUM102501 | M48: P060112 | N48: Pure Michigen | O48: — no cannabinoid certificate from the initial testing — | P48: — | Q48: — | R48: CoQ-PP-2026-0009 | S48: P060112|I | T48: registered — legacy series, issued 06.06.2026 · initial certificate to locate: #3 (CNP), #4 (CNP), #5 (CNP), #6 (CNP), #8 (CNP), #9 (IJZ), #10 (CNP), #11 (CNP), #12 (CNP) | U48: n/a — initial certificate | V48: — | W48: — | X48: — | Y48: — | Z48: — | AA48: — | AB48: — | AC48: no Total THC result on this certificate
A49: =IF(OR(C49="yes",C49="allocated"),COUNT(A$1:A48)+1,"") | B49: =IF(A49<>"","CoQ-PP_26-"&TEXT(A49,"000"),"— at issue —") | C49: yes | D49: =IF(OR(A49="",C49="allocated"),"",MAX(E49,IF(ISNUMBER(I49),I49,0),IFERROR(IF(ISNUMBER(INDEX('iCoA Register'!$F:$F,MATCH(S49,'iCoA Register'!$AA:$AA,0))),INDEX('iCoA Register'!$F:$F,MATCH(S49,'iCoA Register'!$AA:$AA,0)),0),0))) | E49: =IF(ISNUMBER(F49),MAX(DATE(2026,6,6),F49+7),DATE(2026,6,6)) | F49: — | G49: — | H49: =IFERROR(INDEX('iCoA Register'!$B:$B,MATCH("P060122|I",'iCoA Register'!$AA:$AA,0)),"—") | I49: =IFERROR(INDEX('iCoA Register'!$D:$D,MATCH("P060122|I",'iCoA Register'!$AA:$AA,0)),"") | J49: legacy | K49: initial release | L49: ACC102501 | M49: P060122 | N49: Amnesia Core Cut | O49: — no cannabinoid certificate from the initial testing — | P49: — | Q49: — | R49: CoQ-PP-2026-0010 | S49: P060122|I | T49: registered — legacy series, issued 06.06.2026 · initial certificate to locate: #3 (CNP), #4 (CNP), #5 (CNP), #6 (CNP), #8 (CNP), #9 (IJZ), #10 (CNP), #11 (CNP), #12 (CNP) | U49: n/a — initial certificate | V49: — | W49: — | X49: — | Y49: — | Z49: — | AA49: — | AB49: — | AC49: no Total THC result on this certificate
A50: =IF(OR(C50="yes",C50="allocated"),COUNT(A$1:A49)+1,"") | B50: =IF(A50<>"","CoQ-PP_26-"&TEXT(A50,"000"),"— at issue —") | C50: yes | D50: =IF(OR(A50="",C50="allocated"),"",MAX(E50,IF(ISNUMBER(I50),I50,0),IFERROR(IF(ISNUMBER(INDEX('iCoA Register'!$F:$F,MATCH(S50,'iCoA Register'!$AA:$AA,0))),INDEX('iCoA Register'!$F:$F,MATCH(S50,'iCoA Register'!$AA:$AA,0)),0),0))) | E50: =IF(ISNUMBER(F50),MAX(DATE(2026,6,6),F50+7),DATE(2026,6,6)) | F50: — | G50: — | H50: =IFERROR(INDEX('iCoA Register'!$B:$B,MATCH("P060132|I",'iCoA Register'!$AA:$AA,0)),"—") | I50: =IFERROR(INDEX('iCoA Register'!$D:$D,MATCH("P060132|I",'iCoA Register'!$AA:$AA,0)),"") | J50: legacy | K50: initial release | L50: CF102501 | M50: P060132 | N50: Chem Flyer | O50: — no cannabinoid certificate from the initial testing — | P50: — | Q50: — | R50: CoQ-PP-2026-0011 | S50: P060132|I | T50: registered — legacy series, issued 06.06.2026 · initial certificate to locate: #3 (CNP), #4 (CNP), #5 (CNP), #6 (CNP), #8 (CNP), #9 (IJZ), #10 (CNP), #11 (CNP), #12 (CNP) | U50: n/a — initial certificate | V50: — | W50: — | X50: — | Y50: — | Z50: — | AA50: — | AB50: — | AC50: no Total THC result on this certificate
A51: =IF(OR(C51="yes",C51="allocated"),COUNT(A$1:A50)+1,"") | B51: =IF(A51<>"","CoQ-PP_26-"&TEXT(A51,"000"),"— at issue —") | C51: yes | D51: =IF(OR(A51="",C51="allocated"),"",MAX(E51,IF(ISNUMBER(I51),I51,0),IFERROR(IF(ISNUMBER(INDEX('iCoA Register'!$F:$F,MATCH(S51,'iCoA Register'!$AA:$AA,0))),INDEX('iCoA Register'!$F:$F,MATCH(S51,'iCoA Register'!$AA:$AA,0)),0),0))) | E51: =IF(ISNUMBER(F51),MAX(DATE(2026,6,6),F51+7),DATE(2026,6,6)) | F51: — | G51: — | H51: =IFERROR(INDEX('iCoA Register'!$B:$B,MATCH("P060142|I",'iCoA Register'!$AA:$AA,0)),"—") | I51: =IFERROR(INDEX('iCoA Register'!$D:$D,MATCH("P060142|I",'iCoA Register'!$AA:$AA,0)),"") | J51: legacy | K51: initial release | L51: GRC102501 | M51: P060142 | N51: Graps & Creme | O51: — no cannabinoid certificate from the initial testing — | P51: — | Q51: — | R51: (assigned on issue) | S51: P060142|I | T51: registered — legacy series, issued 06.06.2026 · initial certificate to locate: #3 (CNP), #4 (CNP), #5 (CNP), #6 (CNP), #8 (CNP), #9 (IJZ), #10 (CNP), #11 (CNP), #12 (CNP) | U51: n/a — initial certificate | V51: — | W51: — | X51: — | Y51: — | Z51: — | AA51: — | AB51: — | AC51: no Total THC result on this certificate
A52: =IF(OR(C52="yes",C52="allocated"),COUNT(A$1:A51)+1,"") | B52: =IF(A52<>"","CoQ-PP_26-"&TEXT(A52,"000"),"— at issue —") | C52: yes | D52: =IF(OR(A52="",C52="allocated"),"",MAX(E52,IF(ISNUMBER(I52),I52,0),IFERROR(IF(ISNUMBER(INDEX('iCoA Register'!$F:$F,MATCH(S52,'iCoA Register'!$AA:$AA,0))),INDEX('iCoA Register'!$F:$F,MATCH(S52,'iCoA Register'!$AA:$AA,0)),0),0))) | E52: =IF(ISNUMBER(F52),MAX(DATE(2026,6,6),F52+7),DATE(2026,6,6)) | F52: 46083 | G52: 051-1-LoD-26 | H52: =IFERROR(INDEX('iCoA Register'!$B:$B,MATCH("P060152|I",'iCoA Register'!$AA:$AA,0)),"—") | I52: =IFERROR(INDEX('iCoA Register'!$D:$D,MATCH("P060152|I",'iCoA Register'!$AA:$AA,0)),"") | J52: legacy | K52: initial release | L52: J31102501 | M52: P060152 | N52: Jokerz 31 | O52: 051-1-K-26, (04.03.2026) [FHM-K] | P52: — | Q52: — | R52: CoQ-PP-2026-0012 | S52: P060152|I | T52: registered — legacy series, issued 06.06.2026 · initial certificate to locate: #9 (IJZ), #10 (CNP), #11 (CNP), #12 (CNP) | U52: n/a — initial certificate | V52: 19.14 | W52: 051-1-K/26 | X52: 18.00 ± 1.80 (III) | Y52: 16.20 – 19.79 % | Z52: J31_THC18 : CBD1 | AA52: QCSP_001_J31-III_v.01 | AB52: for review — new
A53: =IF(OR(C53="yes",C53="allocated"),COUNT(A$1:A52)+1,"") | B53: =IF(A53<>"","CoQ-PP_26-"&TEXT(A53,"000"),"— at issue —") | C53: yes | D53: =IF(OR(A53="",C53="allocated"),"",MAX(E53,IF(ISNUMBER(I53),I53,0),IFERROR(IF(ISNUMBER(INDEX('iCoA Register'!$F:$F,MATCH(S53,'iCoA Register'!$AA:$AA,0))),INDEX('iCoA Register'!$F:$F,MATCH(S53,'iCoA Register'!$AA:$AA,0)),0),0))) | E53: =IF(ISNUMBER(F53),MAX(DATE(2026,6,6),F53+7),DATE(2026,6,6)) | F53: 46083 | G53: 051-3-LoD-26 | H53: =IFERROR(INDEX('iCoA Register'!$B:$B,MATCH("P060162|I",'iCoA Register'!$AA:$AA,0)),"—") | I53: =IFERROR(INDEX('iCoA Register'!$D:$D,MATCH("P060162|I",'iCoA Register'!$AA:$AA,0)),"") | J53: legacy | K53: initial release | L53: SJ102501 | M53: P060162 | N53: Sleepy Joe | O53: 051-3-K-26, (04.03.2026) [FHM-K] | P53: — | Q53: — | R53: (assigned on issue) | S53: P060162|I | T53: registered — legacy series, issued 06.06.2026 · initial certificate to locate: #9 (IJZ), #10 (CNP), #11 (CNP), #12 (CNP) | U53: n/a — initial certificate | V53: 11.2 | W53: 051-3-K/26 | X53: 12.00 ± 1.00 (I) | Y53: 11.00 – 12.99 % | Z53: SJ_THC12 : CBD1 | AA53: QCSP_001_SJ-I_v.01 | AB53: for review — new
A54: =IF(OR(C54="yes",C54="allocated"),COUNT(A$1:A53)+1,"") | B54: =IF(A54<>"","CoQ-PP_26-"&TEXT(A54,"000"),"— at issue —") | C54: yes | D54: =IF(OR(A54="",C54="allocated"),"",MAX(E54,IF(ISNUMBER(I54),I54,0),IFERROR(IF(ISNUMBER(INDEX('iCoA Register'!$F:$F,MATCH(S54,'iCoA Register'!$AA:$AA,0))),INDEX('iCoA Register'!$F:$F,MATCH(S54,'iCoA Register'!$AA:$AA,0)),0),0))) | E54: =IF(ISNUMBER(F54),MAX(DATE(2026,6,6),F54+7),DATE(2026,6,6)) | F54: 46083 | G54: 051-4-LoD-26 | H54: =IFERROR(INDEX('iCoA Register'!$B:$B,MATCH("P060172|I",'iCoA Register'!$AA:$AA,0)),"—") | I54: =IFERROR(INDEX('iCoA Register'!$D:$D,MATCH("P060172|I",'iCoA Register'!$AA:$AA,0)),"") | J54: legacy | K54: initial release | L54: KC102501 | M54: P060172 | N54: Kush Crasher | O54: 051-4-K-26, (04.03.2026) [FHM-K] | P54: — | Q54: — | R54: CoQ-PP-2026-0013 | S54: P060172|I | T54: registered — legacy series, issued 06.06.2026 · initial certificate to locate: #9 (IJZ), #10 (CNP), #11 (CNP), #12 (CNP) | U54: n/a — initial certificate | V54: 17.04 | W54: 051-4-K/26 | X54: 18.00 ± 1.80 (I) | Y54: 16.20 – 19.79 % | Z54: KC_THC18 : CBD1 | AA54: QCSP_001_KC-I_v.01 | AB54: for review — replaces the issued QCSP_001_KC-I_v.01 (was KC_THC18 : CBD1, 16.20 – 19.80 %); now KC_THC18 : CBD1 16.20 – 19.79 %
A55: =IF(OR(C55="yes",C55="allocated"),COUNT(A$1:A54)+1,"") | B55: =IF(A55<>"","CoQ-PP_26-"&TEXT(A55,"000"),"— at issue —") | C55: yes | D55: =IF(OR(A55="",C55="allocated"),"",MAX(E55,IF(ISNUMBER(I55),I55,0),IFERROR(IF(ISNUMBER(INDEX('iCoA Register'!$F:$F,MATCH(S55,'iCoA Register'!$AA:$AA,0))),INDEX('iCoA Register'!$F:$F,MATCH(S55,'iCoA Register'!$AA:$AA,0)),0),0))) | E55: =IF(ISNUMBER(F55),MAX(DATE(2026,6,6),F55+7),DATE(2026,6,6)) | F55: 46083 | G55: 051-6-LoD-26 | H55: =IFERROR(INDEX('iCoA Register'!$B:$B,MATCH("P060182|I",'iCoA Register'!$AA:$AA,0)),"—") | I55: =IFERROR(INDEX('iCoA Register'!$D:$D,MATCH("P060182|I",'iCoA Register'!$AA:$AA,0)),"") | J55: legacy | K55: initial release | L55: GRC102501 | M55: P060182 | N55: Graps & Creme | O55: 051-6-K-26, (04.03.2026) [FHM-K] | P55: — | Q55: — | R55: CoQ-PP-2026-0014 | S55: P060182|I | T55: registered — legacy series, issued 06.06.2026 · initial certificate to locate: #9 (IJZ), #10 (CNP), #11 (CNP), #12 (CNP) | U55: n/a — initial certificate | V55: 11.53 | W55: 051-6-K/26 | X55: 12.00 ± 1.00 (I) | Y55: 11.00 – 12.99 % | Z55: GRC_THC12 : CBD1 | AA55: QCSP_001_GRC-I_v.01 | AB55: for review — new
A56: =IF(OR(C56="yes",C56="allocated"),COUNT(A$1:A55)+1,"") | B56: =IF(A56<>"","CoQ-PP_26-"&TEXT(A56,"000"),"— at issue —") | C56: yes | D56: =IF(OR(A56="",C56="allocated"),"",MAX(E56,IF(ISNUMBER(I56),I56,0),IFERROR(IF(ISNUMBER(INDEX('iCoA Register'!$F:$F,MATCH(S56,'iCoA Register'!$AA:$AA,0))),INDEX('iCoA Register'!$F:$F,MATCH(S56,'iCoA Register'!$AA:$AA,0)),0),0))) | E56: =IF(ISNUMBER(F56),MAX(DATE(2026,6,6),F56+7),DATE(2026,6,6)) | F56: 46083 | G56: 051-2-LoD-26 | H56: =IFERROR(INDEX('iCoA Register'!$B:$B,MATCH("P060192|I",'iCoA Register'!$AA:$AA,0)),"—") | I56: =IFERROR(INDEX('iCoA Register'!$D:$D,MATCH("P060192|I",'iCoA Register'!$AA:$AA,0)),"") | J56: legacy | K56: initial release | L56: SJ112501 | M56: P060192 | N56: Sleepy Joe | O56: 051-2-K-26, (04.03.2026) [FHM-K] | P56: — | Q56: — | R56: (assigned on issue) | S56: P060192|I | T56: registered — legacy series, issued 06.06.2026 · initial certificate to locate: #9 (IJZ), #10 (CNP), #11 (CNP), #12 (CNP) | U56: n/a — initial certificate | V56: 9.2 | W56: 051-2-K/26 | X56: 10.00 ± 1.00 (II) | Y56: 9.00 – 10.99 % | Z56: SJ_THC10 : CBD1 | AA56: QCSP_001_SJ-II_v.01 | AB56: for review — replaces the issued QCSP_001_SJ-II_v.01 (was SJ_THC10 : CBD1, 9.00 – 11.00 %); now SJ_THC10 : CBD1 9.00 – 10.99 %
A57: =IF(OR(C57="yes",C57="allocated"),COUNT(A$1:A56)+1,"") | B57: =IF(A57<>"","CoQ-PP_26-"&TEXT(A57,"000"),"— at issue —") | C57: yes | D57: =IF(OR(A57="",C57="allocated"),"",MAX(E57,IF(ISNUMBER(I57),I57,0),IFERROR(IF(ISNUMBER(INDEX('iCoA Register'!$F:$F,MATCH(S57,'iCoA Register'!$AA:$AA,0))),INDEX('iCoA Register'!$F:$F,MATCH(S57,'iCoA Register'!$AA:$AA,0)),0),0))) | E57: =IF(ISNUMBER(F57),MAX(DATE(2026,6,6),F57+7),DATE(2026,6,6)) | F57: 46083 | G57: 051-5-LoD-26 | H57: =IFERROR(INDEX('iCoA Register'!$B:$B,MATCH("P060202|I",'iCoA Register'!$AA:$AA,0)),"—") | I57: =IFERROR(INDEX('iCoA Register'!$D:$D,MATCH("P060202|I",'iCoA Register'!$AA:$AA,0)),"") | J57: legacy | K57: initial release | L57: J31112501 | M57: P060202 | N57: Jokerz 31 | O57: 051-5-K-26, (04.03.2026) [FHM-K] | P57: — | Q57: — | R57: (assigned on issue) | S57: P060202|I | T57: registered — legacy series, issued 06.06.2026 · initial certificate to locate: #9 (IJZ), #10 (CNP), #11 (CNP), #12 (CNP) | U57: n/a — initial certificate | V57: 25.27 | W57: 051-5-K/26 | X57: 26.00 ± 1.80 (I) | Y57: 24.20 – 27.79 % | Z57: J31_THC26 : CBD1 | AA57: QCSP_001_J31-I_v.01 | AB57: for review — new
A58: =IF(OR(C58="yes",C58="allocated"),COUNT(A$1:A57)+1,"") | B58: =IF(A58<>"","CoQ-PP_26-"&TEXT(A58,"000"),"— at issue —") | C58: yes | D58: =IF(OR(A58="",C58="allocated"),"",MAX(E58,IF(ISNUMBER(I58),I58,0),IFERROR(IF(ISNUMBER(INDEX('iCoA Register'!$F:$F,MATCH(S58,'iCoA Register'!$AA:$AA,0))),INDEX('iCoA Register'!$F:$F,MATCH(S58,'iCoA Register'!$AA:$AA,0)),0),0))) | E58: =IF(ISNUMBER(F58),MAX(DATE(2026,6,6),F58+7),DATE(2026,6,6)) | F58: 46153 | G58: ППК26063 | H58: =IFERROR(INDEX('iCoA Register'!$B:$B,MATCH("P060212|I",'iCoA Register'!$AA:$AA,0)),"—") | I58: =IFERROR(INDEX('iCoA Register'!$D:$D,MATCH("P060212|I",'iCoA Register'!$AA:$AA,0)),"") | J58: legacy | K58: initial release | L58: JD112501 | M58: P060212 | N58: Jelly Donutz | O58: ППК26063, (11.05.2026) [CNP] | P58: — | Q58: — | R58: CoQ-PP-2026-0015 | S58: P060212|I | T58: registered — legacy series, issued 06.06.2026 | U58: n/a — initial certificate | V58: 19.64 | W58: ППК26063 | X58: 18.00 ± 1.80 (II) | Y58: 16.20 – 19.79 % | Z58: JD_THC18 : CBD1 | AA58: QCSP_001_JD-II_v.01 | AB58: for review — replaces the issued QCSP_001_JD-II_v.01 (was JD_THC16 : CBD1, 14.91 – 17.09 %); now JD_THC18 : CBD1 16.20 – 19.79 %
A59: =IF(OR(C59="yes",C59="allocated"),COUNT(A$1:A58)+1,"") | B59: =IF(A59<>"","CoQ-PP_26-"&TEXT(A59,"000"),"— at issue —") | C59: yes | D59: =IF(OR(A59="",C59="allocated"),"",MAX(E59,IF(ISNUMBER(I59),I59,0),IFERROR(IF(ISNUMBER(INDEX('iCoA Register'!$F:$F,MATCH(S59,'iCoA Register'!$AA:$AA,0))),INDEX('iCoA Register'!$F:$F,MATCH(S59,'iCoA Register'!$AA:$AA,0)),0),0))) | E59: =IF(ISNUMBER(F59),MAX(DATE(2026,6,6),F59+7),DATE(2026,6,6)) | F59: 46086 | G59: ППК26031 | H59: =IFERROR(INDEX('iCoA Register'!$B:$B,MATCH("P060222|I",'iCoA Register'!$AA:$AA,0)),"—") | I59: =IFERROR(INDEX('iCoA Register'!$D:$D,MATCH("P060222|I",'iCoA Register'!$AA:$AA,0)),"") | J59: legacy | K59: initial release | L59: OPM112501 | M59: P060222 | N59: Orange Punch Mimosa | O59: ППК26031, (05.03.2026) [CNP] | P59: — | Q59: — | R59: (assigned on issue) | S59: P060222|I | T59: registered — legacy series, issued 06.06.2026 · initial certificate to locate: #9 (IJZ), #10 (CNP), #11 (CNP), #12 (CNP) | U59: n/a — initial certificate | V59: 8 | W59: ППК26031 | X59: 8.00 ± 0.80 (V) | Y59: 7.20 – 8.79 % | Z59: OPM_THC8 : CBD1 | AA59: QCSP_001_OPM-V_v.01 | AB59: for review — replaces the issued QCSP_001_OPM-V_v.01 (was OPM_THC8 : CBD1, 7.20 – 8.80 %); now OPM_THC8 : CBD1 7.20 – 8.79 %
A60: =IF(OR(C60="yes",C60="allocated"),COUNT(A$1:A59)+1,"") | B60: =IF(A60<>"","CoQ-PP_26-"&TEXT(A60,"000"),"— at issue —") | C60: yes | D60: =IF(OR(A60="",C60="allocated"),"",MAX(E60,IF(ISNUMBER(I60),I60,0),IFERROR(IF(ISNUMBER(INDEX('iCoA Register'!$F:$F,MATCH(S60,'iCoA Register'!$AA:$AA,0))),INDEX('iCoA Register'!$F:$F,MATCH(S60,'iCoA Register'!$AA:$AA,0)),0),0))) | E60: =IF(ISNUMBER(F60),MAX(DATE(2026,6,6),F60+7),DATE(2026,6,6)) | F60: 46086 | G60: ППК26030 | H60: =IFERROR(INDEX('iCoA Register'!$B:$B,MATCH("P060232|I",'iCoA Register'!$AA:$AA,0)),"—") | I60: =IFERROR(INDEX('iCoA Register'!$D:$D,MATCH("P060232|I",'iCoA Register'!$AA:$AA,0)),"") | J60: legacy | K60: initial release | L60: PM112501 | M60: P060232 | N60: Permanent Marker | O60: ППК26030, (05.03.2026) [CNP] | P60: — | Q60: — | R60: CoQ-PP-2026-0016 | S60: P060232|I | T60: registered — legacy series, issued 06.06.2026 · initial certificate to locate: #9 (IJZ), #10 (CNP), #11 (CNP), #12 (CNP) | U60: n/a — initial certificate | V60: 13.33 | W60: ППК26030 | X60: 14.00 ± 1.00 (I) | Y60: 13.00 – 14.99 % | Z60: PM_THC14 : CBD1 | AA60: QCSP_001_PM-I_v.01 | AB60: for review — replaces the issued QCSP_001_PM-I_v.01 (was PM_THC12 : CBD1, 11.01 – 12.99 %); now PM_THC14 : CBD1 13.00 – 14.99 %
A61: =IF(OR(C61="yes",C61="allocated"),COUNT(A$1:A60)+1,"") | B61: =IF(A61<>"","CoQ-PP_26-"&TEXT(A61,"000"),"— at issue —") | C61: yes | D61: =IF(OR(A61="",C61="allocated"),"",MAX(E61,IF(ISNUMBER(I61),I61,0),IFERROR(IF(ISNUMBER(INDEX('iCoA Register'!$F:$F,MATCH(S61,'iCoA Register'!$AA:$AA,0))),INDEX('iCoA Register'!$F:$F,MATCH(S61,'iCoA Register'!$AA:$AA,0)),0),0))) | E61: =IF(ISNUMBER(F61),MAX(DATE(2026,6,6),F61+7),DATE(2026,6,6)) | F61: 46135 | G61: 1627-2026 | H61: =IFERROR(INDEX('iCoA Register'!$B:$B,MATCH("P060242|I",'iCoA Register'!$AA:$AA,0)),"—") | I61: =IFERROR(INDEX('iCoA Register'!$D:$D,MATCH("P060242|I",'iCoA Register'!$AA:$AA,0)),"") | J61: legacy | K61: initial release | L61: OPM122501 | M61: P060242 | N61: Orange Punch Mimosa | O61: 100-4-K-26, (09.04.2026) [FHM-K] | P61: — | Q61: — | R61: CoQ-PP-2026-0017 | S61: P060242|I | T61: registered — legacy series, issued 06.06.2026 | U61: n/a — initial certificate | V61: 8.09 | W61: 100-4-К/26 | X61: 8.00 ± 0.80 (V) | Y61: 7.20 – 8.79 % | Z61: OPM_THC8 : CBD1 | AA61: QCSP_001_OPM-V_v.01 | AB61: for review — replaces the issued QCSP_001_OPM-V_v.01 (was OPM_THC8 : CBD1, 7.20 – 8.80 %); now OPM_THC8 : CBD1 7.20 – 8.79 %
A62: =IF(OR(C62="yes",C62="allocated"),COUNT(A$1:A61)+1,"") | B62: =IF(A62<>"","CoQ-PP_26-"&TEXT(A62,"000"),"— at issue —") | C62: yes | D62: =IF(OR(A62="",C62="allocated"),"",MAX(E62,IF(ISNUMBER(I62),I62,0),IFERROR(IF(ISNUMBER(INDEX('iCoA Register'!$F:$F,MATCH(S62,'iCoA Register'!$AA:$AA,0))),INDEX('iCoA Register'!$F:$F,MATCH(S62,'iCoA Register'!$AA:$AA,0)),0),0))) | E62: =IF(ISNUMBER(F62),MAX(DATE(2026,6,6),F62+7),DATE(2026,6,6)) | F62: 46153 | G62: ППК26061 | H62: =IFERROR(INDEX('iCoA Register'!$B:$B,MATCH("P060252|I",'iCoA Register'!$AA:$AA,0)),"—") | I62: =IFERROR(INDEX('iCoA Register'!$D:$D,MATCH("P060252|I",'iCoA Register'!$AA:$AA,0)),"") | J62: legacy | K62: initial release | L62: GG112501 | M62: P060252 | N62: Gorilla Glue | O62: ППК26061, (11.05.2026) [CNP] | P62: — | Q62: — | R62: (assigned on issue) | S62: P060252|I | T62: registered — legacy series, issued 06.06.2026 | U62: n/a — initial certificate | V62: 17.94 | W62: ППК26061 | X62: 18.00 ± 1.77 (I) | Y62: 16.23 – 19.76 % | Z62: GG_THC18 : CBD1 | AA62: QCSP_001_GG-I_v.01 | AB62: for review — replaces the issued QCSP_001_GG-I_v.01 (was GG_THC18 : CBD1, 17.01 – 18.99 %); now GG_THC18 : CBD1 16.23 – 19.76 %
A63: =IF(OR(C63="yes",C63="allocated"),COUNT(A$1:A62)+1,"") | B63: =IF(A63<>"","CoQ-PP_26-"&TEXT(A63,"000"),"— at issue —") | C63: yes | D63: =IF(OR(A63="",C63="allocated"),"",MAX(E63,IF(ISNUMBER(I63),I63,0),IFERROR(IF(ISNUMBER(INDEX('iCoA Register'!$F:$F,MATCH(S63,'iCoA Register'!$AA:$AA,0))),INDEX('iCoA Register'!$F:$F,MATCH(S63,'iCoA Register'!$AA:$AA,0)),0),0))) | E63: =IF(ISNUMBER(F63),MAX(DATE(2026,6,6),F63+7),DATE(2026,6,6)) | F63: 46135 | G63: 1625-2026 | H63: =IFERROR(INDEX('iCoA Register'!$B:$B,MATCH("P060262|I",'iCoA Register'!$AA:$AA,0)),"—") | I63: =IFERROR(INDEX('iCoA Register'!$D:$D,MATCH("P060262|I",'iCoA Register'!$AA:$AA,0)),"") | J63: post-SOP | K63: initial release | L63: J31122501 | M63: P060262 | N63: Jokerz 31 | O63: 100-2-K-26, (09.04.2026) [FHM-K] | P63: — | Q63: — | R63: (assigned on issue) | S63: P060262|I | T63: registered — rule date 30.04.2026 held to the legacy series day | U63: n/a — initial certificate | V63: 19.84 | W63: 100-2-К/26 | X63: 22.00 ± 2.20 (II) | Y63: 19.80 – 24.19 % | Z63: J31_THC22 : CBD1 | AA63: QCSP_001_J31-II_v.01 | AB63: for review — replaces the issued QCSP_001_J31-II_v.01 (was J31_THC18 : CBD1, 16.20 – 19.80 %); now J31_THC22 : CBD1 19.80 – 24.19 %
A64: =IF(OR(C64="yes",C64="allocated"),COUNT(A$1:A63)+1,"") | B64: =IF(A64<>"","CoQ-PP_26-"&TEXT(A64,"000"),"— at issue —") | C64: yes | D64: =IF(OR(A64="",C64="allocated"),"",MAX(E64,IF(ISNUMBER(I64),I64,0),IFERROR(IF(ISNUMBER(INDEX('iCoA Register'!$F:$F,MATCH(S64,'iCoA Register'!$AA:$AA,0))),INDEX('iCoA Register'!$F:$F,MATCH(S64,'iCoA Register'!$AA:$AA,0)),0),0))) | E64: =IF(ISNUMBER(F64),MAX(DATE(2026,6,6),F64+7),DATE(2026,6,6)) | F64: 46153 | G64: ППК26068 | H64: =IFERROR(INDEX('iCoA Register'!$B:$B,MATCH("P060272|I",'iCoA Register'!$AA:$AA,0)),"—") | I64: =IFERROR(INDEX('iCoA Register'!$D:$D,MATCH("P060272|I",'iCoA Register'!$AA:$AA,0)),"") | J64: post-SOP | K64: initial release | L64: CC112501 | M64: P060272 | N64: Cash Cow | O64: ППК26068, (11.05.2026) [CNP] | P64: — | Q64: — | R64: (assigned on issue) | S64: P060272|I | T64: registered — rule date 18.05.2026 held to the legacy series day | U64: n/a — initial certificate | V64: 13.35 | W64: ППК26068 | X64: 14.00 ± 1.35 (II) | Y64: 12.65 – 15.34 % | Z64: CC_THC14 : CBD1 | AA64: QCSP_001_CC-II_v.01 | AB64: for review — replaces the issued QCSP_001_CC-II_v.01 (was CC_THC14 : CBD1, 12.60 – 15.40 %); now CC_THC14 : CBD1 12.65 – 15.34 %
A65: =IF(OR(C65="yes",C65="allocated"),COUNT(A$1:A64)+1,"") | B65: =IF(A65<>"","CoQ-PP_26-"&TEXT(A65,"000"),"— at issue —") | C65: yes | D65: =IF(OR(A65="",C65="allocated"),"",MAX(E65,IF(ISNUMBER(I65),I65,0),IFERROR(IF(ISNUMBER(INDEX('iCoA Register'!$F:$F,MATCH(S65,'iCoA Register'!$AA:$AA,0))),INDEX('iCoA Register'!$F:$F,MATCH(S65,'iCoA Register'!$AA:$AA,0)),0),0))) | E65: =IF(ISNUMBER(F65),MAX(DATE(2026,6,6),F65+7),DATE(2026,6,6)) | F65: 46153 | G65: ППК26069 | H65: =IFERROR(INDEX('iCoA Register'!$B:$B,MATCH("P060282|I",'iCoA Register'!$AA:$AA,0)),"—") | I65: =IFERROR(INDEX('iCoA Register'!$D:$D,MATCH("P060282|I",'iCoA Register'!$AA:$AA,0)),"") | J65: post-SOP | K65: initial release | L65: SCR112501 | M65: P060282 | N65: Scrambler | O65: ППК26069, (11.05.2026) [CNP] | P65: — | Q65: — | R65: CoQ-PP-2026-0018 | S65: P060282|I | T65: registered — rule date 18.05.2026 held to the legacy series day | U65: n/a — initial certificate | V65: 17.13 | W65: ППК26069 | X65: 18.00 ± 1.80 (II) | Y65: 16.20 – 19.79 % | Z65: SCR_THC18 : CBD1 | AA65: QCSP_001_SCR-II_v.01 | AB65: for review — replaces the issued QCSP_001_SCR-II_v.01 (was SCR_THC18 : CBD1, 16.20 – 19.80 %); now SCR_THC18 : CBD1 16.20 – 19.79 %
A66: =IF(OR(C66="yes",C66="allocated"),COUNT(A$1:A65)+1,"") | B66: =IF(A66<>"","CoQ-PP_26-"&TEXT(A66,"000"),"— at issue —") | C66: yes | D66: =IF(OR(A66="",C66="allocated"),"",MAX(E66,IF(ISNUMBER(I66),I66,0),IFERROR(IF(ISNUMBER(INDEX('iCoA Register'!$F:$F,MATCH(S66,'iCoA Register'!$AA:$AA,0))),INDEX('iCoA Register'!$F:$F,MATCH(S66,'iCoA Register'!$AA:$AA,0)),0),0))) | E66: =IF(ISNUMBER(F66),MAX(DATE(2026,6,6),F66+7),DATE(2026,6,6)) | F66: 46153 | G66: ППК26066 | H66: =IFERROR(INDEX('iCoA Register'!$B:$B,MATCH("P060292|I",'iCoA Register'!$AA:$AA,0)),"—") | I66: =IFERROR(INDEX('iCoA Register'!$D:$D,MATCH("P060292|I",'iCoA Register'!$AA:$AA,0)),"") | J66: post-SOP | K66: initial release | L66: FB112501 | M66: P060292 | N66: Fat Bastard | O66: ППК26066, (11.05.2026) [CNP] | P66: — | Q66: — | R66: (assigned on issue) | S66: P060292|I | T66: registered — rule date 18.05.2026 held to the legacy series day | U66: n/a — initial certificate | V66: 16.69 | W66: ППК26066 | X66: 18.00 ± 1.80 (II) | Y66: 16.20 – 19.79 % | Z66: FB_THC18 : CBD1 | AA66: QCSP_001_FB-II_v.01 | AB66: for review — replaces the issued QCSP_001_FB-II_v.01 (was FB_THC18 : CBD1, 17.15 – 18.85 %); now FB_THC18 : CBD1 16.20 – 19.79 %
A67: =IF(OR(C67="yes",C67="allocated"),COUNT(A$1:A66)+1,"") | B67: =IF(A67<>"","CoQ-PP_26-"&TEXT(A67,"000"),"— at issue —") | C67: yes | D67: =IF(OR(A67="",C67="allocated"),"",MAX(E67,IF(ISNUMBER(I67),I67,0),IFERROR(IF(ISNUMBER(INDEX('iCoA Register'!$F:$F,MATCH(S67,'iCoA Register'!$AA:$AA,0))),INDEX('iCoA Register'!$F:$F,MATCH(S67,'iCoA Register'!$AA:$AA,0)),0),0))) | E67: =IF(ISNUMBER(F67),MAX(DATE(2026,6,6),F67+7),DATE(2026,6,6)) | F67: 46153 | G67: ППК26062 | H67: =IFERROR(INDEX('iCoA Register'!$B:$B,MATCH("P060302|I",'iCoA Register'!$AA:$AA,0)),"—") | I67: =IFERROR(INDEX('iCoA Register'!$D:$D,MATCH("P060302|I",'iCoA Register'!$AA:$AA,0)),"") | J67: post-SOP | K67: initial release | L67: GG012601＊ | M67: P060302 | N67: Gorilla Glue | O67: ППК26062, (11.05.2026) [CNP] | P67: — | Q67: — | R67: (assigned on issue) | S67: P060302|I | T67: registered — rule date 18.05.2026 held to the legacy series day | U67: n/a — initial certificate | V67: 15.35 | W67: ППК26062 | X67: 15.00 ± 1.23 (II) | Y67: 13.77 – 16.22 % | Z67: GG_THC15 : CBD1 | AA67: QCSP_001_GG-II_v.01 | AB67: for review — replaces the issued QCSP_001_GG-II_v.01 (was GG_THC16 : CBD1, 15.00 – 17.00 %); now GG_THC15 : CBD1 13.77 – 16.22 %
A68: =IF(OR(C68="yes",C68="allocated"),COUNT(A$1:A67)+1,"") | B68: =IF(A68<>"","CoQ-PP_26-"&TEXT(A68,"000"),"— at issue —") | C68: yes | D68: =IF(OR(A68="",C68="allocated"),"",MAX(E68,IF(ISNUMBER(I68),I68,0),IFERROR(IF(ISNUMBER(INDEX('iCoA Register'!$F:$F,MATCH(S68,'iCoA Register'!$AA:$AA,0))),INDEX('iCoA Register'!$F:$F,MATCH(S68,'iCoA Register'!$AA:$AA,0)),0),0))) | E68: =IF(ISNUMBER(F68),MAX(DATE(2026,6,6),F68+7),DATE(2026,6,6)) | F68: 46153 | G68: ППК26064 | H68: =IFERROR(INDEX('iCoA Register'!$B:$B,MATCH("P060312|I",'iCoA Register'!$AA:$AA,0)),"—") | I68: =IFERROR(INDEX('iCoA Register'!$D:$D,MATCH("P060312|I",'iCoA Register'!$AA:$AA,0)),"") | J68: post-SOP | K68: initial release | L68: JD012601＊ | M68: P060312 | N68: Jelly Donutz | O68: ППК26064, (11.05.2026) [CNP] | P68: — | Q68: — | R68: (assigned on issue) | S68: P060312|I | T68: registered — rule date 18.05.2026 held to the legacy series day | U68: n/a — initial certificate | V68: 18.16 | W68: ППК26064 | X68: 18.00 ± 1.80 (II) | Y68: 16.20 – 19.79 % | Z68: JD_THC18 : CBD1 | AA68: QCSP_001_JD-II_v.01 | AB68: for review — replaces the issued QCSP_001_JD-II_v.01 (was JD_THC16 : CBD1, 14.91 – 17.09 %); now JD_THC18 : CBD1 16.20 – 19.79 %
A69: =IF(OR(C69="yes",C69="allocated"),COUNT(A$1:A68)+1,"") | B69: =IF(A69<>"","CoQ-PP_26-"&TEXT(A69,"000"),"— at issue —") | C69: yes | D69: =IF(OR(A69="",C69="allocated"),"",MAX(E69,IF(ISNUMBER(I69),I69,0),IFERROR(IF(ISNUMBER(INDEX('iCoA Register'!$F:$F,MATCH(S69,'iCoA Register'!$AA:$AA,0))),INDEX('iCoA Register'!$F:$F,MATCH(S69,'iCoA Register'!$AA:$AA,0)),0),0))) | E69: =IF(ISNUMBER(F69),MAX(DATE(2026,6,6),F69+7),DATE(2026,6,6)) | F69: — | G69: — | H69: =IFERROR(INDEX('iCoA Register'!$B:$B,MATCH("P060332|I",'iCoA Register'!$AA:$AA,0)),"—") | I69: =IFERROR(INDEX('iCoA Register'!$D:$D,MATCH("P060332|I",'iCoA Register'!$AA:$AA,0)),"") | J69: post-SOP | K69: initial release | L69: CC012601/1 | M69: P060332 | O69: — no cannabinoid certificate from the initial testing — | P69: — | Q69: — | R69: (assigned on issue) | S69: P060332|I | T69: registered — provisional date: no initial certificate on file yet — the date follows the latest eCoA once located · initial certificate to locate: #3 (CNP), #4 (CNP), #5 (CNP), #6 (CNP), #8 (CNP), #9 (IJZ), #10 (CNP), #11 (CNP), #12 (CNP) | U69: n/a — initial certificate | V69: — | W69: — | X69: — | Y69: — | Z69: — | AA69: — | AB69: — | AC69: no Total THC result on this certificate
A70: =IF(OR(C70="yes",C70="allocated"),COUNT(A$1:A69)+1,"") | B70: =IF(A70<>"","CoQ-PP_26-"&TEXT(A70,"000"),"— at issue —") | C70: yes | D70: =IF(OR(A70="",C70="allocated"),"",MAX(E70,IF(ISNUMBER(I70),I70,0),IFERROR(IF(ISNUMBER(INDEX('iCoA Register'!$F:$F,MATCH(S70,'iCoA Register'!$AA:$AA,0))),INDEX('iCoA Register'!$F:$F,MATCH(S70,'iCoA Register'!$AA:$AA,0)),0),0))) | E70: =IF(ISNUMBER(F70),MAX(DATE(2026,6,6),F70+7),DATE(2026,6,6)) | F70: 46153 | G70: ППК26067 | H70: =IFERROR(INDEX('iCoA Register'!$B:$B,MATCH("P060322|I",'iCoA Register'!$AA:$AA,0)),"—") | I70: =IFERROR(INDEX('iCoA Register'!$D:$D,MATCH("P060322|I",'iCoA Register'!$AA:$AA,0)),"") | J70: post-SOP | K70: initial release | L70: FB012601_1 | M70: P060322 | N70: Fat Bastard | O70: ППК26067, (11.05.2026) [CNP] | P70: — | Q70: — | R70: CoQ-PP-2026-0019 | S70: P060322|I | T70: registered — rule date 18.05.2026 held to the legacy series day | U70: n/a — initial certificate | V70: 14.68 | W70: ППК26067 | X70: 15.00 ± 1.20 (III) | Y70: 13.80 – 16.19 % | Z70: FB_THC15 : CBD1 | AA70: QCSP_001_FB-III_v.01 | AB70: for review — replaces the issued QCSP_001_FB-III_v.01 (was FB_THC16 : CBD1, 14.86 – 17.14 %); now FB_THC15 : CBD1 13.80 – 16.19 %
A71: =IF(OR(C71="yes",C71="allocated"),COUNT(A$1:A70)+1,"") | B71: =IF(A71<>"","CoQ-PP_26-"&TEXT(A71,"000"),"— at issue —") | C71: yes | D71: =IF(OR(A71="",C71="allocated"),"",MAX(E71,IF(ISNUMBER(I71),I71,0),IFERROR(IF(ISNUMBER(INDEX('iCoA Register'!$F:$F,MATCH(S71,'iCoA Register'!$AA:$AA,0))),INDEX('iCoA Register'!$F:$F,MATCH(S71,'iCoA Register'!$AA:$AA,0)),0),0))) | E71: =IF(ISNUMBER(F71),MAX(DATE(2026,6,6),F71+7),DATE(2026,6,6)) | F71: — | G71: — | H71: =IFERROR(INDEX('iCoA Register'!$B:$B,MATCH("P060352|I",'iCoA Register'!$AA:$AA,0)),"—") | I71: =IFERROR(INDEX('iCoA Register'!$D:$D,MATCH("P060352|I",'iCoA Register'!$AA:$AA,0)),"") | J71: post-SOP | K71: initial release | L71: FB012602* | M71: P060352 | N71: Fat Bastard | O71: — no cannabinoid certificate from the initial testing — | P71: — | Q71: — | R71: CoQ-PP-2026-0021 | S71: P060352|I | T71: registered — provisional date: no initial certificate on file yet — the date follows the latest eCoA once located · initial certificate to locate: #3 (CNP), #4 (CNP), #5 (CNP), #6 (CNP), #8 (CNP), #9 (IJZ), #10 (CNP), #11 (CNP), #12 (CNP) | U71: n/a — initial certificate | V71: — | W71: — | X71: — | Y71: — | Z71: — | AA71: — | AB71: — | AC71: no Total THC result on this certificate
A72: =IF(OR(C72="yes",C72="allocated"),COUNT(A$1:A71)+1,"") | B72: =IF(A72<>"","CoQ-PP_26-"&TEXT(A72,"000"),"— at issue —") | C72: yes | D72: =IF(OR(A72="",C72="allocated"),"",MAX(E72,IF(ISNUMBER(I72),I72,0),IFERROR(IF(ISNUMBER(INDEX('iCoA Register'!$F:$F,MATCH(S72,'iCoA Register'!$AA:$AA,0))),INDEX('iCoA Register'!$F:$F,MATCH(S72,'iCoA Register'!$AA:$AA,0)),0),0))) | E72: =IF(ISNUMBER(F72),MAX(DATE(2026,6,6),F72+7),DATE(2026,6,6)) | F72: — | G72: — | H72: =IFERROR(INDEX('iCoA Register'!$B:$B,MATCH("P060362|I",'iCoA Register'!$AA:$AA,0)),"—") | I72: =IFERROR(INDEX('iCoA Register'!$D:$D,MATCH("P060362|I",'iCoA Register'!$AA:$AA,0)),"") | J72: post-SOP | K72: initial release | L72: JD012603 | M72: P060362 | N72: Jelly Donutz | O72: — no cannabinoid certificate from the initial testing — | P72: A: ППК26111 / B: ППК26111 / FM: ППК26111 | Q72: — | R72: CoQ-PP-2026-0020 | S72: P060362|I | T72: registered — provisional date: no initial certificate on file yet — the date follows the latest eCoA once located · initial certificate to locate: #1 (CNP), #2 (CNP), #3 (CNP), #4 (CNP), #5 (CNP), #6 (CNP), #7 (CNP), #8 (CNP), #9 (IJZ), #10 (CNP), #11 (CNP), #12 (CNP) | U72: n/a — initial certificate | V72: — | W72: — | X72: — | Y72: — | Z72: — | AA72: — | AB72: — | AC72: no Total THC result on this certificate
A73: =IF(OR(C73="yes",C73="allocated"),COUNT(A$1:A72)+1,"") | B73: =IF(A73<>"","CoQ-PP_26-"&TEXT(A73,"000"),"— at issue —") | C73: yes | D73: =IF(OR(A73="",C73="allocated"),"",MAX(E73,IF(ISNUMBER(I73),I73,0),IFERROR(IF(ISNUMBER(INDEX('iCoA Register'!$F:$F,MATCH(S73,'iCoA Register'!$AA:$AA,0))),INDEX('iCoA Register'!$F:$F,MATCH(S73,'iCoA Register'!$AA:$AA,0)),0),0))) | E73: =IF(ISNUMBER(F73),MAX(DATE(2026,6,6),F73+7),DATE(2026,6,6)) | F73: — | G73: — | H73: =IFERROR(INDEX('iCoA Register'!$B:$B,MATCH("P060372|I",'iCoA Register'!$AA:$AA,0)),"—") | I73: =IFERROR(INDEX('iCoA Register'!$D:$D,MATCH("P060372|I",'iCoA Register'!$AA:$AA,0)),"") | J73: post-SOP | K73: initial release | L73: CC012603 | M73: P060372 | N73: Cash Cow | O73: — no cannabinoid certificate from the initial testing — | P73: — | Q73: — | R73: CoQ-PP-2026-0024 | S73: P060372|I | T73: registered — provisional date: no initial certificate on file yet — the date follows the latest eCoA once located · initial certificate to locate: #3 (CNP), #4 (CNP), #5 (CNP), #6 (CNP), #8 (CNP), #9 (IJZ), #10 (CNP), #11 (CNP), #12 (CNP) | U73: n/a — initial certificate | V73: — | W73: — | X73: — | Y73: — | Z73: — | AA73: — | AB73: — | AC73: no Total THC result on this certificate
A74: =IF(OR(C74="yes",C74="allocated"),COUNT(A$1:A73)+1,"") | B74: =IF(A74<>"","CoQ-PP_26-"&TEXT(A74,"000"),"— at issue —") | C74: yes | D74: =IF(OR(A74="",C74="allocated"),"",MAX(E74,IF(ISNUMBER(I74),I74,0),IFERROR(IF(ISNUMBER(INDEX('iCoA Register'!$F:$F,MATCH(S74,'iCoA Register'!$AA:$AA,0))),INDEX('iCoA Register'!$F:$F,MATCH(S74,'iCoA Register'!$AA:$AA,0)),0),0))) | E74: =IF(ISNUMBER(F74),MAX(DATE(2026,6,6),F74+7),DATE(2026,6,6)) | F74: — | G74: — | H74: =IFERROR(INDEX('iCoA Register'!$B:$B,MATCH("P060342|I",'iCoA Register'!$AA:$AA,0)),"—") | I74: =IFERROR(INDEX('iCoA Register'!$D:$D,MATCH("P060342|I",'iCoA Register'!$AA:$AA,0)),"") | J74: post-SOP | K74: initial release | L74: SCR012601* | M74: P060342 | N74: Scrambler | O74: — no cannabinoid certificate from the initial testing — | P74: — | Q74: — | R74: (assigned on issue) | S74: P060342|I | T74: registered — provisional date: no initial certificate on file yet — the date follows the latest eCoA once located · initial certificate to locate: #3 (CNP), #4 (CNP), #5 (CNP), #6 (CNP), #8 (CNP), #9 (IJZ), #10 (CNP), #11 (CNP), #12 (CNP) | U74: n/a — initial certificate | V74: — | W74: — | X74: — | Y74: — | Z74: — | AA74: — | AB74: — | AC74: no Total THC result on this certificate
A75: =IF(OR(C75="yes",C75="allocated"),COUNT(A$1:A74)+1,"") | B75: =IF(A75<>"","CoQ-PP_26-"&TEXT(A75,"000"),"— at issue —") | C75: yes | D75: =IF(OR(A75="",C75="allocated"),"",MAX(E75,IF(ISNUMBER(I75),I75,0),IFERROR(IF(ISNUMBER(INDEX('iCoA Register'!$F:$F,MATCH(S75,'iCoA Register'!$AA:$AA,0))),INDEX('iCoA Register'!$F:$F,MATCH(S75,'iCoA Register'!$AA:$AA,0)),0),0))) | E75: =IF(ISNUMBER(F75),MAX(DATE(2026,6,6),F75+7),DATE(2026,6,6)) | F75: — | G75: — | H75: =IFERROR(INDEX('iCoA Register'!$B:$B,MATCH("P060382|I",'iCoA Register'!$AA:$AA,0)),"—") | I75: =IFERROR(INDEX('iCoA Register'!$D:$D,MATCH("P060382|I",'iCoA Register'!$AA:$AA,0)),"") | J75: post-SOP | K75: initial release | L75: SCR012603 | M75: P060382 | N75: Scrambler | O75: — no cannabinoid certificate from the initial testing — | P75: — | Q75: — | R75: CoQ-PP-2026-0026 | S75: P060382|I | T75: registered — provisional date: no initial certificate on file yet — the date follows the latest eCoA once located · initial certificate to locate: #3 (CNP), #4 (CNP), #5 (CNP), #6 (CNP), #8 (CNP), #9 (IJZ), #10 (CNP), #11 (CNP), #12 (CNP) | U75: n/a — initial certificate | V75: — | W75: — | X75: — | Y75: — | Z75: — | AA75: — | AB75: — | AC75: no Total THC result on this certificate
A76: =IF(OR(C76="yes",C76="allocated"),COUNT(A$1:A75)+1,"") | B76: =IF(A76<>"","CoQ-PP_26-"&TEXT(A76,"000"),"— at issue —") | C76: yes | D76: =IF(OR(A76="",C76="allocated"),"",MAX(E76,IF(ISNUMBER(I76),I76,0),IFERROR(IF(ISNUMBER(INDEX('iCoA Register'!$F:$F,MATCH(S76,'iCoA Register'!$AA:$AA,0))),INDEX('iCoA Register'!$F:$F,MATCH(S76,'iCoA Register'!$AA:$AA,0)),0),0))) | E76: =IF(ISNUMBER(F76),MAX(DATE(2026,6,6),F76+7),DATE(2026,6,6)) | F76: 46203 | G76: ППК26110 | H76: =IFERROR(INDEX('iCoA Register'!$B:$B,MATCH("P060392|I",'iCoA Register'!$AA:$AA,0)),"—") | I76: =IFERROR(INDEX('iCoA Register'!$D:$D,MATCH("P060392|I",'iCoA Register'!$AA:$AA,0)),"") | J76: post-SOP | K76: initial release | L76: FB012603V | M76: P060392 | N76: Fat Bastard | O76: ППК26110, (30.06.2026) [CNP] | P76: A: ППК26110 / B: ППК26110 / FM: ППК26110 | Q76: — | R76: (assigned on issue) | S76: P060392|I | T76: registered — first working day 7 days after the latest eCoA · initial certificate to locate: #9 (IJZ), #10 (CNP), #11 (CNP), #12 (CNP) | U76: n/a — initial certificate | V76: 18.29 | W76: ППК26110 | X76: 18.00 ± 1.80 (II) | Y76: 16.20 – 19.79 % | Z76: FB_THC18 : CBD1 | AA76: QCSP_001_FB-II_v.01 | AB76: for review — replaces the issued QCSP_001_FB-II_v.01 (was FB_THC18 : CBD1, 17.15 – 18.85 %); now FB_THC18 : CBD1 16.20 – 19.79 %
A77: =IF(OR(C77="yes",C77="allocated"),COUNT(A$1:A76)+1,"") | B77: =IF(A77<>"","CoQ-PP_26-"&TEXT(A77,"000"),"— at issue —") | C77: yes | D77: =IF(OR(A77="",C77="allocated"),"",MAX(E77,IF(ISNUMBER(I77),I77,0),IFERROR(IF(ISNUMBER(INDEX('iCoA Register'!$F:$F,MATCH(S77,'iCoA Register'!$AA:$AA,0))),INDEX('iCoA Register'!$F:$F,MATCH(S77,'iCoA Register'!$AA:$AA,0)),0),0))) | E77: =IF(ISNUMBER(F77),MAX(DATE(2026,6,6),F77+7),DATE(2026,6,6)) | F77: 46203 | G77: ППК26111 | H77: =IFERROR(INDEX('iCoA Register'!$B:$B,MATCH("P060422|I",'iCoA Register'!$AA:$AA,0)),"—") | I77: =IFERROR(INDEX('iCoA Register'!$D:$D,MATCH("P060422|I",'iCoA Register'!$AA:$AA,0)),"") | J77: post-SOP | K77: initial release | L77: JD012603 | M77: P060422 | N77: Jelly Donutz | O77: ППК26111, (30.06.2026) [CNP] | P77: A: ППК26111 / B: ППК26111 / FM: ППК26111 | Q77: — | R77: CoQ-PP-2026-0022 | S77: P060422|I | T77: registered — first working day 7 days after the latest eCoA · initial certificate to locate: #9 (IJZ), #10 (CNP), #11 (CNP), #12 (CNP) | U77: n/a — initial certificate | V77: 15.16 | W77: ППК26111 | X77: 15.00 ± 1.20 (III) | Y77: 13.80 – 16.19 % | Z77: JD_THC15 : CBD1 | AA77: QCSP_001_JD-III_v.01 | AB77: for review — new
A78: =IF(OR(C78="yes",C78="allocated"),COUNT(A$1:A77)+1,"") | B78: =IF(A78<>"","CoQ-PP_26-"&TEXT(A78,"000"),"— at issue —") | C78: yes | D78: =IF(OR(A78="",C78="allocated"),"",MAX(E78,IF(ISNUMBER(I78),I78,0),IFERROR(IF(ISNUMBER(INDEX('iCoA Register'!$F:$F,MATCH(S78,'iCoA Register'!$AA:$AA,0))),INDEX('iCoA Register'!$F:$F,MATCH(S78,'iCoA Register'!$AA:$AA,0)),0),0))) | E78: =IF(ISNUMBER(F78),MAX(DATE(2026,6,6),F78+7),DATE(2026,6,6)) | F78: 46203 | G78: ППК26114 | H78: =IFERROR(INDEX('iCoA Register'!$B:$B,MATCH("P060402|I",'iCoA Register'!$AA:$AA,0)),"—") | I78: =IFERROR(INDEX('iCoA Register'!$D:$D,MATCH("P060402|I",'iCoA Register'!$AA:$AA,0)),"") | J78: post-SOP | K78: initial release | L78: GG012603 | M78: P060402 | N78: Gorilla Glue | O78: ППК26114, (30.06.2026) [CNP] | P78: A: ППК26114 / B: ППК26114 / FM: ППК26114 | Q78: — | R78: CoQ-PP-2026-0023 | S78: P060402|I | T78: registered — first working day 7 days after the latest eCoA · initial certificate to locate: #9 (IJZ), #10 (CNP), #11 (CNP), #12 (CNP) | U78: n/a — initial certificate | V78: 17.59 | W78: ППК26114 | X78: 18.00 ± 1.77 (I) | Y78: 16.23 – 19.76 % | Z78: GG_THC18 : CBD1 | AA78: QCSP_001_GG-I_v.01 | AB78: for review — replaces the issued QCSP_001_GG-I_v.01 (was GG_THC18 : CBD1, 17.01 – 18.99 %); now GG_THC18 : CBD1 16.23 – 19.76 %
A79: =IF(OR(C79="yes",C79="allocated"),COUNT(A$1:A78)+1,"") | B79: =IF(A79<>"","CoQ-PP_26-"&TEXT(A79,"000"),"— at issue —") | C79: yes | D79: =IF(OR(A79="",C79="allocated"),"",MAX(E79,IF(ISNUMBER(I79),I79,0),IFERROR(IF(ISNUMBER(INDEX('iCoA Register'!$F:$F,MATCH(S79,'iCoA Register'!$AA:$AA,0))),INDEX('iCoA Register'!$F:$F,MATCH(S79,'iCoA Register'!$AA:$AA,0)),0),0))) | E79: =IF(ISNUMBER(F79),MAX(DATE(2026,6,6),F79+7),DATE(2026,6,6)) | F79: 46203 | G79: ППК26113 | H79: =IFERROR(INDEX('iCoA Register'!$B:$B,MATCH("P060412|I",'iCoA Register'!$AA:$AA,0)),"—") | I79: =IFERROR(INDEX('iCoA Register'!$D:$D,MATCH("P060412|I",'iCoA Register'!$AA:$AA,0)),"") | J79: post-SOP | K79: initial release | L79: JD012603 | M79: P060412 | N79: Jelly Donutz | O79: ППК26113, (30.06.2026) [CNP] | P79: A: ППК26111 / B: ППК26111 / FM: ППК26111 | Q79: — | R79: CoQ-PP-2026-0025 | S79: P060412|I | T79: registered — first working day 7 days after the latest eCoA · initial certificate to locate: #1 (CNP), #7 (CNP), #9 (IJZ), #10 (CNP), #11 (CNP), #12 (CNP) | U79: n/a — initial certificate | V79: 20.54 | W79: ППК26113 | X79: 22.00 ± 2.20 (I) | Y79: 19.80 – 24.19 % | Z79: JD_THC22 : CBD1 | AA79: QCSP_001_JD-I_v.01 | AB79: for review — replaces the issued QCSP_001_JD-I_v.01 (was JD_THC20 : CBD1, 18.00 – 22.00 %); now JD_THC22 : CBD1 19.80 – 24.19 %
A80: =IF(OR(C80="yes",C80="allocated"),COUNT(A$1:A79)+1,"") | B80: =IF(A80<>"","CoQ-PP_26-"&TEXT(A80,"000"),"— at issue —") | C80: yes | D80: =IF(OR(A80="",C80="allocated"),"",MAX(E80,IF(ISNUMBER(I80),I80,0),IFERROR(IF(ISNUMBER(INDEX('iCoA Register'!$F:$F,MATCH(S80,'iCoA Register'!$AA:$AA,0))),INDEX('iCoA Register'!$F:$F,MATCH(S80,'iCoA Register'!$AA:$AA,0)),0),0))) | E80: =IF(ISNUMBER(F80),MAX(DATE(2026,6,6),F80+7),DATE(2026,6,6)) | F80: 46203 | G80: ППК26112 | H80: =IFERROR(INDEX('iCoA Register'!$B:$B,MATCH("P060432|I",'iCoA Register'!$AA:$AA,0)),"—") | I80: =IFERROR(INDEX('iCoA Register'!$D:$D,MATCH("P060432|I",'iCoA Register'!$AA:$AA,0)),"") | J80: post-SOP | K80: initial release | L80: FB012603 | M80: P060432 | N80: Fat Bastard | O80: ППК26112, (30.06.2026) [CNP] | P80: A: ППК26112 / B: ППК26112 / FM: ППК26112 | Q80: — | R80: (assigned on issue) | S80: P060432|I | T80: registered — first working day 7 days after the latest eCoA · initial certificate to locate: #9 (IJZ), #10 (CNP), #11 (CNP), #12 (CNP) | U80: n/a — initial certificate | V80: 20.83 | W80: ППК26112 | X80: 22.00 ± 2.20 (I) | Y80: 19.80 – 24.19 % | Z80: FB_THC22 : CBD1 | AA80: QCSP_001_FB-I_v.01 | AB80: for review — new
A81: =IF(OR(C81="yes",C81="allocated"),COUNT(A$1:A80)+1,"") | B81: =IF(A81<>"","CoQ-PP_26-"&TEXT(A81,"000"),"— at issue —") | C81: yes | D81: =IF(OR(A81="",C81="allocated"),"",MAX(E81,IF(ISNUMBER(I81),I81,0),IFERROR(IF(ISNUMBER(INDEX('iCoA Register'!$F:$F,MATCH(S81,'iCoA Register'!$AA:$AA,0))),INDEX('iCoA Register'!$F:$F,MATCH(S81,'iCoA Register'!$AA:$AA,0)),0),0))) | E81: =IF(ISNUMBER(F81),MAX(DATE(2026,6,6),F81+7),DATE(2026,6,6)) | F81: 46209 | G81: ППК26116 | H81: =IFERROR(INDEX('iCoA Register'!$B:$B,MATCH("P060442|I",'iCoA Register'!$AA:$AA,0)),"—") | I81: =IFERROR(INDEX('iCoA Register'!$D:$D,MATCH("P060442|I",'iCoA Register'!$AA:$AA,0)),"") | J81: post-SOP | K81: initial release | L81: SCR022601 | M81: P060442 | N81: Scrambler | O81: ППК26116, (06.07.2026) [CNP] | P81: A: ППК26116 / B: ППК26116 / FM: ППК26116 | Q81: — | R81: (assigned on issue) | S81: P060442|I | T81: registered — first working day 7 days after the latest eCoA · initial certificate to locate: #9 (IJZ), #10 (CNP), #11 (CNP), #12 (CNP) | U81: n/a — initial certificate | V81: 21.92 | W81: ППК26116 | X81: 22.00 ± 2.20 (I) | Y81: 19.80 – 24.19 % | Z81: SCR_THC22 : CBD1 | AA81: QCSP_001_SCR-I_v.01 | AB81: for review — new
A82: =IF(OR(C82="yes",C82="allocated"),COUNT(A$1:A81)+1,"") | B82: =IF(A82<>"","CoQ-PP_26-"&TEXT(A82,"000"),"— at issue —") | C82: yes | D82: =IF(OR(A82="",C82="allocated"),"",MAX(E82,IF(ISNUMBER(I82),I82,0),IFERROR(IF(ISNUMBER(INDEX('iCoA Register'!$F:$F,MATCH(S82,'iCoA Register'!$AA:$AA,0))),INDEX('iCoA Register'!$F:$F,MATCH(S82,'iCoA Register'!$AA:$AA,0)),0),0))) | E82: =IF(ISNUMBER(F82),MAX(DATE(2026,6,6),F82+7),DATE(2026,6,6)) | F82: 46224 | G82: ППК26127 | H82: =IFERROR(INDEX('iCoA Register'!$B:$B,MATCH("P060452|I",'iCoA Register'!$AA:$AA,0)),"—") | I82: =IFERROR(INDEX('iCoA Register'!$D:$D,MATCH("P060452|I",'iCoA Register'!$AA:$AA,0)),"") | J82: post-SOP | K82: initial release | L82: FB032601 | M82: P060452 | N82: Fat Bastard | O82: ППК26127, (21.07.2026) [CNP] | P82: A: ППК26127 / B: ППК26127 / FM: ППК26127 | Q82: — | R82: (assigned on issue) | S82: P060452|I | T82: registered — first working day 7 days after the latest eCoA · initial certificate to locate: #9 (IJZ), #10 (CNP), #11 (CNP), #12 (CNP) | U82: n/a — initial certificate | V82: 12.39 | W82: ППК26127 | X82: 12.00 ± 1.20 (IV) | Y82: 10.80 – 13.19 % | Z82: FB_THC12 : CBD1 | AA82: QCSP_001_FB-IV_v.01 | AB82: for review — new
A83: =IF(OR(C83="yes",C83="allocated"),COUNT(A$1:A82)+1,"") | B83: =IF(A83<>"","CoQ-PP_26-"&TEXT(A83,"000"),"— at issue —") | C83: yes | D83: =IF(OR(A83="",C83="allocated"),"",MAX(E83,IF(ISNUMBER(I83),I83,0),IFERROR(IF(ISNUMBER(INDEX('iCoA Register'!$F:$F,MATCH(S83,'iCoA Register'!$AA:$AA,0))),INDEX('iCoA Register'!$F:$F,MATCH(S83,'iCoA Register'!$AA:$AA,0)),0),0))) | E83: =IF(ISNUMBER(F83),MAX(DATE(2026,6,6),F83+7),DATE(2026,6,6)) | F83: 46224 | G83: ППК26128 | H83: =IFERROR(INDEX('iCoA Register'!$B:$B,MATCH("P060462|I",'iCoA Register'!$AA:$AA,0)),"—") | I83: =IFERROR(INDEX('iCoA Register'!$D:$D,MATCH("P060462|I",'iCoA Register'!$AA:$AA,0)),"") | J83: post-SOP | K83: initial release | L83: GG032601 | M83: P060462 | N83: Gorilla Glue | O83: ППК26128, (21.07.2026) [CNP] | P83: A: ППК26128 / B: ППК26128 / FM: ППК26128 | Q83: — | R83: (assigned on issue) | S83: P060462|I | T83: registered — first working day 7 days after the latest eCoA · initial certificate to locate: #9 (IJZ), #10 (CNP), #11 (CNP), #12 (CNP) | U83: n/a — initial certificate | V83: 18.98 | W83: ППК26128 | X83: 18.00 ± 1.77 (I) | Y83: 16.23 – 19.76 % | Z83: GG_THC18 : CBD1 | AA83: QCSP_001_GG-I_v.01 | AB83: for review — replaces the issued QCSP_001_GG-I_v.01 (was GG_THC18 : CBD1, 17.01 – 18.99 %); now GG_THC18 : CBD1 16.23 – 19.76 %
